accession,source,sample_level_labelled,title,disease,manifestations,organism,material,study_design,comparative_design,single_cell,nf_association,germline_basis,n_samples,n_samples_metadata_fetched,n_samples_in_scope,n_nf_case_samples,n_control_samples,n_sporadic_samples_excluded,control_types,data_availability,sra_raw_reads,assay_type,platforms,release_date,pubmed_ids,superseries_of,subseries_of,counted_in_coverage,duplicate_of,confidence,evidence,notes,query_ids,url
GSE100181,GEO,True,Characterization of the human HSC1L cell line with knockout of NF1,NF1,Other,human,immortalized_cell_line,in_vitro_perturbation,False,False,engineered_nf_model,engineered_genotype,10,10,9,4,5,0,control_isogenic_engineered,processed_matrix_only,True,Expression profiling by high throughput sequencing,GPL16791,2025/03/24,40282329,,,True,,high,CRISPR/Cas9-mediated mutagenesis was used to target exon 10 of NF1...WT controls went through the CRISPR process,Immortalized Schwann cell line (HSC1L) with CRISPR NF1 KO vs isogenic WT control; no tumor/patient tissue.,nf1_gene_model,https://www.ncbi.nlm.nih.gov/geo/query/acc.cgi?acc=GSE100181
GSE102345,GEO,True,Whole tumor RNA-sequencing and deconvolution reveal a clinically-prognostic PTEN/PI3K-regulated glioma transcriptional signature,NF1,Optic pathway glioma,mouse,mouse_tissue,tumor_vs_normal,True,False,engineered_nf_model,engineered_genotype,67,67,67,35,7,0,control_isogenic_engineered,other_supplementary,True,Expression profiling by high throughput sequencing,GPL17021;GPL19057,2017/08/07,28881745,,,True,,high,preclinical mouse models of neurofibromatosis type 1 (NF1) optic glioma; germline Nf1 gene mutation,Engineered Nf1-floxed/GFAP-Cre/OLIG2-Cre mouse optic glioma models vs Nf1(flox/flox) optic nerve controls.,high_grade_glioma;nf1_disease;nf_generic;non_optic_lgg;optic_pathway_glioma,https://www.ncbi.nlm.nih.gov/geo/query/acc.cgi?acc=GSE102345
GSE108524,GEO,True,Targeting the cMET pathway augments radiation response without adverse effect on hearing in NF2 schwannoma models,NF2-SWN,Vestibular schwannoma,human,patient_tissue,tumor_vs_normal,True,False,mixed_nf_and_sporadic,per_sample_nf_status,31,31,21,17,4,10,control_unaffected_donor_normal,raw_array_files,False,Expression profiling by array,GPL17586,2018/06/26,29440379,,,True,,high,"seventeen human NF2-associated VSs, ten human sporadic VSs and four normal control vestibular nerves",Contains explicit NF2-associated VS arm (in scope) plus sporadic VS arm (out of scope) and normal nerve controls.,nf2_disease;nf_generic;schwannoma_any;vestibular_schwannoma,https://www.ncbi.nlm.nih.gov/geo/query/acc.cgi?acc=GSE108524
GSE115359,GEO,True,Gene expression changes in HEI-193 (NF2-deficient Schwannoma) cells by NF2-restoring or TEW7197 treatment.,NF2-SWN,Vestibular schwannoma,human,immortalized_cell_line,in_vitro_perturbation,False,False,nf_derived_cell_line,cell_line_provenance,4,4,4,1,1,0,control_isogenic_engineered,raw_array_files,False,Expression profiling by array,GPL16686,2018/06/06,30135214,,,True,,high,HEI-193 (NF2-deficient Schwannoma) cells; NF2-restoring or TEW7197 treatment; human vestibular schwannoma cells,HEI-193 is an NF2-patient-derived vestibular schwannoma line; NF2 transfection restores NF2 as isogenic control.,nf2_disease;nf_generic;schwannoma_any;vestibular_schwannoma,https://www.ncbi.nlm.nih.gov/geo/query/acc.cgi?acc=GSE115359
GSE116000,GEO,True,Establishment and characterization of CRISPR/Cas9-mediated Merlin/NF2 knockout human mesothelial cell line Met-5A,NF2-SWN,Other,human,ipsc_or_engineered,in_vitro_perturbation,False,False,engineered_nf_model,engineered_genotype,5,5,5,0,3,0,control_isogenic_engineered,raw_array_files,False,Expression profiling by array,GPL10332,2018/06/20,30417500;33298865,,,True,,high,CRISPR/Cas9-mediated Merlin/NF2 knockout human mesothelial cell line Met-5A; NF2-WT vs NF2-KO isogenic pairs,"Isogenic CRISPR NF2-KO vs WT/parental MeT-5A mesothelial cells; not patient-derived, no schwannoma/meningioma tissue",nf2_disease;nf2_gene_model,https://www.ncbi.nlm.nih.gov/geo/query/acc.cgi?acc=GSE116000
GSE117322,GEO,True,Identification of the role of polydom in neurofibromas,NF1,Cutaneous neurofibroma,human,patient_derived_primary_culture,in_vitro_perturbation,False,False,germline_nf_patient,stated_nf_cohort,6,6,6,0,3,0,control_isogenic_engineered,raw_array_files,True,Expression profiling by high throughput sequencing,GPL16791,2019/10/02,31570272,,,True,,high,Dermal neurofibromas in von Recklinghausen's disease (vRD); cells derived from the matrix of raised-type neurofibromas,"siRNA knockdown of polydom vs control siRNA in patient-derived neurofibroma-surrounding fibroblasts, triplicate.",cutaneous_neurofibroma;neurofibroma_any;nf1_disease,https://www.ncbi.nlm.nih.gov/geo/query/acc.cgi?acc=GSE117322
GSE117781,GEO,True,"Cellular origin, tumour progression and pathogenic mechanisms of cutaneous neurofibromas revealed by mice with Nf1 knockout in boundary cap cells",NF1,Cutaneous neurofibroma,mouse,mouse_tissue,xenograft_or_in_vivo_treatment,False,False,engineered_nf_model,engineered_genotype,12,12,12,6,6,0,control_isogenic_engineered,raw_array_files,True,Expression profiling by high throughput sequencing,GPL19057,2020/03/10,30348676,,,True,,high,conditional Nf1 inactivation in Prss56-positive boundary cap cells leads to bona fide pNFs and cNFs; genotype Nf1flox/- vs control,"Injured vs uninjured skin, Nf1-KO vs control mice; models cutaneous/plexiform neurofibroma development.",neurofibroma_any;nf1_gene_model,https://www.ncbi.nlm.nih.gov/geo/query/acc.cgi?acc=GSE117781
GSE118185,GEO,True,Differential expression in wild-type and mutant neurofibroma and MPNST cell lines,NF1,Plexiform neurofibroma;Malignant peripheral nerve sheath tumor (MPNST),human,immortalized_cell_line,in_vitro_perturbation,False,False,nf_derived_cell_line,cell_line_provenance,16,16,16,0,5,0,control_isogenic_engineered,raw_array_files,True,Expression profiling by high throughput sequencing,GPL16791,2019/03/03,30867289,,GSE118186,False,GSE118186,high,"ipNF05.5 neurofibroma cell line and 88-14 MPNST cell line, EZH1/EZH2/SUZ12 knockouts vs WT",ipNF05.5 (immortalized plexiform neurofibroma) and 88-14 (ST88-14) are established NF1 patient-derived lines; PRC2 subunit KO study,mpnst;neurofibroma_any,https://www.ncbi.nlm.nih.gov/geo/query/acc.cgi?acc=GSE118185
GSE118186,GEO,True,Neurofibroma,NF1,Plexiform neurofibroma;Malignant peripheral nerve sheath tumor (MPNST),human,immortalized_cell_line,in_vitro_perturbation,False,False,nf_derived_cell_line,cell_line_provenance,18,18,18,0,6,0,control_isogenic_engineered,raw_array_files,False,Genome binding/occupancy profiling by high throughput sequencing; Expression profiling by high throughput sequencing,GPL16791,2019/03/03,30867289,GSE118183;GSE118185,,True,,high,cell line: ipNF05.5 neurofibroma cell line; cell line: 88-14 MPNST cell line,ipNF05.5 (NF1 plexiform neurofibroma) and 88-14/ST88-14 (NF1 MPNST) patient-derived lines with PRC2 (EZH1/EZH2/SUZ12) KO vs WT ChIP/RNA-seq.,mpnst;neurofibroma_any,https://www.ncbi.nlm.nih.gov/geo/query/acc.cgi?acc=GSE118186
GSE120685,GEO,True,The Role of the RNA-binding protein HuR in MPNST growth and metastasis [RNA-seq],NF1,Malignant peripheral nerve sheath tumor (MPNST),human,immortalized_cell_line,in_vitro_perturbation,False,False,nf_derived_cell_line,cell_line_provenance,6,6,6,0,3,0,control_isogenic_engineered,raw_counts,True,Expression profiling by high throughput sequencing,GPL15456,2021/09/28,32315290,,GSE120687,False,GSE120687,high,cell type: NF1-derived MPNST; ST88-14 is a listed NF1 patient-derived MPNST line,"shHuR knockdown vs shCtrl in ST88-14, an NF1-patient-derived MPNST cell line",mpnst,https://www.ncbi.nlm.nih.gov/geo/query/acc.cgi?acc=GSE120685
GSE120687,GEO,True,The Role of the RNA-binding protein HuR in MPNST growth and metastasis,NF1,Cutaneous neurofibroma;Plexiform neurofibroma;Malignant peripheral nerve sheath tumor (MPNST),human,patient_tissue,subtype_or_grade_comparison,True,False,mixed_nf_and_sporadic,per_sample_nf_status,86,86,74,28,23,12,control_isogenic_engineered,raw_array_files,False,Expression profiling by high throughput sequencing; Genome binding/occupancy profiling by high throughput sequencing; Other,GPL10558;GPL15456;GPL16791,2021/09/28,32315290,GSE120684;GSE120685;GSE120686,,True,,medium,"cell type: dermal neurofibroma / plexiform neurofibroma / MPNST_NF1-derived vs MPNST_sporadic, HuR IP vs IgG IP","SuperSeries of HuR CLIP-seq across NF1-associated tissues (dermal/plexiform NF, NF1-derived MPNST) plus sporadic MPNST comparator; exact sample split uncertain from partial list.",cutaneous_neurofibroma;mpnst;neurofibroma_any;plexiform_neurofibroma,https://www.ncbi.nlm.nih.gov/geo/query/acc.cgi?acc=GSE120687
GSE122730,GEO,True,Cxcr3 expressing leukocytes are necessary for neurofibroma formation in mice,NF1,Plexiform neurofibroma,mouse,mouse_tissue,single_arm_profiling,False,True,engineered_nf_model,engineered_genotype,1,1,1,1,0,0,none,raw_array_files,True,Expression profiling by high throughput sequencing,GPL17021,2019/02/24,30728335,,,True,,high,scRNA-Seq data set collected from 2-month Dhh-Cre;Nf1 fl/fl nerve/DRG,Engineered Nf1 fl/fl mouse model of plexiform neurofibroma; single sample scRNA-seq profiling of nerve/DRG.,neurofibroma_any;nf1_disease;nf_generic;plexiform_neurofibroma,https://www.ncbi.nlm.nih.gov/geo/query/acc.cgi?acc=GSE122730
GSE122773,GEO,True,Runx1 and Runx3 cooperatively repress Pmp22 to drive neurofibromagenesis [microarray],NF1,Plexiform neurofibroma,human,mouse_derived_culture,subtype_or_grade_comparison,True,False,engineered_nf_model,engineered_genotype,7,7,7,7,0,0,none,raw_array_files,False,Expression profiling by array,GPL570,2019/05/01,31032403,,GSE122777,False,GSE122777,medium,Rx1fl/fl;Rx3fl/fl;Nf1fl/fl;DhhCre sphere numbers...neurofibroma like micro-lesions,GEO lists organism as Homo sapiens but samples are EGFR+/- Schwann cell stem cells from Nf1fl/fl;DhhCre mouse neurofibroma model,neurofibroma_any;nf1_disease;nf_generic,https://www.ncbi.nlm.nih.gov/geo/query/acc.cgi?acc=GSE122773
GSE122774,GEO,True,Runx1 and Runx3 cooperatively repress Pmp22 to drive neurofibromagenesis [RNA-seq],NF1,Plexiform neurofibroma,mouse,mouse_tissue,tumor_vs_normal,True,False,engineered_nf_model,engineered_genotype,6,6,3,3,0,0,none,raw_array_files,True,Expression profiling by high throughput sequencing,GPL17021,2019/05/01,31032403,,GSE122777,False,GSE122777,medium,Nf1fl/fl;DhhCre mouse nerve tissues vs Rx1fl/fl;Rx3fl/fl;DhhCre neurofibroma tumors; drive neurofibromagenesis,"Rx1/3 DKO tumors lack Nf1 mutation per genotype; Nf1-/- samples are DRG not overt tumor, but engineered NF1 model context justifies scope",neurofibroma_any;nf1_disease;nf_generic;pain,https://www.ncbi.nlm.nih.gov/geo/query/acc.cgi?acc=GSE122774
GSE122777,GEO,True,Runx1 and Runx3 cooperatively repress Pmp22 to drive neurofibromagenesis,NF1,Plexiform neurofibroma,human+mouse,mouse_tissue,other,False,False,engineered_nf_model,engineered_genotype,17,17,10,6,0,0,none,raw_array_files,False,Expression profiling by array; Expression profiling by high throughput sequencing; Genome binding/occupancy profiling by high throughput sequencing,GPL17021;GPL570,2019/05/01,31032403,GSE122773;GSE122774;GSE122775;GSE122776,,True,,high,genotype/variation: Nf1fl/fl;DhhCre ... Runx1/Runx3 double kockout neurofibroma tumors; Rx1flfl;Rx3fl/fl;DhhCre,"SuperSeries of engineered Nf1fl/fl;DhhCre mouse neurofibroma model with Runx1/3 double-KO comparators; expression, ChIP-seq, ATAC-seq across subseries.",neurofibroma_any;pain,https://www.ncbi.nlm.nih.gov/geo/query/acc.cgi?acc=GSE122777
GSE122999,GEO,True,Cxcr3 expressing leukocytes are necessary for neurofibroma formation in mice,NF1,Plexiform neurofibroma,mouse,mouse_tissue,subtype_or_grade_comparison,True,False,engineered_nf_model,engineered_genotype,23,23,13,6,7,0,control_isogenic_engineered,raw_array_files,False,Expression profiling by array,GPL25853,2018/11/28,30728335,,,True,,high,Nf1 fl/fl; DhhCre mouse models compared to EGFR/EGFR overexpression nerves; Cxcr3 deletion prevents neurofibroma,Nf1 fl/fl DhhCre engineered mouse neurofibroma model vs EGFR/EGFR non-progressing comparator; includes batch reference samples,neurofibroma_any;nf1_disease;nf_generic;plexiform_neurofibroma,https://www.ncbi.nlm.nih.gov/geo/query/acc.cgi?acc=GSE122999
GSE123044,GEO,True,Quantitative Analysis of Wild Type and Lztr1 +/- Transcriptomes in MEFs (murine embryonic fibroblasts),SWN,Other,mouse,mouse_derived_culture,in_vitro_perturbation,False,False,engineered_nf_model,engineered_genotype,6,6,6,3,3,0,control_isogenic_engineered,raw_array_files,True,Expression profiling by high throughput sequencing,GPL17021,2018/11/29,,,,True,,high,compare MEFs transcriptome profiling (RNA-seq) from Lztr1 +/+ and +/- mice,"Engineered Lztr1+/- MEFs vs WT MEFs, isogenic comparison; Lztr1 loss linked to schwannomatosis.",schwannomatosis,https://www.ncbi.nlm.nih.gov/geo/query/acc.cgi?acc=GSE123044
GSE125040,GEO,True,Zebrafish Samples for Loss of ATRX cooperates with p53-Deficiency to promote the Development of Sarcomas and other Malignancies,NF1,Malignant peripheral nerve sheath tumor (MPNST),zebrafish,mouse_tissue,in_vitro_perturbation,False,False,engineered_nf_model,engineered_genotype,10,10,10,3,0,0,none,raw_array_files,True,Expression profiling by high throughput sequencing,GPL20828,2019/02/15,30970016;32651197,,,True,,high,"p53/nf1-deficient zebrafish line that develops malignant peripheral nerve sheath tumors; all samples nf1b-/-, nf1a+/-","All samples are nf1-deficient zebrafish MPNSTs; comparison is atrx/suz12 status, not NF-vs-control per se; material field is tumor tissue not mouse.",mpnst;nf1_gene_model,https://www.ncbi.nlm.nih.gov/geo/query/acc.cgi?acc=GSE125040
GSE137152,GEO,True,Sustained fetal hematopoiesis causes juvenile death from leukemia: evidence from a dual-age-specific mouse model,NF1,Hematologic malignancies,mouse,mouse_tissue,tumor_vs_normal,True,False,engineered_nf_model,engineered_genotype,6,6,6,3,3,0,control_isogenic_engineered,raw_array_files,True,Expression profiling by high throughput sequencing,GPL21493,2020/06/25,32777070,,,True,,medium,JMML age specificity depends on dosage of Pten and Nf1; Nf1 LOH causes monocytosis in juvenile mice with Pten haploinsufficiency,Combined Pten/Nf1 engineered mouse model of JMML; Nf1 LOH is core to phenotype though Pten is co-driver,heme,https://www.ncbi.nlm.nih.gov/geo/query/acc.cgi?acc=GSE137152
GSE138344,GEO,True,The transcriptomic signature of painful and non-painful human NF2 schwannomas [set1],NF2-SWN,Non-vestibular schwannoma;Vestibular schwannoma;Pain,human,patient_tissue,subtype_or_grade_comparison,True,False,germline_nf_patient,stated_nf_cohort,11,11,11,11,0,0,none,raw_array_files,False,Expression profiling by high throughput sequencing,GPL18573,2020/05/01,34053190,,GSE138347,False,GSE138347,high,"painful, and non-painful schwannoma samples obtained from Neurofibromatosis type 2 (NF2) patients","Comparison of painful vs non-painful NF2 schwannomas; one sample site is vestibular, most non-vestibular; no normal control tissue.",cognition;nf2_disease;nf_generic;nonvestibular_schwannoma;pain;schwannoma_any,https://www.ncbi.nlm.nih.gov/geo/query/acc.cgi?acc=GSE138344
GSE138346,GEO,True,The transcriptomic signature of painful and non-painful human NF2 schwannomas [set2],NF2-SWN,Pain;Non-vestibular schwannoma,human,patient_tissue,subtype_or_grade_comparison,True,False,germline_nf_patient,stated_nf_cohort,7,7,7,7,0,0,none,raw_array_files,False,Expression profiling by high throughput sequencing,GPL18573,2020/05/01,34053190,,GSE138347,False,GSE138347,high,FFPE painful (n=4) and non-painful (n=3) peripheral human NF2-schwannomas from Neurofibromatosis type 2 patients,Non-vestibular (extracranial/spinal/skin) NF2 schwannomas compared by pain status; no normal controls,cognition;nf2_disease;nf_generic;nonvestibular_schwannoma;pain;schwannoma_any,https://www.ncbi.nlm.nih.gov/geo/query/acc.cgi?acc=GSE138346
GSE138347,GEO,True,The transcriptomic signature of painful and non-painful human NF2 schwannomas,NF2-SWN,Non-vestibular schwannoma;Vestibular schwannoma;Pain,human,patient_tissue,subtype_or_grade_comparison,True,False,germline_nf_patient,stated_nf_cohort,18,18,18,18,0,0,none,raw_array_files,False,Expression profiling by high throughput sequencing,GPL18573,2020/05/01,34053190,GSE138344;GSE138346,,True,,high,FFPE tumor tissue block from human NF2 patient; tissue: Neurofibromatosis II (NF2) tumor sample,Compares painful vs non-painful schwannomas from NF2 patients across two sample sets; multiple anatomic sites incl. one vestibular.,nf2_disease;nf_generic;pain;schwannoma_any,https://www.ncbi.nlm.nih.gov/geo/query/acc.cgi?acc=GSE138347
GSE14038,GEO,True,Integrative genomic analyses of neurofibromatosis tumors identify SOX9 as biomarker and survival gene,NF1,Plexiform neurofibroma;Cutaneous neurofibroma;Malignant peripheral nerve sheath tumor (MPNST),human,other,tumor_vs_normal,True,False,germline_nf_patient,stated_nf_cohort,86,86,76,66,10,1,control_unaffected_donor_normal,raw_array_files,False,Expression profiling by array,GPL7869,2009/07/15,20049725;23685747;24832557;38458648,,,True,,high,"NF1-derived primary benign neurofibroma Schwann cells, MPNST cell lines, benign neurofibromas and MPNST profiled vs normal human Schwann cells","Includes NF1 patient tumor tissue, patient-derived Schwann cell cultures, and NF1 MPNST cell lines (ST88-14, S462, T265) vs normal Schwann cell controls.",cutaneous_neurofibroma;mpnst;neurofibroma_any;nf1_disease;nf_generic;plexiform_neurofibroma,https://www.ncbi.nlm.nih.gov/geo/query/acc.cgi?acc=GSE14038
GSE141437,GEO,True,RNA-seq dataset for MPNST cell lines,NF1,Malignant peripheral nerve sheath tumor (MPNST),human,immortalized_cell_line,subtype_or_grade_comparison,True,False,mixed_nf_and_sporadic,cell_line_provenance,39,39,24,21,3,3,control_unaffected_donor_normal,raw_array_files,True,Expression profiling by high throughput sequencing,GPL20301,2021/06/28,34283254,,GSE141439,False,GSE141439,medium,"cell lines S462, T265, SNF96-2 match recognized NF1-patient-derived MPNST lines; other lines' NF status not stated","Dataset compares PRC2 mutant vs WT MPNST lines; only a subset are confirmed NF1-patient-derived cell lines, rest unconfirmed sporadic or unspecified origin.",mpnst,https://www.ncbi.nlm.nih.gov/geo/query/acc.cgi?acc=GSE141437
GSE141801,GEO,True,Contribution of mTOR and PTEN to Radioresistance in Sporadic and NF2-Associated Vestibular Schwannomas: A Microarray and Pathway Analysis.,NF2-SWN,Vestibular schwannoma,human,patient_tissue,subtype_or_grade_comparison,True,False,mixed_nf_and_sporadic,per_sample_nf_status,74,74,23,13,7,41,control_unaffected_donor_normal,raw_array_files,False,Expression profiling by array,GPL13667,2020/01/24,31936793,,,True,,high,"3 NF2-associated and 5 sporadic recurrent VS; 36 sporadic, 13 NF2-associated, 9 cystic non-irradiated; 7 post-mortem vestibular nerve controls","Per-sample vs type field distinguishes NF2-associated from sporadic/cystic VS; NF2 subset is in scope, sporadic/cystic are comparators.",cardiovascular;nf2_disease;nf_generic;schwannoma_any;vestibular_schwannoma,https://www.ncbi.nlm.nih.gov/geo/query/acc.cgi?acc=GSE141801
GSE144601,GEO,True,Human iPSC-derived neurons and cerebral organoids establish differential effects of germline NF1 gene mutations,NF1,Other,human,ipsc_or_engineered,in_vitro_perturbation,False,False,engineered_nf_model,engineered_genotype,12,12,12,8,4,0,control_isogenic_engineered,raw_counts,True,Expression profiling by high throughput sequencing,GPL21290,2020/03/03,32243842,,,True,,high,engineered isogenic iPSC lines with distinct germline NF1 patient mutations (1185+1G>A; 6513T>A) vs no-mutation control NPCs,"iPSC/NPC model of germline NF1 mutations; no specific clinical manifestation profiled, so 'Other'",nf1_disease;nf_generic,https://www.ncbi.nlm.nih.gov/geo/query/acc.cgi?acc=GSE144601
GSE145064,GEO,True,Targeting RABL6A-RB1 signaling suppresses malignant peripheral nerve sheath tumors,NF1,Plexiform neurofibroma;Malignant peripheral nerve sheath tumor (MPNST),human,patient_tissue,subtype_or_grade_comparison,True,False,germline_nf_patient,inferred,46,46,46,46,0,0,none,raw_array_files,True,Expression profiling by high throughput sequencing,GPL20301,2020/02/11,32086342,,,True,,medium,patient-matched MPNSTs and precursor lesions; per-sample disease state 'Plexiform Neurofibroma' vs 'MPNST' in same patients,"No explicit 'NF1' statement, but PNF precursor-to-MPNST design in matched patients is the canonical NF1 progression pattern; NF1 status not confirmed per-patient in shown text.",mpnst;neurofibroma_any;plexiform_neurofibroma,https://www.ncbi.nlm.nih.gov/geo/query/acc.cgi?acc=GSE145064
GSE147360,GEO,True,Single-cell bottlenecks and dead-ends during glioma premalignancy,NF1,High grade glioma,mouse,mouse_tissue,single_arm_profiling,False,True,engineered_nf_model,engineered_genotype,240,240,240,224,16,0,control_isogenic_engineered,other_supplementary,True,Expression profiling by high throughput sequencing,GPL13112;GPL19057,2021/01/05,33531372,,,True,,high,genetically engineered mouse model that combines inducible Nf1-Trp53 loss with lineage tracing...early gliomagenesis in oligodendrocyte precursor cells,"10-cell/pooled LCM RNA-seq of Nf1-/-;Trp53-/- OPCs at multiple timepoints; pool-and-split are technical controls, not tumor-free biological controls",nf1_gene_model,https://www.ncbi.nlm.nih.gov/geo/query/acc.cgi?acc=GSE147360
GSE1482,GEO,True,Murine Neurofibromatosis,NF1,Cognition / Behavioral / Learning,mouse,mouse_tissue,other,False,False,engineered_nf_model,engineered_genotype,30,30,30,15,15,0,control_isogenic_engineered,raw_array_files,False,Expression profiling by array,GPL81,2004/06/17,,,,True,,high,mice heterozygous for the Nf1 gene (NF+/-) ... develop learning and memory difficulties ... do not develop tumors,"Nf1+/- vs control hippocampus, developmental time course, tumor-free cognitive deficit model",cognition;neurofibroma_any;nf1_disease;nf_generic,https://www.ncbi.nlm.nih.gov/geo/query/acc.cgi?acc=GSE1482
GSE148249,GEO,True,Cdkn2a loss in a model of neurofibroma demonstrates stepwise tumor progression to atypical neurofibroma and MPNST,NF1,Plexiform neurofibroma;ANNUBP / atypical neurofibroma;Malignant peripheral nerve sheath tumor (MPNST),mouse,mouse_tissue,subtype_or_grade_comparison,True,False,engineered_nf_model,engineered_genotype,20,20,20,20,0,0,none,raw_counts,True,Expression profiling by high throughput sequencing,GPL17021,2020/12/23,,,,True,,high,Nf1fl/fl; DhhCre Neurofibroma; Ink4a/Arf+/-; Nf1fl/fl; DhhCre Paraspinal tumor/GEM-PNST,Engineered Nf1-deficient Schwann cell mouse model with stepwise Ink4a/Arf loss; no explicit normal control samples listed,annubp;mpnst;neurofibroma_any;nf1_disease;nf_generic;pain,https://www.ncbi.nlm.nih.gov/geo/query/acc.cgi?acc=GSE148249
GSE149946,GEO,True,"Temporal, spatial, and genetic constraints contribute to the patterning and penetrance of murine Neurofibromatosis-1 optic glioma",NF1,Optic pathway glioma,mouse,mouse_derived_culture,in_vitro_perturbation,False,False,engineered_nf_model,engineered_genotype,9,9,9,7,0,0,none,raw_counts,True,Expression profiling by high throughput sequencing,GPL21493,2021/04/21,33080011,,,True,,high,impact of different germline Nf1 mutations on TVZ NPC properties was analyzed using genetically engineered mice,FACS-sorted NPCs from Nf1-mutant mice studying optic glioma patterning/penetrance,nf1_disease;nf_generic;optic_pathway_glioma,https://www.ncbi.nlm.nih.gov/geo/query/acc.cgi?acc=GSE149946
GSE152752,GEO,True,Comparison of CGD transgene-expressing and non-expressing tumor cells from a MPNST allograft model,NF1,Malignant peripheral nerve sheath tumor (MPNST),mouse,mouse_derived_culture,in_vitro_perturbation,False,False,engineered_nf_model,engineered_genotype,10,10,10,10,0,0,none,raw_array_files,True,Expression profiling by high throughput sequencing,GPL21103,2021/01/31,,,,True,,high,induce Trp53 and Nf1 gene recombination in the cells of dorsal root ganglia and boundary cap...MPNST allograft model,"Engineered Nf1/Trp53 recombined mouse MPNST allograft; GFP+/- sorted tumor cell comparison, no separate normal control.",mpnst,https://www.ncbi.nlm.nih.gov/geo/query/acc.cgi?acc=GSE152752
GSE156391,GEO,True,RNA sequence between miR-155KONf1KO and Nf1KO,NF1,Plexiform neurofibroma,mouse,mouse_tissue,in_vitro_perturbation,False,False,engineered_nf_model,engineered_genotype,6,6,6,3,0,0,none,raw_counts,True,Expression profiling by high throughput sequencing,GPL21493,2021/08/15,,,,True,,high,"Nf1fl/fl; DhhCre Neurofibroma tumor, Mir-155 KO vs Nf1 -/- tumor groups",Engineered Nf1fl/fl;DhhCre neurofibroma model comparing miR-155 KO to Nf1KO alone,neurofibroma_any,https://www.ncbi.nlm.nih.gov/geo/query/acc.cgi?acc=GSE156391
GSE156819,GEO,True,Brd4-bound enhancers drive cell intrinsic sex differences in glioblastoma [RNA-Seq],NF1,High grade glioma,mouse,mouse_derived_culture,in_vitro_perturbation,False,False,engineered_nf_model,engineered_genotype,24,24,24,12,0,0,none,raw_counts,True,Expression profiling by high throughput sequencing,GPL17021,2020/08/26,,,GSE156821,False,GSE156821,high,genotype: null for Nf1 and p53; mouse glioblastoma astrocytes treated with DMSO/JQ1/CPI,"Nf1;p53-null mouse astrocyte GBM model, BET inhibitor perturbation study, no non-NF comparator",nf1_gene_model,https://www.ncbi.nlm.nih.gov/geo/query/acc.cgi?acc=GSE156819
GSE156821,GEO,True,Brd4-bound enhancers drive cell intrinsic sex differences in glioblastoma,NF1,High grade glioma,mouse,mouse_derived_culture,in_vitro_perturbation,False,False,engineered_nf_model,engineered_genotype,80,80,80,0,40,0,control_isogenic_engineered,raw_array_files,False,Expression profiling by high throughput sequencing; Genome binding/occupancy profiling by high throughput sequencing,GPL17021;GPL19057,2020/08/25,,GSE156678;GSE156819;GSE156820,,True,,medium,"genotype: null for Nf1 and p53; Male/Female GBM astrocytes, Brd4 vs WT transfection",Engineered Nf1;p53-null mouse GBM astrocyte model studying Brd4-driven sex differences; not a patient NF1 sample.,nf1_gene_model,https://www.ncbi.nlm.nih.gov/geo/query/acc.cgi?acc=GSE156821
GSE157677,GEO,True,Analysis of the transcriptomic profile of WT mouse embryonic fibroblast (MEF WT) and Nf2-knockout mouse embryonic fibroblast (MEF Nf2 KO) cell lines,NF2-SWN,Other,mouse,mouse_derived_culture,in_vitro_perturbation,False,False,engineered_nf_model,engineered_genotype,6,6,6,3,3,0,control_isogenic_engineered,other_supplementary,True,Expression profiling by high throughput sequencing,GPL21103,2021/04/14,33410252,,,True,,high,Nf2-knockout mouse embryonic fibroblast (MEF Nf2 KO) vs WT MEF; genotype: Nf2 KO,"Engineered Nf2-KO MEFs used to study Merlin loss/redox biology; applied as breast cancer model, not NF-patient tissue.",nf2_disease;nf2_gene_model,https://www.ncbi.nlm.nih.gov/geo/query/acc.cgi?acc=GSE157677
GSE159021,GEO,True,Neurofibromin (Nf1) controls metabolic balance and Notch-dependent quiescence of murine juvenile myogenic progenitors [RNA-seq],NF1,Other,mouse,mouse_derived_culture,in_vitro_perturbation,False,False,engineered_nf_model,engineered_genotype,4,4,4,2,2,0,control_isogenic_engineered,raw_array_files,True,Expression profiling by high throughput sequencing,GPL21103,2021/09/25,38360927,,GSE159026,False,GSE159026,high,Nf1flox/flox Myf5Cre+ (KO) vs Nf1flox/+ Myf5Cre+ (Control) juvenile satellite cells,"Conditional Nf1 KO mouse model of myogenic progenitors; not a listed disease manifestation, muscle progenitor biology only",bone,https://www.ncbi.nlm.nih.gov/geo/query/acc.cgi?acc=GSE159021
GSE159026,GEO,True,Neurofibromin (Nf1) controls metabolic balance and Notch-dependent quiescence of murine juvenile myogenic progenitors,NF1,Other,mouse,mouse_derived_culture,in_vitro_perturbation,False,False,engineered_nf_model,engineered_genotype,20,20,3,2,1,0,control_isogenic_engineered,raw_array_files,False,Expression profiling by high throughput sequencing; Genome binding/occupancy profiling by high throughput sequencing; Methylation profiling by high throughput sequencing,GPL21103,2021/09/25,38360927,GSE159021;GSE159022;GSE159025,,True,,high,Nf1flox/floxMyf5Cre+ (KO) vs Nf1flox/+ Myf5Cre+ (Control) juvenile satellite cells,"Conditional Nf1 knockout in muscle progenitors; RNA-seq/ChIP-seq/MeDIP-seq; not a canonical NF manifestation, so 'Other'",bone,https://www.ncbi.nlm.nih.gov/geo/query/acc.cgi?acc=GSE159026
GSE159896,GEO,True,Repurposing FDA-approved drugs for the treatment of malignant peripheral nerve sheath tumors,NF1,Malignant peripheral nerve sheath tumor (MPNST),human,immortalized_cell_line,in_vitro_perturbation,False,False,mixed_nf_and_sporadic,cell_line_provenance,20,20,6,2,2,10,control_unaffected_donor_normal,raw_counts,True,Expression profiling by high throughput sequencing,GPL24676,2023/10/21,,,,True,,high,"cell type: NF1 MPNST cells (ST88-14); compared against sporadic MPNST (STS-26T), glioblastoma (T98G), and normal Schwann cells",ST88-14 is NF1-patient-derived MPNST line; STS-26T sporadic MPNST and T98G glioblastoma are out-of-scope comparators within same series,mpnst,https://www.ncbi.nlm.nih.gov/geo/query/acc.cgi?acc=GSE159896
GSE161823,GEO,True,Transcriptomic analysis of Pot1a/b knockout in a native mouse model of glioma,NF1,High grade glioma,mouse,mouse_tissue,other,False,False,engineered_nf_model,engineered_genotype,26,26,26,12,0,0,none,raw_counts,True,Expression profiling by high throughput sequencing,GPL21626,2021/01/31,33782098,,,True,,high,"embryonic CRISPR/Cas9 knockout of Trp53, Nf1, and Pten; C5 model adds Pot1a/b knockout",All samples are Nf1-null GEMM glioma tumors (C3 baseline vs C5 with added Pot1a/b KO); sex compared.,nf1_gene_model,https://www.ncbi.nlm.nih.gov/geo/query/acc.cgi?acc=GSE161823
GSE163028,GEO,True,Human Neurofibroma Matrisome Revealed by Single Cell RNA Sequencing,NF1,Cutaneous neurofibroma,human,patient_tissue,single_arm_profiling,False,True,germline_nf_patient,stated_nf_cohort,3,3,3,3,0,0,none,raw_array_files,True,Expression profiling by high throughput sequencing,GPL18573,2021/01/15,33413690,,,True,,high,fresh human cutaneous neurofibroma cells isolated from skin; cNF collagen profiling,"scRNA-seq of cutaneous neurofibroma (cNF), no non-NF controls; single-arm profiling of NF1-associated cNF tissue.",cutaneous_neurofibroma;neurofibroma_any,https://www.ncbi.nlm.nih.gov/geo/query/acc.cgi?acc=GSE163028
GSE163071,GEO,True,NF1 mutation drives neuronal activity-dependent optic glioma initiation,NF1,Optic pathway glioma,human,patient_tissue,subtype_or_grade_comparison,True,False,mixed_nf_and_sporadic,per_sample_nf_status,44,44,22,13,9,22,control_unaffected_donor_normal,raw_counts,True,Expression profiling by high throughput sequencing,GPL24676,2021/03/30,34040258,,,True,,medium,"per-sample field 'nf1: Yes' marks NF1-associated pilocytic astrocytomas; title 'NF1 mutation drives...optic glioma initiation'; design includes NF1-associated PA, sporadic PA, non-neoplastic brain",Per-sample nf1 status distinguishes germline NF1-associated PA from sporadic PA/GBM; only NF1-positive tumor samples are in scope.,non_optic_lgg;optic_pathway_glioma,https://www.ncbi.nlm.nih.gov/geo/query/acc.cgi?acc=GSE163071
GSE165826,GEO,True,Stem-like cells drive NF1-associated MPNST functional heterogeneity and tumor progression,NF1,ANNUBP / atypical neurofibroma,human,patient_tissue,single_arm_profiling,False,True,germline_nf_patient,stated_nf_cohort,1,1,1,1,0,0,none,raw_array_files,True,Expression profiling by high throughput sequencing,GPL18573,2021/04/07,34010628,,,True,,high,single cell sequencing data from a rare NF1-associated MPNST precursors called atypical neurofibromatosis neoplasms of uncertain biologic potential (ANNUBP),"Single human ANNUBP sample, precursor lesion tied to NF1; no explicit normal control included.",annubp;mpnst;neurofibroma_any;nf_generic;pain,https://www.ncbi.nlm.nih.gov/geo/query/acc.cgi?acc=GSE165826
GSE166080,GEO,True,Patient-derived iPSC-cerebral organoid modeling of the 17q11.2 microdeletion syndrome establishes CRLF3 as a critical regulator of neurogenesis,NF1,Cognition / Behavioral / Learning,human,ipsc_or_engineered,in_vitro_perturbation,False,False,germline_nf_patient,per_sample_nf_status,21,21,21,12,6,0,control_isogenic_engineered;control_unaffected_donor_normal,raw_counts,True,Expression profiling by high throughput sequencing,GPL21290,2021/06/07,34233200,,,True,,high,17q11.2 microdeletion involving NF1 gene occurs in a subset of NF1 patients with developmental delay; iPSC-organoids from NF1-TGD patients vs non-deletion lines,hiPSC-NPCs from NF1 patients with 17q11.2 (NF1-TGD) deletions vs non-deletion iPSC lines; includes CRLF3 knockdown arm as mechanistic perturbation.,cognition;nf1_disease;nf_generic,https://www.ncbi.nlm.nih.gov/geo/query/acc.cgi?acc=GSE166080
GSE166551,GEO,True,Dissecting systemic risk factors for NF1 optic glioma formation and growth in mice.,NF1,Optic pathway glioma,mouse,mouse_derived_culture,in_vitro_perturbation,False,False,engineered_nf_model,engineered_genotype,10,10,10,5,0,0,none,raw_counts,True,Expression profiling by high throughput sequencing,GPL21493,2021/11/18,34880260,,,True,,high,Spleen CD3+ T cells from Nf1OPG mice treated with PBS (control) and OVA (asthma induction),Engineered Nf1 optic glioma (Nf1OPG) mouse model; T cells profiled to study systemic asthma effect on OPG risk.,optic_pathway_glioma,https://www.ncbi.nlm.nih.gov/geo/query/acc.cgi?acc=GSE166551
GSE172221,GEO,True,A genetic mouse model of malignant peripheral nerve sheath tumor with postnatal Nf1 and p53 loss recapitulates the histology and transcriptome of human tumors,NF1,Malignant peripheral nerve sheath tumor (MPNST);Plexiform neurofibroma;Cutaneous neurofibroma,human+mouse,other,subtype_or_grade_comparison,True,False,mixed_nf_and_sporadic,engineered_genotype,44,44,22,22,0,0,none,raw_array_files,True,Expression profiling by high throughput sequencing,GPL24247;GPL24676,2024/03/24,34647023,,,True,,medium,"postnatal deletion of a Nf1;Trp53 cis-conditional allele...compare these models and with human MPNST, plexiform neurofibromas (PNF), and neurofibromas (NF)","Mouse arms are clearly engineered Nf1-loss MPNST models (in scope); human MPNST/PNF/NF samples lack stated per-sample germline NF1 status, so their NF association is unconfirmed.",mpnst;neurofibroma_any;nf1_gene_model,https://www.ncbi.nlm.nih.gov/geo/query/acc.cgi?acc=GSE172221
GSE173577,GEO,True,Combined CDK inhibition overcomes MEK inhibitor resistance in plexiform neurofibroma of neurofibromatosis type I,NF1,Plexiform neurofibroma,human,immortalized_cell_line,in_vitro_perturbation,False,False,nf_derived_cell_line,cell_line_provenance,12,12,12,6,0,0,none,other_supplementary,True,Expression profiling by high throughput sequencing,GPL16791,2022/05/01,,,,True,,high,"human NF1-deficient PNF cell lines; ipNF05.5 and ipNF9511.bc, TAK-733 resistant vs non-resistant",Both arms are same NF1 patient-derived PNF lines (resistant vs parental non-resistant); no separate healthy control.,neurofibroma_any;nf1_disease;nf_generic;plexiform_neurofibroma,https://www.ncbi.nlm.nih.gov/geo/query/acc.cgi?acc=GSE173577
GSE174100,GEO,True,Comprehensive evaluation of MEK inhibitors for malignant peripheral nerve sheath tumors reveals differences in efficacy and drug resistance development,NF1,Malignant peripheral nerve sheath tumor (MPNST),human,immortalized_cell_line,in_vitro_perturbation,False,False,nf_derived_cell_line,cell_line_provenance,12,12,12,3,0,0,none,other_supplementary,True,Expression profiling by high throughput sequencing,GPL10999,2022/07/26,35965583,,,True,,medium,"Samples derived from MPNST_S462 cell line, a known NF1-patient-derived MPNST line, treated with MEK inhibitors to derive resistant sublines",Record itself does not state NF1 status; scope based on S462 line provenance.,mpnst,https://www.ncbi.nlm.nih.gov/geo/query/acc.cgi?acc=GSE174100
GSE174389,GEO,True,Next generation sequencing of mRNA in control human schwannoma cells (HEI-193) and human schwannoma cells exposed to electromagnetic field (EMF),NF2-SWN,Vestibular schwannoma,human,immortalized_cell_line,in_vitro_perturbation,False,False,nf_derived_cell_line,cell_line_provenance,4,4,4,2,0,0,none,raw_counts,True,Expression profiling by high throughput sequencing,GPL21697,2021/07/28,,,,True,,high,HEI-193 human vestibular schwannoma cell line exposed to EMF vs untreated control,"HEI-193 is an NF2-patient-derived vestibular schwannoma line; both arms (EMF, Ctrl) are the same NF-derived cells, no non-NF comparator",schwannoma_any;vestibular_schwannoma,https://www.ncbi.nlm.nih.gov/geo/query/acc.cgi?acc=GSE174389
GSE178989,GEO,True,Transcriptional programs dictating Schwann cell transformation in MPNST [bulk RNA-seq],NF1,Other;Malignant peripheral nerve sheath tumor (MPNST),human,patient_tissue,subtype_or_grade_comparison,True,False,mixed_nf_and_sporadic,per_sample_nf_status,17,17,8,8,0,0,none,raw_counts,True,Expression profiling by high throughput sequencing,GPL23227,2022/11/07,36322658,,GSE179043,False,GSE179043,medium,Sample IDs 'NF1-6..16' with tumor type 'benign NF'; MPNST samples 'MPNST-2..12' lack NF1 attribution in record,"Bulk RNA-seq subseries (8 NF, 9 MPNST) of larger MPNST progression study; NF1 status per-sample only clear for benign NF group",mpnst;neurofibroma_any;nf1_gene_model,https://www.ncbi.nlm.nih.gov/geo/query/acc.cgi?acc=GSE178989
GSE179033,GEO,True,Transcriptional programs dictating Schwann cell transformation in MPNST [10X scRNA-seq],NF1,Plexiform neurofibroma;Malignant peripheral nerve sheath tumor (MPNST),human,patient_tissue,subtype_or_grade_comparison,True,True,germline_nf_patient,inferred,14,14,14,14,0,0,none,raw_array_files,True,Expression profiling by high throughput sequencing,GPL24676,2022/11/07,36322658,,GSE179043,False,GSE179043,medium,"10 neurofibromas and 4 MPNSTs profiled; plexiform neurofibroma is an NF1-defining tumor, studied alongside mouse Nf1-deficient MPNST models","No explicit per-sample NF1 patient status stated; plexiform neurofibroma tissue type is strongly NF1-associated, MPNST could be sporadic in principle",mpnst;neurofibroma_any;nf1_gene_model;plexiform_neurofibroma,https://www.ncbi.nlm.nih.gov/geo/query/acc.cgi?acc=GSE179033
GSE179041,GEO,True,Transcriptional programs dictating Schwann cell transformation in MPNST [Dropseq scRNAseq],NF1,Malignant peripheral nerve sheath tumor (MPNST),mouse,mouse_tissue,subtype_or_grade_comparison,True,True,mixed_nf_and_sporadic,per_sample_nf_status,16,16,3,1,0,0,none,raw_array_files,True,Expression profiling by high throughput sequencing,GPL19057,2022/11/07,36322658,,GSE179043,False,GSE179043,medium,"strain: Nf1fl/fl;Dhh-Cre; strain: Nf1fl/fl;P53fl/fl;Eed fl/fl;Dhh-Cre (NPE) sciatic nerve tumors among 16 samples, remaining 13 are Lats1/2-def tumors",13/16 samples are Lats1/2-deficient MPNST model (non-NF); only 3 samples use engineered Nf1fl/fl genotype,mpnst;neurofibroma_any;nf1_gene_model,https://www.ncbi.nlm.nih.gov/geo/query/acc.cgi?acc=GSE179041
GSE179043,GEO,True,Transcriptional programs dictating Schwann cell transformation in MPNST,NF1,Plexiform neurofibroma;Malignant peripheral nerve sheath tumor (MPNST),human+mouse,patient_tissue,subtype_or_grade_comparison,True,False,germline_nf_patient,per_sample_nf_status,50,50,36,36,0,14,none,raw_array_files,False,Genome binding/occupancy profiling by high throughput sequencing; Expression profiling by high throughput sequencing,GPL19057;GPL23227;GPL24247;GPL24676,2022/11/07,36322658,GSE178988;GSE178989;GSE179033;GSE179041,,True,,medium,tumor type: benign NF / tumor type: MPNST; plexiform neurofibroma samples listed per patient,"Human NF1 patient benign NF, plexiform NF, and MPNST tumors; one Lats1/2-deficient mouse MPNST model sample included",mpnst;neurofibroma_any;plexiform_neurofibroma,https://www.ncbi.nlm.nih.gov/geo/query/acc.cgi?acc=GSE179043
GSE180338,GEO,True,Treatment of Novel Patient-Derived Xenograft and Cell Line Models with PI3K/AKT/mTOR Inhibitors Revealed Treatment Response Heterogeneity in NF2-Associated Schwannoma,NF2-SWN,Vestibular schwannoma;Non-vestibular schwannoma,human,other,other,False,False,germline_nf_patient,per_sample_nf_status,9,9,9,9,0,0,none,processed_matrix_only,True,Expression profiling by high throughput sequencing,GPL11154,2022/04/04,,,,True,,high,"9 NF2-associated schwannoma samples: 3 primary tumours, 3 PDX, 3 cell lines; each sample lists an NF2 germline mutation (e.g. NF2:c.169 C>T, LOH)",Model characterization (tissue/PDX/cell line) of patient-derived NF2 schwannoma; no normal tissue controls included,nf2_disease;nf_generic;schwannoma_any,https://www.ncbi.nlm.nih.gov/geo/query/acc.cgi?acc=GSE180338
GSE181985,GEO,True,Multiple Nf1 Schwann cell populations reprogram the plexiform neurofibroma tumor microenvironment,NF1,Plexiform neurofibroma,human+mouse,mouse_tissue,tumor_vs_normal,True,True,mixed_nf_and_sporadic,engineered_genotype,31,31,31,29,2,0,control_isogenic_engineered,raw_array_files,True,Expression profiling by high throughput sequencing,GPL17021;GPL18573,2022/11/23,36134665;40992926,,,True,,high,affected individuals develop plexiform neurofibroma (PN)... driven by NF1 loss in Schwann cells; mouse: Dhh-Cre;Nf1fl/fl paraspinal tumors vs Nf1fl/fl DhhCre- DRG,Human PN tumors are patient-derived (NF1 disease context) with no engineered control; mouse arm has isogenic Cre- controls.,neurofibroma_any;nf1_disease;nf_generic;pain;plexiform_neurofibroma,https://www.ncbi.nlm.nih.gov/geo/query/acc.cgi?acc=GSE181985
GSE181986,GEO,True,RNA-seq data on Wild type mouse and DhhCre;Nf1fl/fl natural history,NF1,Plexiform neurofibroma,mouse,mouse_tissue,subtype_or_grade_comparison,True,False,engineered_nf_model,engineered_genotype,14,14,14,11,3,0,control_isogenic_engineered,raw_counts,True,Expression profiling by high throughput sequencing,GPL17021,2022/11/23,36134665,,,True,,high,DhhCre;Nf1fl/fl natural history; tumor samples labeled 'Neurofibroma' with slow vs fast growth vs Nf1fl/fl DRG,Schwann-cell-specific Nf1 knockout (Dhh-Cre) classic plexiform neurofibroma model; DRG from Nf1fl/fl (no Cre) as control.,neurofibroma_any,https://www.ncbi.nlm.nih.gov/geo/query/acc.cgi?acc=GSE181986
GSE183307,GEO,True,Loss of PRC2 enforces a mesenchymal neural crest stem cell phenotype in NF1-deficient cancer through activation of core transcription factors [RNA-seq],NF1,Malignant peripheral nerve sheath tumor (MPNST),human,immortalized_cell_line,in_vitro_perturbation,False,False,nf_derived_cell_line,cell_line_provenance,28,28,28,14,0,0,none,raw_counts,True,Expression profiling by high throughput sequencing,GPL20301,2022/09/20,36130486,,GSE183309,False,GSE183309,high,MPNST...arises from NF1-deficient Schwann cells; T265 and ST88-14 are known NF1-patient-derived MPNST lines,"Bulk RNA-seq subseries; T265/ST88-14/PT2002 NF1-deficient MPNST lines with PRC2 restoration, FOXC1 KO, MEKi perturbations",mpnst;nf1_gene_model,https://www.ncbi.nlm.nih.gov/geo/query/acc.cgi?acc=GSE183307
GSE183309,GEO,True,Loss of PRC2 enforces a mesenchymal neural crest stem cell phenotype in NF1-deficient cancer through activation of core transcription factors,NF1,Malignant peripheral nerve sheath tumor (MPNST),human,immortalized_cell_line,in_vitro_perturbation,False,False,nf_derived_cell_line,cell_line_provenance,95,95,90,47,5,0,control_isogenic_engineered,raw_array_files,False,Expression profiling by high throughput sequencing; Genome binding/occupancy profiling by high throughput sequencing,GPL18573;GPL20301;GPL21697,2022/09/20,36130486,GSE183305;GSE183306;GSE183307;GSE183308;GSE202671,,True,,high,"T265, ST88-14 cell lines listed as MPNST with Dox-inducible SUZ12-ORF; T265/ST88-14 are known NF1 patient-derived MPNST lines","SuperSeries of PRC2/SUZ12 restoration ChIP-seq and ATAC-seq/RNA-seq in NF1 patient-derived MPNST cell lines (T265, ST88-14, PT2002)",mpnst;nf1_gene_model,https://www.ncbi.nlm.nih.gov/geo/query/acc.cgi?acc=GSE183309
GSE184181,GEO,True,Immune deconvolution and temporal mapping identifies stromal targets and developmental intervals for abrogating murine low-grade optic glioma formation,NF1,Optic pathway glioma,mouse,mouse_tissue,single_arm_profiling,False,True,engineered_nf_model,engineered_genotype,1,1,1,1,0,0,none,raw_array_files,True,Expression profiling by high throughput sequencing,GPL19057,2022/09/10,35187488,,,True,,high,single cell RNA sequencing of Nf1OPG mouse optic nerve to define stromal cell composition during Nf1-OPG evolution,"8 male 12wk Nf1-OPG mice pooled for scRNAseq of optic nerve; engineered Nf1 mutant model, no control sample in this record",optic_pathway_glioma,https://www.ncbi.nlm.nih.gov/geo/query/acc.cgi?acc=GSE184181
GSE18444,GEO,True,Genome-wide transcriptional profiling of NF1-haploinsufficiency in human: Coriell kindred,NF1,Other,human,immortalized_cell_line,tumor_vs_normal,True,False,germline_nf_patient,per_sample_nf_status,18,18,18,9,9,0,control_unaffected_donor_normal,raw_array_files,False,Expression profiling by array,GPL2507,2009/11/30,20307317,,GSE18448,False,GSE18448,high,LCLs from NF1-affected individuals was compared to total RNA from LCLs of NF1-unaffected controls; per-sample 'nf1-affectation status: Affected/Unaffected',"Lymphoblastoid cell lines from Coriell NF1 kindred; non-tumor somatic cells, no specific manifestation profiled",nf1_disease;nf_generic,https://www.ncbi.nlm.nih.gov/geo/query/acc.cgi?acc=GSE18444
GSE18445,GEO,True,Genome-wide transcriptional profiling of NF1-haploinsufficiency in human: ECACC kindred,NF1,Other,human,immortalized_cell_line,other,False,False,germline_nf_patient,per_sample_nf_status,6,6,6,3,3,0,control_unaffected_donor_normal,raw_array_files,False,Expression profiling by array,GPL2507,2009/11/30,20307317,,GSE18448,False,GSE18448,high,LCLs from NF1-affected individuals compared to LCLs of NF1-unaffected controls; nf1-affectation status: Affected/Unaffected per sample,"Kindred-based LCL comparison, non-tumor somatic cells, per-sample affectation status given",nf1_disease;nf_generic,https://www.ncbi.nlm.nih.gov/geo/query/acc.cgi?acc=GSE18445
GSE18447,GEO,True,Genome-wide transcriptional profiling of Nf1-haploinsufficiency in mouse,NF1,Other,mouse,mouse_tissue,other,False,False,engineered_nf_model,engineered_genotype,12,12,12,6,6,0,control_isogenic_engineered,processed_matrix_only,False,Expression profiling by array,GPL6333,2009/11/30,20307317,,GSE18448,False,GSE18448,high,spleen-derived B-cells from age- and gender-matched Nf1+/- and wild-type mice,Non-tumor tissue profiling in engineered Nf1+/- vs wild-type mice; no tumor manifestation studied.,nf1_disease;nf_generic,https://www.ncbi.nlm.nih.gov/geo/query/acc.cgi?acc=GSE18447
GSE18448,GEO,True,Genome-wide transcriptional profiling of Nf1-haploinsufficiency,NF1,Other,human+mouse,patient_derived_primary_culture,in_vitro_perturbation,False,False,mixed_nf_and_sporadic,per_sample_nf_status,36,36,36,18,18,0,control_isogenic_engineered;control_unaffected_donor_normal,raw_array_files,False,Expression profiling by array,GPL2507;GPL6333,2009/11/30,20307317,GSE18444;GSE18445;GSE18447,,True,,high,nf1-affectation status: Affected; lymphoblastoid cells from Coriell/ECACC NF1 patients; Nf1+/- heterozygote mouse spleen B-cells,"Human LCLs from NF1 patients (affected/unaffected relatives) plus Nf1+/- mouse B-cells; germline NF1 heterozygosity, not tumor tissue.",nf1_disease;nf_generic,https://www.ncbi.nlm.nih.gov/geo/query/acc.cgi?acc=GSE18448
GSE186107,GEO,True,Gene expression changes in HEI-193 (NF2-deficient Schwannoma) cells by Nf18001 or TEW7197 treatment.,NF2-SWN,Vestibular schwannoma,human,immortalized_cell_line,in_vitro_perturbation,False,False,nf_derived_cell_line,cell_line_provenance,6,6,6,1,0,0,none,raw_array_files,False,Expression profiling by array,GPL16686,2021/10/22,,,,True,,high,HEI-193 (NF2-deficient Schwannoma) cells; human vestibular schwannoma cells,HEI-193 is NF2-patient-derived vestibular schwannoma cell line; drug treatment vs untreated control.,mpnst;nf2_disease;nf_generic;nonvestibular_schwannoma;schwannoma_any;vestibular_schwannoma,https://www.ncbi.nlm.nih.gov/geo/query/acc.cgi?acc=GSE186107
GSE186162,GEO,True,Transcriptome changes of endothelial cells in mouse tumor by Nf2/Merlin,NF2-SWN,Other,mouse,mouse_tissue,xenograft_or_in_vivo_treatment,False,True,engineered_nf_model,engineered_genotype,2,2,2,1,1,0,control_isogenic_engineered,raw_array_files,True,Expression profiling by high throughput sequencing,GPL21273,2021/10/21,,,,True,,medium,LLC tumor ECs from Ctrl and NF2 KO mice were sorted by FACS,"Endothelial-specific Nf2 KO in LLC lung carcinoma model, not an NF-disease tumor type but engineered Nf2-deficient mouse",nf2_disease,https://www.ncbi.nlm.nih.gov/geo/query/acc.cgi?acc=GSE186162
GSE186189,GEO,True,RNA sequencing of endothelial cells from mouse brain of WT and EC-specific Nf2-deleted mice,NF2-SWN,Other,mouse,mouse_derived_culture,in_vitro_perturbation,False,False,engineered_nf_model,engineered_genotype,6,6,6,3,3,0,control_isogenic_engineered,processed_matrix_only,True,Expression profiling by high throughput sequencing,GPL21626,2022/03/24,35687678,,,True,,high,EC-specific Nf2-deleted mice; Cdh5CreERT2-nf2 floxed vs nf2 floxed control brain ECs,"Engineered EC-specific Nf2 knockout vs floxed control mouse brain endothelial cells; not a tumor manifestation, so 'Other'.",nf2_disease;nf2_gene_model,https://www.ncbi.nlm.nih.gov/geo/query/acc.cgi?acc=GSE186189
GSE192660,GEO,True,Inactivation of p21-Activated Kinase 2 (Pak2) Inhibits the Development of Nf2-Deficient Tumors by Restricting Downstream Hedgehog and Wnt Signaling,NF2-SWN,Other,mouse,mouse_tissue,xenograft_or_in_vivo_treatment,False,False,engineered_nf_model,engineered_genotype,8,8,8,3,0,0,none,raw_counts,False,Expression profiling by high throughput sequencing,GPL24247,2022/12/27,,,,True,,high,genotype: CONDITIONAL Nf2 f/f;Cdkn2a f/f injected with adenocre virus to generate peritoneal mesothelioma,"Engineered Nf2-null mouse mesothelioma model; Pak2 wt vs Pak2-/- compared, not a schwannoma/meningioma phenotype",nf2_gene_model,https://www.ncbi.nlm.nih.gov/geo/query/acc.cgi?acc=GSE192660
GSE19305,GEO,True,Merlin/NF2 Suppresses Tumorigenesis by Inhibiting the E3 Ubiquitin Ligase CRL4DCAF1 in the Nucleus,NF2-SWN,Non-vestibular schwannoma,mouse,mouse_derived_culture,in_vitro_perturbation,False,False,engineered_nf_model,engineered_genotype,18,18,18,3,6,0,control_isogenic_engineered,raw_array_files,False,Expression profiling by array,GPL8321,2010/02/25,20178741,,,True,,high,gene expression program activated by expression of Merlin or by depletion of DCAF1 in Merlin-null FC-1801 mouse Schwannoma cells,Nf2flox/flox-derived Merlin-null mouse Schwannoma line (FC-1801) with Merlin re-expression/DCAF1 knockdown perturbations,nf2_disease;nf2_gene_model;schwannoma_any,https://www.ncbi.nlm.nih.gov/geo/query/acc.cgi?acc=GSE19305
GSE196652,GEO,True,Molecular dissection of somatic NF1 pseudarthrosis,NF1,Bone defects,human,patient_derived_primary_culture,in_vitro_perturbation,False,True,germline_nf_patient,per_sample_nf_status,317,317,317,179,138,0,control_matched_adjacent_normal,processed_matrix_only,False,Expression profiling by high throughput sequencing,GPL16791,2022/12/13,36459048,,,True,,medium,patient-matched control and pseudarthrosis-derived primary bone MSCs; NF1-/- cells compared to co-cultured NF1+/- fracture-derived cells,"Pseudarthrosis is an NF1 bone manifestation; patient-matched genotyped MSCs, scRNAseq time-course osteogenesis",bone;nf1_disease;nf_generic,https://www.ncbi.nlm.nih.gov/geo/query/acc.cgi?acc=GSE196652
GSE201668,GEO,True,Effect of depletion of NCOR2 on gene expression in neurofibromatosis type 1 - associated malignant peripheral nerve sheath tumours,NF1,Malignant peripheral nerve sheath tumor (MPNST),human,immortalized_cell_line,in_vitro_perturbation,False,False,nf_derived_cell_line,cell_line_provenance,6,6,6,0,3,0,control_isogenic_engineered,raw_array_files,False,Expression profiling by high throughput sequencing,GPL24676,2023/07/01,,,,True,,high,"NF1-associated MPNST cell line T265, shNCOR2 knockdown vs shControl",T265 is a known NF1-patient-derived MPNST line; shRNA knockdown vs shControl isogenic design.,mpnst;nf1_disease;nf_generic,https://www.ncbi.nlm.nih.gov/geo/query/acc.cgi?acc=GSE201668
GSE203647,GEO,True,Neurofibromatosis 1 mutation impairs human induced pluripotent stem cell-derived microglia function,NF1,Cognition / Behavioral / Learning,human,ipsc_or_engineered,in_vitro_perturbation,False,False,engineered_nf_model,engineered_genotype,11,11,11,7,4,0,control_isogenic_engineered,raw_counts,False,Expression profiling by high throughput sequencing,GPL24676,2023/12/14,37990867,,,True,,high,hiPSC-derived microglia-like cells harboring three different NF1 patient-derived NF1 gene mutations vs isogenic control hiMGL cells,Bulk RNA-seq of isogenic iPSC-microglia carrying patient-derived NF1 mutations (M1/M3) vs WT control; relates to neurological abnormalities/autism in NF1.,cognition;nf1_disease;nf1_gene_model;nf_generic,https://www.ncbi.nlm.nih.gov/geo/query/acc.cgi?acc=GSE203647
GSE205016,GEO,True,Impaired proteolysis of non-canonical RAS proteins drives clonal hematopoietic transformation [scRNA-seq],SWN,Hematologic malignancies,mouse,mouse_tissue,other,False,True,engineered_nf_model,engineered_genotype,3,3,3,2,1,0,control_isogenic_engineered,raw_array_files,False,Expression profiling by high throughput sequencing,GPL24247,2022/07/17,,,GSE205018,False,GSE205018,medium,loss of LZTR1...drive hematopoietic stem cell expansion (HSC) and leukemia in vivo; Lztr1fl/fl;Mx1Cre+ knockout sample,"Only Lztr1-KO arm is NF-gene-related; other 2 samples are Rit1-M90I model, not itself an NF gene",schwannomatosis,https://www.ncbi.nlm.nih.gov/geo/query/acc.cgi?acc=GSE205016
GSE207400,GEO,True,"Malignant Peripheral Nerve Sheath Tumors are Comprised of Two Epigenetic Subgroups with Distinct Molecular Landscapes, Outcomes and Therapeutic Targets: Bulk RNA Seq Samples",NF1,Malignant peripheral nerve sheath tumor (MPNST);ANNUBP / atypical neurofibroma;Other,human,patient_tissue,subtype_or_grade_comparison,True,False,mixed_nf_and_sporadic,per_sample_nf_status,48,48,26,26,0,22,none,processed_matrix_only,False,Expression profiling by high throughput sequencing,GPL18573,2023/04/03,,,,True,,medium,"genotype: NF1 vs genotype: Sporadic listed per sample; disease state spans Benign_NF, PremalignantNF, MPNST grades",Cohort mixes NF1-germline and sporadic PNSTs across neurofibroma/atypical/MPNST spectrum; only genotype:NF1 samples in scope.,mpnst;neurofibroma_any,https://www.ncbi.nlm.nih.gov/geo/query/acc.cgi?acc=GSE207400
GSE210023,GEO,True,RNA sequencing of Cd44-positive and Cd44-negative primary osteosarcoma isolated from Nf2 - mutant mice,NF2-SWN,Other,mouse,mouse_tissue,other,False,False,engineered_nf_model,engineered_genotype,6,6,6,3,0,0,none,raw_counts,False,Expression profiling by high throughput sequencing,GPL17021,2022/08/17,35955749,,,True,,high,osteosarcoma cells isolated from mice carrying a mutation of the tumor suppressor neurofibromatosis type 2 (Nf2) gene; genotype Nf2{delta}2/+,"Engineered Nf2-mutant mouse osteosarcoma model; CD44+/+ vs CD44-/- comparison, not a listed manifestation.",nf2_gene_model,https://www.ncbi.nlm.nih.gov/geo/query/acc.cgi?acc=GSE210023
GSE212964,GEO,True,Bulk and single cell sequencing of peripheral nervous system tumors in neurofibromatosis,Not specified,Plexiform neurofibroma;Malignant peripheral nerve sheath tumor (MPNST);Vestibular schwannoma,human,patient_tissue,subtype_or_grade_comparison,True,True,germline_nf_patient,stated_nf_cohort,72,72,72,55,2,0,control_isogenic_engineered,processed_matrix_only,False,Expression profiling by high throughput sequencing,GPL24676,2023/05/22,38216572,,GSE212965,False,GSE212965,medium,"Title: 'Bulk and single cell sequencing of peripheral nervous system tumors in neurofibromatosis'; samples labeled pNF, MPNST, schwannoma from human tumors",Series title frames entire cohort as NF-associated (pNF/MPNST=NF1 hallmark tumors); schwannoma samples (VS) and NF2 CRISPR lines suggest NF2 relevance too; per-sample NF genotype not individually confirmed,mpnst;nf_generic;nonvestibular_schwannoma;schwannoma_any,https://www.ncbi.nlm.nih.gov/geo/query/acc.cgi?acc=GSE212964
GSE212965,GEO,True,Peripheral nervous system tumors in neurofibromatosis,NF1,Malignant peripheral nerve sheath tumor (MPNST),human,patient_tissue,single_arm_profiling,False,False,germline_nf_patient,stated_nf_cohort,191,191,167,148,4,0,control_isogenic_engineered,raw_array_files,False,Expression profiling by high throughput sequencing; Methylation profiling by array,GPL21145;GPL24676,2023/05/22,38216572,GSE212963;GSE212964,,True,,medium,Title: 'Peripheral nervous system tumors in neurofibromatosis'; samples are human peripheral nerve tumor (MPNST),"SuperSeries of MPNST tissue samples; per-sample NF genotype not given, cohort framed as NF patients",mpnst;nf_generic;nonvestibular_schwannoma;schwannoma_any,https://www.ncbi.nlm.nih.gov/geo/query/acc.cgi?acc=GSE212965
GSE213786,GEO,True,Combined CDK4/6 and ERK1/2 inhibition enhances anti-tumor activity in NF1-associated plexiform neurofibroma [trigeminal nerve],NF1,Plexiform neurofibroma,mouse,mouse_tissue,tumor_vs_normal,True,False,engineered_nf_model,engineered_genotype,12,12,12,6,6,0,control_isogenic_engineered,raw_counts,False,Expression profiling by high throughput sequencing,GPL19057,2023/06/26,37406085;40540562,,GSE213789,False,GSE213789,high,Nf1 flox/flox;PostnCre mice; PostnCre+ tumor stage: plexiform neurofibroma vs PostnCre- normal nerve,"Engineered Nf1-deficient mouse model of PNF; RNAseq of trigeminal nerve, tumor vs WT control",neurofibroma_any;nf1_disease;nf_generic;plexiform_neurofibroma,https://www.ncbi.nlm.nih.gov/geo/query/acc.cgi?acc=GSE213786
GSE213787,GEO,True,Combined CDK4/6 and ERK1/2 inhibition enhances anti-tumor activity in NF1-associated plexiform neurofibroma [sciatic nerve],NF1,Plexiform neurofibroma,mouse,mouse_tissue,xenograft_or_in_vivo_treatment,False,False,engineered_nf_model,engineered_genotype,24,24,24,6,0,0,none,raw_counts,False,Expression profiling by high throughput sequencing,GPL24247,2023/06/26,37406085,,GSE213789,False,GSE213789,high,Nf1 flox/flox PostnCre+ mice with plexiform neurofibroma treated with abemaciclib and/or LY3214996 vs vehicle,Engineered Nf1-deficient mouse PNF model; drug treatment vs vehicle-treated same genotype as control arm,neurofibroma_any;nf1_disease;nf_generic;plexiform_neurofibroma,https://www.ncbi.nlm.nih.gov/geo/query/acc.cgi?acc=GSE213787
GSE213789,GEO,True,Combined CDK4/6 and ERK1/2 inhibition enhances anti-tumor activity in NF1-associated plexiform neurofibroma,NF1,Plexiform neurofibroma,mouse,mouse_tissue,xenograft_or_in_vivo_treatment,False,False,engineered_nf_model,engineered_genotype,36,36,36,12,6,0,control_isogenic_engineered,none_listed,False,Expression profiling by high throughput sequencing,GPL19057;GPL24247,2023/06/26,37406085;40540562,GSE213786;GSE213787,,True,,high,Nf1 flox/flox PostnCre+ ... tumor stage: plexiform neurofibroma; CDK4/6 and ERK1/2 inhibition in NF1-associated plexiform neurofibroma,Engineered Nf1 flox/flox PostnCre+ mouse PNF model vs PostnCre- normal nerve controls; treatment arms with ERK1/2i and CDK4/6i.,neurofibroma_any;plexiform_neurofibroma,https://www.ncbi.nlm.nih.gov/geo/query/acc.cgi?acc=GSE213789
GSE213988,GEO,True,Effect of RRM2 knockdown on gene expression of NF1-associated MPNST cells,NF1,Malignant peripheral nerve sheath tumor (MPNST),human,immortalized_cell_line,in_vitro_perturbation,False,False,nf_derived_cell_line,cell_line_provenance,6,6,6,0,3,0,control_isogenic_engineered,raw_array_files,False,Expression profiling by high throughput sequencing,GPL24676,2022/09/26,,,,True,,high,S462TY cell in which target gene has been knocked down... NF1-associated MPNST,S462TY is an NF1 patient-derived MPNST line; shRRM2 knockdown vs shNC isogenic control.,mpnst,https://www.ncbi.nlm.nih.gov/geo/query/acc.cgi?acc=GSE213988
GSE218493,GEO,True,Distinct transcriptional profiles in the different phenotypes of neurofibroma from the same neurofibromatosis 1 subject,NF1,Cutaneous neurofibroma;Plexiform neurofibroma,human,patient_tissue,subtype_or_grade_comparison,True,True,germline_nf_patient,stated_nf_cohort,2,2,2,2,0,0,none,raw_array_files,False,Expression profiling by high throughput sequencing,GPL20795,2023/09/30,37301319,,,True,,high,cNF and pNF from the same neurofibromatosis 1 subject; disease state: neurofibromatosis 1,scRNA-seq comparing cNF vs pNF within same NF1 patient; no normal/control tissue included,cutaneous_neurofibroma;neurofibroma_any;nf1_disease;nf_generic;plexiform_neurofibroma,https://www.ncbi.nlm.nih.gov/geo/query/acc.cgi?acc=GSE218493
GSE219135,GEO,True,G6PD and ACSL3 are synthetic lethal partners of NF2 in Schwann cells,NF2-SWN,Other,human,ipsc_or_engineered,in_vitro_perturbation,False,False,engineered_nf_model,engineered_genotype,4,4,4,2,2,0,control_isogenic_engineered,other_supplementary,False,Expression profiling by high throughput sequencing,GPL11154,2024/04/24,38879607,,GSE219141,False,GSE219141,high,CRISPR-engineered NF2-KO vs NF2-WT isogenic Schwann cells to find synthetic-lethal partners for NF2,"Isogenic NF2-KO/WT Schwann cell RNA-seq, in vitro synthetic lethality screen follow-up",nf2_disease;nf2_gene_model;nf_generic;schwannoma_any,https://www.ncbi.nlm.nih.gov/geo/query/acc.cgi?acc=GSE219135
GSE219141,GEO,True,G6PD and ACSL3 are synthetic lethal partners of NF2 in Schwann cells,NF2-SWN,Other,human,immortalized_cell_line,in_vitro_perturbation,False,False,engineered_nf_model,engineered_genotype,10,10,10,5,5,0,control_isogenic_engineered,none_listed,False,Expression profiling by high throughput sequencing; Other,GPL11154,2024/04/24,38879607,GSE219135;GSE219136,,True,,high,genotype: NF2-KO vs NF2-WT Schwann cells; title 'synthetic lethal partners of NF2 in Schwann cells',"CRISPR-engineered isogenic NF2-KO/WT human Schwann cell line, includes Cas9 and passage controls; schwannoma subtype not specified.",schwannoma_any,https://www.ncbi.nlm.nih.gov/geo/query/acc.cgi?acc=GSE219141
GSE225747,GEO,True,Effect of  p53 knockout on gene expression during capmatinib treatment of NF1-MET murine MPNST cells,NF1,Malignant peripheral nerve sheath tumor (MPNST),mouse,mouse_derived_culture,in_vitro_perturbation,False,False,engineered_nf_model,engineered_genotype,8,8,8,2,0,0,none,raw_counts,False,Expression profiling by high throughput sequencing,GPL24247,2024/03/14,38480916,,,True,,medium,NF1-MET murine MPNST cells; Trp53 knocked out using CRISPR-Cas9 in NF1-MET cell line,"Nf1-deficient mouse MPNST cell line (NF1-MET) with MET overexpression; p53 KO isogenic comparison, capmatinib treatment",mpnst;nf1_gene_model,https://www.ncbi.nlm.nih.gov/geo/query/acc.cgi?acc=GSE225747
GSE226980,GEO,True,PRC2 is a tumor suppressor in malignant peripheral nerve sheath tumor (MPNST),NF1,Malignant peripheral nerve sheath tumor (MPNST),mouse,mouse_tissue,subtype_or_grade_comparison,True,False,engineered_nf_model,engineered_genotype,8,8,8,5,0,0,none,raw_counts,False,Expression profiling by high throughput sequencing,GPL21103,2024/03/01,,,,True,,high,"MPNST generated in mice with Nf1, Cdkn2a, and Eed flox allele inactivation in the Schwann cell lineage via Plp-CreERT",PRC2 wildtype (Nf1/Cdkn2a null) vs PRC2 loss (Nf1/Cdkn2a/Eed null) MPNST tumors; engineered Nf1-null mouse model,mpnst,https://www.ncbi.nlm.nih.gov/geo/query/acc.cgi?acc=GSE226980
GSE227456,GEO,True,Basement membrane proteins in extracellular matrix characterize NF1 tumor development and response to MEK inhibitor,NF1,Plexiform neurofibroma,mouse,mouse_tissue,single_arm_profiling,False,True,engineered_nf_model,engineered_genotype,1,1,1,1,0,0,none,raw_array_files,False,Expression profiling by high throughput sequencing,GPL30172,2026/06/15,37140985,,,True,,high,plexiform neurofibroma mouse model Hoxb7cre+Nf1 fl/fl analyzed using scRNAseq,"Engineered Nf1-deficient mouse pNF model; single sample, no explicit control listed.",neurofibroma_any;nf1_disease;nf_generic;plexiform_neurofibroma,https://www.ncbi.nlm.nih.gov/geo/query/acc.cgi?acc=GSE227456
GSE228630,GEO,True,RNA sequencing of Cd44-positive and Cd44-negative livers  isolated from Nf2 - mutant mice,NF2-SWN,Other,mouse,mouse_tissue,other,False,False,engineered_nf_model,engineered_genotype,6,6,6,3,0,0,none,raw_counts,False,Expression profiling by high throughput sequencing,GPL17021,2023/05/17,37174657,,,True,,medium,mice with liver-specific deletion of the Nf2 gene ... genotype: Nf2{delta}2/+; led to HCCs and iCCAs,"Engineered Nf2-deficient liver model; phenotype is HCC/iCCA, not a listed NF manifestation. Sample metadata 'tissue: osteosarcoma' appears mislabeled.",nf2_disease;nf2_gene_model;nf_generic,https://www.ncbi.nlm.nih.gov/geo/query/acc.cgi?acc=GSE228630
GSE231603,GEO,True,Nf1 Deficiency Increases Mammary Collagen Deposition and Restricts Adipocyte Differentiation Before Tumor Formation,NF1,Other,rat,other,tumor_vs_normal,True,False,engineered_nf_model,engineered_genotype,80,80,80,65,15,0,control_isogenic_engineered,raw_counts,False,Expression profiling by high throughput sequencing,GPL25947,2023/05/08,,,,True,,medium,Nf1-deficient rat model...to accurately model the germline monoallelic NF1 mutations in NF1 patients,"Engineered Nf1-deficient rat lines vs wildtype; mammary stroma/pre-tumor profiling; breast cancer phenotype not in fixed list, coded Other.",nf1_disease;nf_generic,https://www.ncbi.nlm.nih.gov/geo/query/acc.cgi?acc=GSE231603
GSE232451,GEO,True,Transcriptome profiling tumor cells-of-origin from Nf1 and Nf1-Arf null murine model of Neurofibromatosis Type 1,NF1,Malignant peripheral nerve sheath tumor (MPNST);Plexiform neurofibroma,mouse,mouse_derived_culture,in_vitro_perturbation,False,False,engineered_nf_model,engineered_genotype,9,9,9,0,3,0,control_isogenic_engineered,raw_counts,False,Expression profiling by high throughput sequencing,GPL24247,2024/12/30,40063513,,,True,,high,genetically engineered mouse models with floxed Nf1 and combined Nf1 and Arf alleles...Cre-GFP infection used to conditionally ablate Nf1 or Nf1-Arf,Schwann cell precursor tumor-cell-of-origin model of NF1-MPNST/plexiform neurofibroma progression via Nf1/Arf loss,mpnst;neurofibroma_any;nf1_disease;nf1_gene_model;nf_generic,https://www.ncbi.nlm.nih.gov/geo/query/acc.cgi?acc=GSE232451
GSE232516,GEO,True,Single nuclei RNAseq of the human periosteum from patients with congenital pseudarthrosis of the tibia,NF1,Bone defects,human,patient_tissue,tumor_vs_normal,True,True,germline_nf_patient,stated_nf_cohort,4,4,4,2,2,0,control_matched_adjacent_normal,raw_array_files,False,Expression profiling by high throughput sequencing,GPL24676,2024/07/24,38924432,,,True,,high,biallelic inactivation of the NF1 gene in the periosteum at the pseudarthrosis site,"CPT periosteum (NF1 bone manifestation) vs patient-matched iliac crest control, snRNA-seq",bone,https://www.ncbi.nlm.nih.gov/geo/query/acc.cgi?acc=GSE232516
GSE232517,GEO,True,Single nuclei RNAseq of the bone fracture callus of Prss56-Nf1 KO mice,NF1,Bone defects,mouse,mouse_tissue,single_arm_profiling,False,True,engineered_nf_model,engineered_genotype,1,1,1,1,0,0,none,raw_array_files,False,Expression profiling by high throughput sequencing,GPL24247,2024/07/24,38924432,,,True,,high,Prss56Cre; R26tdTom; Nf1fl/fl model of congenital pseudarthrosis of the tibia caused by Nf1 inactivation,"Engineered Nf1-KO mouse model of CPT bone defect; single sample record fetched, no explicit uninjured control in this record",bone,https://www.ncbi.nlm.nih.gov/geo/query/acc.cgi?acc=GSE232517
GSE232528,GEO,True,"""Immunogenic subtype"" characterised by macrophages infiltration predominantly comprise meningiomas in neurofibromatosis type 2 patients",NF2-SWN,Meningioma,human,patient_tissue,subtype_or_grade_comparison,True,False,mixed_nf_and_sporadic,per_sample_nf_status,29,29,14,14,0,15,none,raw_array_files,False,Expression profiling by high throughput sequencing,GPL24676,2023/08/08,37752594,,,True,,high,Meningiomas in NF2 patients compared with sporadic NF2-altered meningiomas; samples explicitly grouped as 'Meningioma in NF2 patient' vs 'Meningioma in Sporadic patient',"14 NF2-patient tumors are in-scope (stated germline NF2); 15 sporadic NF2-altered tumors are out-of-scope comparator, not germline NF.",cognition;meningioma;nf2_disease;nf_generic,https://www.ncbi.nlm.nih.gov/geo/query/acc.cgi?acc=GSE232528
GSE232707,GEO,True,RNAseq of malignant peripheral nerve sheath tumors from Nf1 flox/flox Arf flox/flox PostnCre+ mice,NF1,Malignant peripheral nerve sheath tumor (MPNST);Plexiform neurofibroma,mouse,mouse_tissue,tumor_vs_normal,True,False,engineered_nf_model,engineered_genotype,18,18,18,12,6,0,control_isogenic_engineered,raw_counts,True,Expression profiling by high throughput sequencing,GPL19057,2023/12/12,40063513,,,True,,high,Nf1 flox/flox Arf flox/flox PostnCre+ mice; MPNST compared to benign plexiform neurofibroma (Nf1-/-) and PostnCre- normal nerve,Engineered Nf1/Arf-null mouse MPNST vs plexiform neurofibroma vs normal trigeminal nerve controls.,mpnst;neurofibroma_any;nf1_disease;nf1_gene_model;nf_generic;plexiform_neurofibroma,https://www.ncbi.nlm.nih.gov/geo/query/acc.cgi?acc=GSE232707
GSE232766,GEO,True,Integration of single-nuclei RNA-sequencing and spatial transcriptomics defines the complex microenvironment of NF1-associated plexiform neurofibromas,NF1,Plexiform neurofibroma,human,patient_tissue,single_arm_profiling,False,True,germline_nf_patient,stated_nf_cohort,12,12,12,12,0,0,none,raw_array_files,False,Expression profiling by high throughput sequencing; Other,GPL24676,2023/10/04,37770931,,,True,,high,snRNA-seq and spatial transcriptomics of NF1-associated plexiform neurofibromas from 8 frozen PN + 4 ST samples,All samples are PN tissue from NF1 patients; no non-tumor controls included,neurofibroma_any;nf1_disease;nf_generic;pain;plexiform_neurofibroma,https://www.ncbi.nlm.nih.gov/geo/query/acc.cgi?acc=GSE232766
GSE234071,GEO,True,RNAseq of periosteal stem/progenitor cells from patients with congenital pseudarthrosis of the tibia,NF1,Bone defects,human,patient_derived_primary_culture,tumor_vs_normal,True,False,germline_nf_patient,per_sample_nf_status,4,4,4,2,2,0,control_matched_adjacent_normal,raw_counts,False,Expression profiling by high throughput sequencing,GPL24676,2024/07/24,38924432,,,True,,high,biallelic inactivation of the NF1 gene in the periosteum and in periosteal skeletal/stem progenitor cells (pSSPCs) at the pseudarthrosis site,Paired intra-patient pathological (NF1 mutated) vs non-pathological (NF1 WT) periosteal SSPCs from CPT patients.,bone,https://www.ncbi.nlm.nih.gov/geo/query/acc.cgi?acc=GSE234071
GSE239561,GEO,True,Spatial gene expression profiling unveils immuno-oncogenic programs of NF1-associated peripheral nerve sheath tumor progression,NF1,Plexiform neurofibroma;ANNUBP / atypical neurofibroma;Malignant peripheral nerve sheath tumor (MPNST),human,patient_tissue,subtype_or_grade_comparison,True,False,mixed_nf_and_sporadic,per_sample_nf_status,35,35,34,34,0,1,none,raw_array_files,False,Expression profiling by array,GPL32069,2023/12/14,,,,True,,high,nf1 diagnosis: Yes for most samples; one subject IU14_I recorded 'nf1 diagnosis: No' for an ANNUBP sample,"Per-sample NF1 status given; cohort spans PNF/ANNUBP/NF-with-atypia/MPNST continuum in mostly NF1 patients, one sporadic case included; mouse GEMM data referenced in summary not in this human-only series.",annubp;mpnst;neurofibroma_any;nf1_disease;nf_generic;pulmonary,https://www.ncbi.nlm.nih.gov/geo/query/acc.cgi?acc=GSE239561
GSE244362,GEO,True,Genome-Wide CRISPR Screen Identifies an NF2-adheren junction mechanistic dependency for cardiac lineage,NF2-SWN,Other,human,ipsc_or_engineered,in_vitro_perturbation,False,False,engineered_nf_model,engineered_genotype,41,41,41,21,19,0,control_isogenic_engineered,raw_array_files,False,Expression profiling by high throughput sequencing,GPL20301,2024/04/30,38752370,,,True,,high,CRISPR-mediated NF2 KO hESC cell lines were derived from H1 MYH6-mCerulean3 reporter cell line; two independent monoclonal NF2 KO lines vs WT,Isogenic NF2-null vs WT hESCs used to dissect cardiomyocyte specification via YAP/AMOT; not a disease/tumor context but genuinely engineered NF2-deficient isogenic cells.,nf2_disease;nf2_gene_model,https://www.ncbi.nlm.nih.gov/geo/query/acc.cgi?acc=GSE244362
GSE244433,GEO,True,Human single cell RNA-sequencing reveals a targetable CD8+ exhausted T cell population that maintains murine low-grade glioma growth,NF1,Optic pathway glioma,human+mouse,other,tumor_vs_normal,True,True,mixed_nf_and_sporadic,per_sample_nf_status,16,16,12,9,3,4,control_isogenic_engineered,raw_array_files,False,Expression profiling by high throughput sequencing,GPL24247;GPL24676,2024/10/23,39609412,,,True,,high,"GFAP-Cre-mediated Nf1 loss (Nf1-OPG mice); Nf1+/-, WT or Nf1flox/flox mice as controls; 1 female NF1-PA vs 4 sporadic PA human samples",Mouse Nf1-OPG engineered glioma model plus human cohort mixing 1 NF1-PA and 4 sporadic PA samples,non_optic_lgg,https://www.ncbi.nlm.nih.gov/geo/query/acc.cgi?acc=GSE244433
GSE244829,GEO,True,RNA Sequencing of murine MPNST Tumors,NF1,Malignant peripheral nerve sheath tumor (MPNST),mouse,pdx_or_xenograft,xenograft_or_in_vivo_treatment,False,False,mixed_nf_and_sporadic,engineered_genotype,11,11,9,6,3,0,control_matched_adjacent_normal,raw_array_files,False,Expression profiling by high throughput sequencing,GPL24247,2024/06/19,39044819,,,True,,medium,67C-4 and #5NPCIS derived from NP-cis (Nf1/p53-mutant) mice; SN4-4/ASN4 from CRISPR Nf1/p53-null MPNST,"Series mixes engineered Nf1-null MPNST models with unrelated sarcoma lines (K7m2, F420, M3-9M, 76-9) not tied to NF1",mpnst;nf1_gene_model,https://www.ncbi.nlm.nih.gov/geo/query/acc.cgi?acc=GSE244829
GSE246610,GEO,True,Conditionally Replicative Adenovirus as a Therapy for Malignant Peripheral Nerve Sheath Tumors,NF1,Malignant peripheral nerve sheath tumor (MPNST),mouse,pdx_or_xenograft,xenograft_or_in_vivo_treatment,False,False,engineered_nf_model,inferred,51,51,51,23,8,0,control_unaffected_donor_normal,raw_array_files,False,Expression profiling by high throughput sequencing; Other,GPL21103;GPL24247,2024/04/24,38595983,,,True,,medium,"neurofibromatosis type-1 associated malignant peripheral nerve sheath tumors (MPNSTs); syngeneic allografts (JW18, JW23) treated with CRAd vs PBS control",Mouse syngeneic MPNST allograft model; nerve/liver RNAseq used as normal tissue comparators; per-sample Nf1 genotype not explicitly stated.,mpnst;nf1_disease;nf_generic,https://www.ncbi.nlm.nih.gov/geo/query/acc.cgi?acc=GSE246610
GSE262030,GEO,True,Pharmacogenomic synthetic lethal screens reveal hidden vulnerabilities and new therapeutic approaches for treatment of NF1-associated tumor,NF1,Malignant peripheral nerve sheath tumor (MPNST),human,immortalized_cell_line,in_vitro_perturbation,False,False,nf_derived_cell_line,cell_line_provenance,51,51,51,18,0,0,none,raw_counts,False,Expression profiling by high throughput sequencing,GPL24676,2024/03/21,38585724;41036607,,,True,,high,"S462TY, an NF1-derived MPNST cell line, treated with drug combinations; study of NF1-associated tumor vulnerabilities",All 51 samples are S462TY (NF1 patient-derived MPNST line) under various drug treatments/timepoints; no external normal control.,mpnst;neurofibroma_any;nf1_disease;nf_generic,https://www.ncbi.nlm.nih.gov/geo/query/acc.cgi?acc=GSE262030
GSE263046,GEO,True,"snRNA-seq of human cutaneous neurofibromas before and after selumetinib treatment implicates role of altered Schwann cell states, inter-cellular signaling, and extracellular matrix in treatment response",NF1,Cutaneous neurofibroma,human,patient_tissue,xenograft_or_in_vivo_treatment,False,True,germline_nf_patient,stated_nf_cohort,8,8,8,0,0,0,none,raw_array_files,False,Expression profiling by high throughput sequencing,GPL24676,2024/06/14,38907342,,,True,,high,Neurofibromatosis Type I is caused by loss of function variants in the NF1 gene...biopsy sets of tumors both pre- and post-selumetinib treatment from the same individuals,"Matched pre/post-treatment cNF biopsies from 4 NF1 patients; snRNA-seq; no unaffected-donor control, control=pre-treatment matched sample",neurofibroma_any;nf1_disease;nf_generic,https://www.ncbi.nlm.nih.gov/geo/query/acc.cgi?acc=GSE263046
GSE263107,GEO,True,Multiomic Analyses Reveal New Targets of Polycomb Repressor Complex 2 in Schwann Lineage Cells and Malignant Peripheral Nerve Sheath Tumors - RNAseq,NF1,Malignant peripheral nerve sheath tumor (MPNST),human,ipsc_or_engineered,in_vitro_perturbation,False,False,engineered_nf_model,engineered_genotype,32,32,32,16,16,0,control_isogenic_engineered,raw_counts,False,Expression profiling by high throughput sequencing,GPL24676,2024/04/03,,,,True,,high,"NF1, SUZ12, and EED were knocked out in immortalized human Schwann cells to model ANF-to-MPNST progression",Isogenic engineered NF1-KO iHSC panel with PRC2 (SUZ12/EED) co-knockouts; NF1-proficient lines serve as engineered controls.,mpnst;neurofibroma_any;nf1_gene_model,https://www.ncbi.nlm.nih.gov/geo/query/acc.cgi?acc=GSE263107
GSE263122,GEO,True,High-grade NF2 mutant meningiomas downregulate oncogenic YAP signaling.,NF2-SWN,Meningioma,human,immortalized_cell_line,in_vitro_perturbation,False,False,nf_derived_cell_line,cell_line_provenance,6,6,6,0,3,0,control_isogenic_engineered,raw_array_files,False,Expression profiling by high throughput sequencing,GPL30173,2024/08/26,,,,True,,high,Ben-Men-1 cells...lentivirally transduced with pLJM1-GFP or pLJM1-VGLL4; NF2 mutant meningioma cell line,"Ben-Men-1 is NF2-patient meningioma line; GFP vs VGLL4 overexpression, isogenic in vitro perturbation",meningioma;nf2_gene_model,https://www.ncbi.nlm.nih.gov/geo/query/acc.cgi?acc=GSE263122
GSE265875,GEO,True,Somatic muscle engineering faithfully recapitulates a molecular spectrum of high-risk sarcomas,NF1,Malignant peripheral nerve sheath tumor (MPNST),mouse,mouse_tissue,tumor_vs_normal,True,False,mixed_nf_and_sporadic,engineered_genotype,195,195,29,17,12,40,control_isogenic_engineered,raw_array_files,False,Expression profiling by high throughput sequencing; Methylation profiling by array,GPL24247;GPL32685,2025/04/11,40523919,GSE265782;GSE265873,,True,,low,genotype: sgNf1; sgp53 tumor samples present alongside ASPSCR1-TFE3 and KRASG12V sarcoma models in same SuperSeries,"SuperSeries spans multiple engineered sarcoma genotypes; only sgNf1;sgp53 arm is NF-related, rest are non-NF sarcoma models (ASPSCR1-TFE3, KRAS, BCOR)",mpnst,https://www.ncbi.nlm.nih.gov/geo/query/acc.cgi?acc=GSE265875
GSE26676,GEO,True,Mosaic Analysis with Double Markers Reveals Tumor Cell of Origin in Glioma,NF1,High grade glioma,mouse,mouse_tissue,subtype_or_grade_comparison,True,False,engineered_nf_model,engineered_genotype,11,11,11,11,0,0,none,raw_array_files,False,Expression profiling by array,GPL11531,2011/07/01,21737130;25246577,,,True,,high,"genotype: MADM, p53-/-, NF1-/-, hGFAP-Cre/Nestin-Cre/NG2-Cre glioma model",Engineered Nf1-/-;p53-/- MADM mouse glioma model comparing NSC vs OPC cell-of-origin; all samples tumor tissue vs pooled WT reference channel.,nf1_gene_model,https://www.ncbi.nlm.nih.gov/geo/query/acc.cgi?acc=GSE26676
GSE269517,GEO,True,Effect of maternal obesogenic diet exposure on murine Neurofibromatosis Type 1 optic pathway glioma,NF1,Optic pathway glioma,mouse,mouse_tissue,xenograft_or_in_vivo_treatment,False,False,engineered_nf_model,engineered_genotype,6,6,6,3,0,0,none,processed_matrix_only,False,Expression profiling by high throughput sequencing,GPL34290,2025/05/27,39023130,,,True,,high,"GFAP-Cre; Nf1-Flox/R681X mice, optic pathway glioma model, optic nerve RNASeq comparing control vs obesogenic diet","Engineered Nf1 OPG mouse model; comparison is diet exposure, not tumor vs normal; both arms are Nf1-mutant genotype",nf1_disease;nf_generic;non_optic_lgg;optic_pathway_glioma,https://www.ncbi.nlm.nih.gov/geo/query/acc.cgi?acc=GSE269517
GSE270264,GEO,True,Intestinal Bacteroides drives glioma progression by regulating CD8+ T cell tumor infiltration,NF1,Optic pathway glioma,mouse,mouse_tissue,xenograft_or_in_vivo_treatment,False,True,engineered_nf_model,engineered_genotype,2,2,2,1,0,0,none,raw_array_files,False,Expression profiling by high throughput sequencing,GPL24247,2025/03/05,39868555,,,True,,high,"Nf1flox/neo; GFAP-Cre, Nf1-OPG mice treated with Vancomycin or PBS; optic nerves harvested for single cell seq",Genetically engineered Nf1-OPG mouse model; gut microbiota effect on optic glioma via CD8+ T cells.,nf1_disease;nf_generic;non_optic_lgg;optic_pathway_glioma,https://www.ncbi.nlm.nih.gov/geo/query/acc.cgi?acc=GSE270264
GSE270880,GEO,True,TSPO deficiency promotes the progression of malignant peripheral sheath tumors by regulating the G2/M phase of the cell cycle via CDK1,NF1,Malignant peripheral nerve sheath tumor (MPNST);Plexiform neurofibroma,human,immortalized_cell_line,in_vitro_perturbation,False,False,mixed_nf_and_sporadic,cell_line_provenance,24,24,18,0,9,0,control_isogenic_engineered,raw_counts,False,Expression profiling by high throughput sequencing,GPL18460,2024/06/26,40842566,,,True,,medium,"Three cell lines (ipNF05.5, MPNST8814, sNF96.2) subjected to siControl vs TSPO knockdown RNA-seq; these are established NF1-associated Schwann/tumor lines",Cell-line arm (18 samples) is NF1-derived by provenance; 6 tumor-tissue samples (MPNST/NF) lack per-sample germline status and MPNST is noted as 'sporadic or NF1-associated'.,mpnst,https://www.ncbi.nlm.nih.gov/geo/query/acc.cgi?acc=GSE270880
GSE275048,GEO,True,The CoREST complex is a therapeutic vulnerability in malignant peripheral nerve sheath tumors (RNA-Seq),NF1,Malignant peripheral nerve sheath tumor (MPNST),human,immortalized_cell_line,in_vitro_perturbation,False,False,mixed_nf_and_sporadic,cell_line_provenance,16,16,12,6,0,4,none,raw_array_files,False,Expression profiling by high throughput sequencing,GPL16791,2024/08/17,40128216,,GSE275049,False,GSE275049,medium,Cell lines S462 and T265 are known NF1 patient-derived MPNST lines; record notes MPNST 'may be seen in patients with NF1 or occur sporadically',"4 lines used (MPNST724, S462, STS26T, T265); only S462/T265 confirmed NF1-patient-derived, others unconfirmed provenance",mpnst;nf1_disease;nf_generic,https://www.ncbi.nlm.nih.gov/geo/query/acc.cgi?acc=GSE275048
GSE275049,GEO,True,The CoREST complex is a therapeutic vulnerability in malignant peripheral nerve sheath tumors,NF1,Malignant peripheral nerve sheath tumor (MPNST),human,immortalized_cell_line,in_vitro_perturbation,False,False,mixed_nf_and_sporadic,cell_line_provenance,22,22,14,6,0,0,none,raw_array_files,False,Expression profiling by high throughput sequencing; Genome binding/occupancy profiling by high throughput sequencing,GPL16791,2024/08/17,40128216,GSE275047;GSE275048,,True,,medium,S462 and T265 are known NF1 patient-derived MPNST lines; MPNST724 and STS26T given no stated NF genotype,"CoREST/HDAC inhibitor (corin) vs DMSO treatment across four MPNST lines; two lines NF1-provenance, two unestablished",mpnst,https://www.ncbi.nlm.nih.gov/geo/query/acc.cgi?acc=GSE275049
GSE275277,GEO,True,"Direct comparison of Cdkn2a and p53 loss reveals global transcriptomic differences, including tumor suppressor dependency on pentose phosphate pathway in MPNST",NF1,Malignant peripheral nerve sheath tumor (MPNST),mouse,mouse_derived_culture,subtype_or_grade_comparison,True,False,engineered_nf_model,engineered_genotype,18,18,18,18,0,0,none,raw_counts,False,Expression profiling by high throughput sequencing,GPL24247,2025/08/01,40802750,,,True,,high,CRISPR/Cas9 somatic tumorigenesis models of Nf1/Cdkn2a-deleted and Nf1/p53-deleted autochthonous MPNSTs,All 18 samples are Nf1-null MPNST-derived cell lines comparing Cdkn2a-/- vs p53-/- co-deletion; no wild-type or non-NF control samples included.,mpnst,https://www.ncbi.nlm.nih.gov/geo/query/acc.cgi?acc=GSE275277
GSE277520,GEO,True,Selumetinib in adults with NF1 and inoperable plexiform neurofibroma,NF1,Plexiform neurofibroma,human,patient_tissue,xenograft_or_in_vivo_treatment,False,False,germline_nf_patient,stated_nf_cohort,47,47,47,27,0,0,none,other_supplementary,False,Expression profiling by high throughput sequencing,GPL30173,2024/10/07,,,,True,,high,adults with NF1 and inoperable plexiform neurofibroma; MEK inhibitor selumetinib; paired specimens before and on treatment,"Phase 2 trial, paired pre/on-treatment tumor RNA-seq, no normal controls",neurofibroma_any;nf1_disease;nf_generic;pain;plexiform_neurofibroma,https://www.ncbi.nlm.nih.gov/geo/query/acc.cgi?acc=GSE277520
GSE277653,GEO,True,Effect of MEKi on NF1 pseudarthrosis primary cells,NF1,Bone defects,human,patient_derived_primary_culture,in_vitro_perturbation,False,False,germline_nf_patient,stated_nf_cohort,45,45,45,11,12,0,control_matched_adjacent_normal,processed_matrix_only,False,Expression profiling by high throughput sequencing,GPL34284,2025/05/29,40168468,,,True,,high,primary cells cultured from control bone (iliac crest) or fracture pseudarthroses from children with NF1,"MEKi treatment of NF1 pseudarthrosis primary cells vs patient-matched control bone; two cohorts, matched and unmatched",bone;nf1_disease;nf_generic,https://www.ncbi.nlm.nih.gov/geo/query/acc.cgi?acc=GSE277653
GSE278250,GEO,True,Transforming growth factor-beta dependent signaling drives tumor growth and aberrant extracellular matrix dynamics in NF1-associated plexiform neurofibroma,NF1,Plexiform neurofibroma,mouse,mouse_tissue,single_arm_profiling,False,True,engineered_nf_model,engineered_genotype,1,1,1,1,0,0,none,raw_array_files,False,Expression profiling by high throughput sequencing,GPL24247,2025/04/03,40540562,,,True,,high,PNF bearing sciatic nerve tissues pooled from five Nf1flox/flox;PostnCre+ mice,"snRNAseq of Nf1-deficient plexiform neurofibroma tissue, TGFβ pathway study, no control sample in this record",neurofibroma_any;nf1_disease;nf1_gene_model;nf_generic;plexiform_neurofibroma,https://www.ncbi.nlm.nih.gov/geo/query/acc.cgi?acc=GSE278250
GSE282045,GEO,True,Characterization of non-NF2 related schwannomatosis,SWN,Non-vestibular schwannoma,mouse,mouse_tissue,xenograft_or_in_vivo_treatment,False,False,engineered_nf_model,engineered_genotype,6,6,6,3,0,0,none,raw_counts,False,Expression profiling by high throughput sequencing,GPL19057,2026/01/30,41758723,,,True,,medium,"Title: 'Characterization of non-NF2 related schwannomatosis'; macrophages sorted from tumor, Control vs Anti-IL6 treatment","Mouse schwannomatosis tumor model; samples are tumor macrophages under treatment arms, not tissue-matched normal controls despite summary text.",schwannomatosis,https://www.ncbi.nlm.nih.gov/geo/query/acc.cgi?acc=GSE282045
GSE282456,GEO,True,IRX2 and NPTX1 differential regulation of b-catenin underlies MEK-mediated proliferation in human neuroglial cells,NF1,Non-optic LGG,human,ipsc_or_engineered,in_vitro_perturbation,False,False,engineered_nf_model,engineered_genotype,40,40,40,20,20,0,control_isogenic_engineered,raw_array_files,False,Expression profiling by high throughput sequencing,GPL24676,2025/04/21,40240141,,,True,,high,iPSCs harboring PA-associated alterations; NF1-null cells (homozygous c.2041C>T mutation) vs Wild-Type isogenic controls,"Isogenic NF1-null iPSC-derived neuroglial lineages modeling pilocytic astrocytoma (PA), an NF1-associated low-grade glioma.",nf1_gene_model;non_optic_lgg,https://www.ncbi.nlm.nih.gov/geo/query/acc.cgi?acc=GSE282456
GSE283902,GEO,True,Hydroxychloroquine prevents resistance and potentiates antitumor effect of SHP2 inhibition in NF1-associated Malignant Peripheral Nerve Sheath Tumors,NF1,Malignant peripheral nerve sheath tumor (MPNST),human+mouse,pdx_or_xenograft,xenograft_or_in_vivo_treatment,False,False,engineered_nf_model,engineered_genotype,31,31,31,11,0,0,none,raw_counts,False,Expression profiling by high throughput sequencing,GPL24247;GPL24676,2024/12/12,39793045,,,True,,high,genetically engineered and orthotopic patient-derived xenograft MPNST tumor models...NF1 MPNST growth,GEMM + orthotopic PDX MPNST models treated with SHP099 vs vehicle; all NF1-associated MPNST models,mpnst;neurofibroma_any;nf1_disease;nf1_gene_model;nf_generic,https://www.ncbi.nlm.nih.gov/geo/query/acc.cgi?acc=GSE283902
GSE2841,GEO,True,Expression Profiling of pheochromocytomas of various genetic origins,NF1,Other,human,patient_tissue,subtype_or_grade_comparison,True,False,mixed_nf_and_sporadic,per_sample_nf_status,76,76,2,2,0,35,none,raw_array_files,False,Expression profiling by array,GPL96,2005/08/12,16103922,,,True,,medium,"sample P167 annotated 'genetic class: NF1' among a cohort of pheochromocytomas with MEN2A, VHL, SDHB, sporadic and other genetic origins",Cohort is mostly sporadic/other hereditary syndromes; only NF1-genetic-class samples are germline NF1-associated; pheochromocytoma not in fixed manifestation list so tagged Other,nf1_gene_model,https://www.ncbi.nlm.nih.gov/geo/query/acc.cgi?acc=GSE2841
GSE286371,GEO,True,Identification of  pro- and anti-tumorigenic signals from the injury microenvironment following depletion of Nf1 in myelinating Schwann cells,NF1,Plexiform neurofibroma,mouse,mouse_tissue,xenograft_or_in_vivo_treatment,False,False,engineered_nf_model,engineered_genotype,12,12,12,6,6,0,control_isogenic_engineered,raw_counts,False,Expression profiling by high throughput sequencing,GPL21103,2025/11/27,41533509,,,True,,high,P0-CreERT2:YFPfl/fl:Nf1fl/fl (loss of Nf1 in myelinating Schwann cells); Nf1-deficient mSCs formed neurofibromas at wound site,Engineered conditional Nf1 KO mouse model of nerve-injury-induced neurofibroma formation; bulk RNA-seq of bridge vs distal stump.,cognition;neurofibroma_any,https://www.ncbi.nlm.nih.gov/geo/query/acc.cgi?acc=GSE286371
GSE289387,GEO,True,Transcriptome response to FAK1 (PTK2) targeting in a murine Nf2 null schwannoma cell line model,NF2-SWN,Non-vestibular schwannoma;Vestibular schwannoma,mouse,mouse_derived_culture,in_vitro_perturbation,False,False,engineered_nf_model,engineered_genotype,24,24,24,3,0,0,none,raw_counts,False,Expression profiling by high throughput sequencing,GPL21103,2025/09/17,41616055,,,True,,high,"MS03 cell line derived from Nf2 flox/flox mouse, Cre-infected to generate Nf2-/- model; murine model of NF2-related schwannomatosis",All samples are Nf2-/- MS03 cells treated with FAK inhibitors/degraders vs DMSO control; in vitro drug perturbation study,nf2_gene_model;nonvestibular_schwannoma;schwannoma_any;schwannomatosis,https://www.ncbi.nlm.nih.gov/geo/query/acc.cgi?acc=GSE289387
GSE289794,GEO,True,Unraveling the Development of Cutaneous Neurofibromas in Neurofibromatosis Type 1,NF1,Cutaneous neurofibroma,mouse,mouse_tissue,tumor_vs_normal,True,True,engineered_nf_model,engineered_genotype,25,25,25,8,17,0,control_isogenic_engineered;control_matched_adjacent_normal,raw_array_files,False,Expression profiling by high throughput sequencing,GPL19057,2025/07/23,40684195,,,True,,high,"Nf1 knockout (Nf1-KO) mouse model...cNFs, adjacent healthy-looking skin (HLS), and control healthy skin (HS)","Prss56Cre/+, Nf1fl/fl engineered mice; scRNAseq of cNF, adjacent HLS, and HS at P90/P365",neurofibroma_any;nf1_disease;nf1_gene_model;nf_generic,https://www.ncbi.nlm.nih.gov/geo/query/acc.cgi?acc=GSE289794
GSE290674,GEO,True,Identifying transcriptomic pathways mediating radiotherapy response in malignant peripheral nerve sheath tumors,NF1,Plexiform neurofibroma;Malignant peripheral nerve sheath tumor (MPNST),human,immortalized_cell_line,in_vitro_perturbation,False,False,nf_derived_cell_line,cell_line_provenance,10,10,10,0,2,0,control_isogenic_engineered,raw_counts,False,Expression profiling by high throughput sequencing,GPL16791,2025/03/29,,,,True,,high,NF1 pNF cell line NF95.11b and MPNST cell line ST88-14 irradiated; ST88-14 is a known NF1-patient-derived MPNST line,Both cell lines are NF1-patient tumor-derived; ST88-14 Control samples serve as untreated isogenic controls.,mpnst;neurofibroma_any;plexiform_neurofibroma,https://www.ncbi.nlm.nih.gov/geo/query/acc.cgi?acc=GSE290674
GSE292071,GEO,True,A Single-cell Atlas of Schwannoma Across Genetic Backgrounds and Anatomic Locations,NF2-SWN,Vestibular schwannoma;Non-vestibular schwannoma,human,patient_tissue,subtype_or_grade_comparison,True,True,mixed_nf_and_sporadic,stated_nf_cohort,151,151,0,0,0,0,none,processed_matrix_only,False,Expression profiling by high throughput sequencing,GPL30173,2025/04/17,40217315,,,True,,medium,"tumors from 22 patients with NF2-related schwannomatosis, non-NF2-related schwannomatosis, and sporadic schwannomas",Cohort mixes germline NF2/SWN patients with sporadic schwannomas; per-sample diagnosis not given in metadata.,schwannoma_any;schwannomatosis,https://www.ncbi.nlm.nih.gov/geo/query/acc.cgi?acc=GSE292071
GSE292315,GEO,True,Effect of Fak1/Ptk2 knockout in a mouse model of NF2-related schwannomatosis,NF2-SWN,Non-vestibular schwannoma;Vestibular schwannoma,mouse,mouse_tissue,in_vitro_perturbation,False,False,engineered_nf_model,engineered_genotype,12,12,12,6,0,0,none,raw_counts,False,Expression profiling by high throughput sequencing,GPL21103,2025/09/17,41616055,,,True,,high,"Postn-Cre(+);Nf2 flox/flox animals vs Postn-Cre(+);Nf2 flox/flox;Fak1 flox/flox (DKO), murine model of NF2, schwannoma development","Engineered Nf2-null vs Nf2/Fak1 double-null DRG tissue comparison; Fak1 KO is genetic perturbation, not in vivo drug treatment arm here.",nf2_gene_model;nonvestibular_schwannoma;schwannoma_any;schwannomatosis,https://www.ncbi.nlm.nih.gov/geo/query/acc.cgi?acc=GSE292315
GSE29343,GEO,True,Neurofibromin (Nf1) is required for skeletal muscle development,NF1,Bone defects,mouse,mouse_tissue,tumor_vs_normal,True,False,engineered_nf_model,engineered_genotype,8,8,8,4,4,0,control_isogenic_engineered,raw_array_files,False,Expression profiling by array,GPL6246,2011/05/18,21478499,,,True,,high,Nf1 gene inactivation in the early limb bud mesenchyme using Prx1-cre (Nf1Prx1) resulted in muscle dystrophy,"Conditional Nf1 knockout mouse model (Nf1Prx1) vs wt; triceps muscle transcriptomics, skeletal muscle/bone phenotype.",bone;nf1_disease;nf1_gene_model;nf_generic,https://www.ncbi.nlm.nih.gov/geo/query/acc.cgi?acc=GSE29343
GSE295650,GEO,True,Merlin Controls Limb Development and Thumb Formation by Regulating Primary Cilia-Hedgehog Signaling,NF2-SWN,Bone defects,mouse,mouse_derived_culture,in_vitro_perturbation,False,False,engineered_nf_model,engineered_genotype,6,6,6,3,3,0,control_isogenic_engineered,processed_matrix_only,False,Expression profiling by high throughput sequencing,GPL24247,2025/05/20,40503937,,,True,,high,"Conditional knockout of Merlin (Nf2) in limb mesenchyme in mice results in dwarfism, brachydactyly, and thumb hypoplasia","Nf2f/f;Prx1-Cre vs Nf2f/f primary chondrocytes; models limb/skeletal defects, not schwannoma phenotype",nf2_disease;nf2_gene_model,https://www.ncbi.nlm.nih.gov/geo/query/acc.cgi?acc=GSE295650
GSE302434,GEO,True,Bromodomain Inhibitors to Prevent Development of Resistance to Targeted Kinase Inhibitors in Schwannomas [RNA-seq],NF2-SWN,Non-vestibular schwannoma,human,immortalized_cell_line,in_vitro_perturbation,False,False,engineered_nf_model,engineered_genotype,43,43,43,8,4,0,control_isogenic_engineered,processed_matrix_only,False,Expression profiling by high throughput sequencing,GPL24676,2026/07/11,,,,True,,medium,selectively slow growth of a human schwannoma line compared to its merlin-expressing parental line; HS02 NF2 +/+ vs HS05 NF2 +/-,Isogenic NF2+/+ (HS02) vs NF2+/- (HS05) human schwannoma cell lines treated with kinase/BRD4 inhibitors; schwannoma subtype not specified.,nf2_disease;nf_generic;schwannoma_any,https://www.ncbi.nlm.nih.gov/geo/query/acc.cgi?acc=GSE302434
GSE303054,GEO,True,Head-to-head preclinical treatment design prioritizes promising therapies for Neurofibromatosis 1 optic glioma clinical translation,NF1,Optic pathway glioma,mouse,mouse_tissue,xenograft_or_in_vivo_treatment,False,True,engineered_nf_model,engineered_genotype,2,2,2,1,0,0,none,raw_array_files,False,Expression profiling by high throughput sequencing,GPL24247,2025/10/16,41497446,,,True,,high,well-characterized murine model of NF1-optic pathway glioma (Nf1OPG); genotype: NF1-OPG,"scRNA-seq of Nf1OPG mouse optic nerve, drug treatment comparison; compared to Nf1+/- controls",nf1_disease;nf_generic;optic_pathway_glioma,https://www.ncbi.nlm.nih.gov/geo/query/acc.cgi?acc=GSE303054
GSE303418,GEO,True,Selective inhibition of BRAF and CRAF sensitizes NF1-deficient malignant peripheral nerve sheath tumors to MEK inhibitors,NF1,Malignant peripheral nerve sheath tumor (MPNST),human,immortalized_cell_line,in_vitro_perturbation,False,False,nf_derived_cell_line,cell_line_provenance,36,36,36,9,0,0,none,raw_array_files,False,Expression profiling by high throughput sequencing,GPL24676,2025/08/01,41023593,,,True,,high,"MPNST cell lines NF90.8, S462, ST8814 treated with MEKi/RAFi; NF1-deficient MPNST","All three lines (90-8TL/NF90.8, S462, ST88-14/ST8814) are established NF1-patient-derived MPNST lines; drug perturbation study, no normal tissue control.",mpnst;nf1_gene_model,https://www.ncbi.nlm.nih.gov/geo/query/acc.cgi?acc=GSE303418
GSE305286,GEO,True,Single-cell RNAseq analysis of  Nf1-deficient Prss56-derived cells from spinal columns of young and old mice,NF1,Bone defects;Plexiform neurofibroma,mouse,mouse_derived_culture,in_vitro_perturbation,False,True,engineered_nf_model,engineered_genotype,4,4,4,2,2,0,control_isogenic_engineered,raw_array_files,False,Expression profiling by high throughput sequencing,GPL19057,2025/12/30,41397954,,,True,,high,Prss56-Nf1 knockout mouse... recapitulates neurofibromas and pseudarthrosis by carrying Nf1 gene inactivation in Prss56-expressing boundary cap cells,"Engineered Nf1fl/fl vs Nf1+/+ isogenic mouse model; FACS-sorted tdTom+ cells at two ages, scRNAseq.",bone;neurofibroma_any;nf1_disease;nf1_gene_model;nf_generic,https://www.ncbi.nlm.nih.gov/geo/query/acc.cgi?acc=GSE305286
GSE305426,GEO,True,DNA Hypomethylation is Not Cell Intrinsically Toxic to Polycomb Repressive Complex 2 Deficient Malignant Peripheral Nerve Sheath Tumors,NF1,Malignant peripheral nerve sheath tumor (MPNST),human,immortalized_cell_line,in_vitro_perturbation,False,False,mixed_nf_and_sporadic,cell_line_provenance,36,36,24,6,2,6,control_isogenic_engineered,raw_counts,False,Expression profiling by high throughput sequencing,GPL34284,2026/08/05,,,,True,,medium,MPNST cell lines ST88-14 and S462TY(-addback) are known NF1-patient-derived; STS26T is a sporadic (non-NF1) MPNST line; JH-2-002-CL provenance unstated,"Mix of NF1-derived (ST88-14, S462TY) and sporadic (STS26T) MPNST lines plus isogenic PRC2-engineered Schwann cells; JH-2-002-CL NF status not given",mpnst;nf1_disease;nf_generic,https://www.ncbi.nlm.nih.gov/geo/query/acc.cgi?acc=GSE305426
GSE307286,GEO,True,Combining brigatinib with mTOR inhibition to effectively treat NF2-SWN-associated and sporadic NF2-deficient meningiomas,NF2-SWN,Meningioma,human,immortalized_cell_line,in_vitro_perturbation,False,False,nf_derived_cell_line,cell_line_provenance,12,12,12,3,0,0,none,raw_counts,False,Expression profiling by high throughput sequencing,GPL24676,2025/09/05,41417846,,,True,,high,telomerase-immortalized AG-NF2-Men cell line from a grade-1 meningioma of an NF2-related schwannomatosis (NF2-SWN) patient,All samples are AG-NF2-Men (NF2-SWN patient-derived) cell line treated with DMSO/brigatinib/INK128/combo; DMSO is vehicle arm not a distinct control type.,meningioma;nf2_disease;nf2_gene_model;nf_generic;schwannomatosis,https://www.ncbi.nlm.nih.gov/geo/query/acc.cgi?acc=GSE307286
GSE307569,GEO,True,Novel humanized loss-of-function NF1 mouse model of juvenile myelomonocytic leukemia,NF1,Hematologic malignancies,human,pdx_or_xenograft,xenograft_or_in_vivo_treatment,False,False,engineered_nf_model,engineered_genotype,5,5,5,3,2,0,control_isogenic_engineered,raw_counts,False,Expression profiling by high throughput sequencing,GPL34284,2026/02/18,41201956,,,True,,high,"Using CRISPR/Cas9, we generated NF1LOF in human cord blood HSPCs; NF1-KO vs control HSPCs transplanted into NSG-SGM3 mice, modeling JMML","CRISPR-engineered NF1-KO human HSPC xenograft model of JMML; isogenic WT control HSPCs, bulk RNA-seq of sorted human CD45+ cells",bone;heme;nf1_gene_model,https://www.ncbi.nlm.nih.gov/geo/query/acc.cgi?acc=GSE307569
GSE315579,GEO,True,"NKG2D Upregulation Enhances T and NK Cell Cytotoxicity, Sensitizes Tumors to Combined αPD1 and αVEGF Therapy, and Contributes to Hearing Loss Prevention in Vestibular Schwannoma Model",NF2-SWN,Vestibular schwannoma,human,patient_tissue,single_arm_profiling,False,True,germline_nf_patient,stated_nf_cohort,4,4,4,3,0,0,none,raw_array_files,False,Expression profiling by high throughput sequencing,GPL24676,2026/01/09,41673019,,,True,,high,3 NF2-mutated treatment-naive schwannomas and 1 bevacizumab-treated schwannoma from an NF2 patient,"scRNA-seq of 4 vestibular schwannomas from NF2-SWN patients; naive vs long-term bevacizumab-treated, no normal control tissue",schwannoma_any;schwannomatosis;vestibular_schwannoma,https://www.ncbi.nlm.nih.gov/geo/query/acc.cgi?acc=GSE315579
GSE317486,GEO,True,Identification of CD74-positive antigen presenting glioma cells in primary human tumors and murine models of NF1 high-grade glioma ,NF1,High grade glioma,mouse,pdx_or_xenograft,xenograft_or_in_vivo_treatment,False,True,engineered_nf_model,engineered_genotype,10,10,10,9,1,0,control_unaffected_donor_normal,raw_array_files,False,Expression profiling by high throughput sequencing,GPL24247,2026/02/28,41926771,,,True,,high,"NF1-HGG17 cell line, derived from sporadic gliomas in NPcis mice (Nf1/Tp53 mutant), orthotopically allografted",Engineered Nf1/Tp53-mutant mouse glioma line allografted into Nf1+/- or WT hosts; sham injections serve as controls,high_grade_glioma;nf1_disease;nf1_gene_model;nf_generic,https://www.ncbi.nlm.nih.gov/geo/query/acc.cgi?acc=GSE317486
GSE317549,GEO,True,"Efficacy and Safety of Tunlametinib in Adults with Inoperable Neurofibromatosis Type 1-Associated Plexiform Neurofibromas: A Single Arm, Open-label Phase IIa Trial and Biomarker Research",NF1,Plexiform neurofibroma,human,patient_tissue,in_vitro_perturbation,False,True,germline_nf_patient,stated_nf_cohort,6,6,3,3,0,3,none,raw_array_files,False,Expression profiling by high throughput sequencing,GPL24676,2026/01/31,,,,True,,high,Efficacy and Safety of Tunlametinib in Adults with Inoperable Neurofibromatosis Type 1-Associated Plexiform Neurofibromas...scRNA-seq profiling of pre-treatment biopsies,"Trial in NF1 patients with PN; 3 pretreatment tumor biopsies plus 3 untreated PN samples as controls, scRNA-seq.",neurofibroma_any;nf1_disease;nf_generic;pain;plexiform_neurofibroma,https://www.ncbi.nlm.nih.gov/geo/query/acc.cgi?acc=GSE317549
GSE317922,GEO,True,Inhibition of Cxcr4 chemokine receptor signaling improves habituation learning in a zebrafish model of Neurofibromatosis,NF1,Cognition / Behavioral / Learning,zebrafish,other,in_vitro_perturbation,False,False,engineered_nf_model,engineered_genotype,16,16,16,8,8,0,control_isogenic_engineered,raw_array_files,False,Expression profiling by high throughput sequencing,GPL18413,2026/01/28,41582719,,,True,,high,nf1a-/-;nf1b-/- mutant larval zebrafish; improves habituation learning; NF1-associated cognitive dysfunction,"Whole-larvae RNA-seq, engineered nf1 double knockout zebrafish vs wild-type; cognition/behavior focus.",cognition;nf1_disease;nf1_gene_model;nf_generic,https://www.ncbi.nlm.nih.gov/geo/query/acc.cgi?acc=GSE317922
GSE318927,GEO,True,Macrophages in Neurofibroma Malignant Progression,NF1,Plexiform neurofibroma;Malignant peripheral nerve sheath tumor (MPNST),human,patient_tissue,subtype_or_grade_comparison,True,True,germline_nf_patient,stated_nf_cohort,14,14,14,14,0,0,none,raw_array_files,False,Expression profiling by high throughput sequencing,GPL24676,2026/04/08,41930352,,,True,,high,Neurofibromatosis type 1 (NF1)...plexiform neurofibromas (PNFs)...malignant transformation into...MPNSTs; scRNAseq on 9 PNF and 5 MPNST clinical samples,PNF vs MPNST comparison in NF1 patients; no explicit normal control samples included.,mpnst;neurofibroma_any;nf1_disease;nf_generic,https://www.ncbi.nlm.nih.gov/geo/query/acc.cgi?acc=GSE318927
GSE319151,GEO,True,Nf2 orchestrates β-arrestin2-biased PTH1R signaling to safeguard skeletal integrity,NF2-SWN,Bone defects,mouse,mouse_derived_culture,in_vitro_perturbation,False,False,engineered_nf_model,engineered_genotype,6,6,6,3,3,0,control_isogenic_engineered,processed_matrix_only,False,Expression profiling by high throughput sequencing,GPL24247,2026/06/01,42268882,,,True,,high,"Conditional knockout of Nf2 in chondrocytes results in short-limbed dwarfism, disrupted growth plate organization...cortical thinning","Nf2f/f conditional KO primary chondrocytes vs control; bone/skeletal phenotype study, not tumor model",nf2_gene_model,https://www.ncbi.nlm.nih.gov/geo/query/acc.cgi?acc=GSE319151
GSE320094,GEO,True,Transcriptome profiling of SUZ12 ectopic expression in NF1 MPNST lines ST88-14 and NF90-8,NF1,Malignant peripheral nerve sheath tumor (MPNST),human,immortalized_cell_line,in_vitro_perturbation,False,False,nf_derived_cell_line,cell_line_provenance,12,12,12,0,6,0,control_isogenic_engineered,processed_matrix_only,False,Expression profiling by high throughput sequencing,GPL24676,2026/09/11,,,,True,,high,Human NF1 MPNST cell lines ST88-14 and NF90-8 ... cell type: human NF1 malignant peripheral nerve sheath tumor (MPNST),"ST88-14/NF90-8 are established NF1-patient-derived MPNST lines; SUZ12 reintroduction vs NLS-YFP control, isogenic design.",mpnst;nf1_disease;nf_generic,https://www.ncbi.nlm.nih.gov/geo/query/acc.cgi?acc=GSE320094
GSE320095,GEO,True,Transcriptome profiling of NF1 MPNST line JH-2-002 after ZNF423 siRNA knockdown,NF1,Malignant peripheral nerve sheath tumor (MPNST),human,immortalized_cell_line,in_vitro_perturbation,False,False,nf_derived_cell_line,cell_line_provenance,6,6,6,0,3,0,control_isogenic_engineered,raw_counts,False,Expression profiling by high throughput sequencing,GPL24676,2026/09/11,,,,True,,high,Human NF1 MPNST-derived cell line JH-2-002 was obtained from the Johns Hopkins NF1 Biospecimen Repository,"siRNA knockdown of ZNF423 vs siControl in NF1 MPNST cell line; all 6 samples same cell line, no normal control",mpnst;nf1_disease;nf_generic,https://www.ncbi.nlm.nih.gov/geo/query/acc.cgi?acc=GSE320095
GSE320122,GEO,True,Transcriptome profiling of NF1 MPNST line ST88-14 (8814) after ZNF423 siRNA knockdown,NF1,Malignant peripheral nerve sheath tumor (MPNST),human,immortalized_cell_line,in_vitro_perturbation,False,False,nf_derived_cell_line,cell_line_provenance,6,6,6,3,0,0,none,raw_counts,False,Expression profiling by high throughput sequencing,GPL20301,2026/09/11,,,,True,,high,Human NF1 MPNST-derived cell line ST88-14; siControl vs siZNF423 knockdown,"ST88-14 is an NF1 patient-derived MPNST line; siRNA knockdown experiment, control is isogenic siControl.",mpnst;nf1_disease;nf_generic,https://www.ncbi.nlm.nih.gov/geo/query/acc.cgi?acc=GSE320122
GSE320227,GEO,True,Transcriptome profiling of Nf1-Arf null murine Schwann cell precursors after Suz12 KO [Nf1-Arf-Suz12-KO],NF1,Malignant peripheral nerve sheath tumor (MPNST),mouse,mouse_derived_culture,in_vitro_perturbation,False,False,engineered_nf_model,engineered_genotype,6,6,6,0,3,0,control_isogenic_engineered,raw_counts,False,Expression profiling by high throughput sequencing,GPL21103,2026/09/11,,,,True,,high,Nf1-flox/flox;Arf-flox/flox embryos infected with Cre to generate Nf1/Arf-null cells; Suz12 KO vs control KO,Engineered Nf1-null murine Schwann precursor model of NF1-MPNST; Suz12 KO vs control isogenic comparison.,mpnst;nf1_disease;nf1_gene_model;nf_generic;pain,https://www.ncbi.nlm.nih.gov/geo/query/acc.cgi?acc=GSE320227
GSE320231,GEO,True,Transcriptome profiling of NF1 MPNST line ST88-14 (8814) after ZNF423 shRNA knockdown,NF1,Malignant peripheral nerve sheath tumor (MPNST),human,immortalized_cell_line,in_vitro_perturbation,False,False,nf_derived_cell_line,cell_line_provenance,6,6,6,0,3,0,control_isogenic_engineered,raw_counts,False,Expression profiling by high throughput sequencing,GPL20301,2026/09/11,,,,True,,high,Human NF1 MPNST-derived cell line ST88-14 (8814)... shScramble lentivirus or shZNF423,"ST88-14 is an NF1-patient-derived MPNST line; shRNA knockdown vs shScramble control, in vitro.",mpnst;nf1_disease;nf_generic,https://www.ncbi.nlm.nih.gov/geo/query/acc.cgi?acc=GSE320231
GSE320235,GEO,True,Transcriptome profiling of NF1 MPNST line NF90-8 (90.8) after ZNF423 siRNA knockdown,NF1,Malignant peripheral nerve sheath tumor (MPNST),human,immortalized_cell_line,in_vitro_perturbation,False,False,nf_derived_cell_line,cell_line_provenance,6,6,6,0,3,0,control_isogenic_engineered,raw_counts,False,Expression profiling by high throughput sequencing,GPL20301,2026/09/11,,,,True,,high,cell type: human NF1 malignant peripheral nerve sheath tumor (MPNST); cell line NF90-8 (90.8),"NF1 patient-derived MPNST line (NF90-8/90-8TL) with siRNA knockdown of ZNF423 vs siControl; bulk RNA-seq, no non-NF control arm",mpnst;nf1_disease;nf_generic,https://www.ncbi.nlm.nih.gov/geo/query/acc.cgi?acc=GSE320235
GSE320236,GEO,True,Transcriptome profiling of NF1 MPNST line RHT-172 after ZNF423 siRNA knockdown,NF1,Malignant peripheral nerve sheath tumor (MPNST),human,immortalized_cell_line,in_vitro_perturbation,False,False,nf_derived_cell_line,cell_line_provenance,6,6,6,0,3,0,control_isogenic_engineered,raw_counts,False,Expression profiling by high throughput sequencing,GPL20301,2026/09/11,,,,True,,high,cell type: human NF1 malignant peripheral nerve sheath tumor (MPNST); genotype: NF1/CDKN2A/SUZ12 deficient,RHT-172 is an NF1-patient MPNST-derived line; siControl vs siZNF423 knockdown in same isogenic background,mpnst;nf1_disease;nf_generic,https://www.ncbi.nlm.nih.gov/geo/query/acc.cgi?acc=GSE320236
GSE32029,GEO,True,Genome-wide gene expression analysis of neurofibroma-derived NF1+/- and NF1-/- Schwann cells,NF1,Cutaneous neurofibroma,human,patient_derived_primary_culture,in_vitro_perturbation,False,False,germline_nf_patient,stated_nf_cohort,36,36,36,9,9,0,control_matched_adjacent_normal,raw_array_files,False,Expression profiling by array,GPL6947,2016/12/22,32571896,,,True,,high,neurofibroma derived Schwann cell cultures representing two different NF1 genotypes (NF1+/- and NF1-/-) ... from a total of nine tumors from three different NF1 patients,Isogenic NF1+/- vs NF1-/- Schwann cells from cutaneous neurofibromas of 3 NF1 patients; forskolin treatment arm included.,cutaneous_neurofibroma;neurofibroma_any,https://www.ncbi.nlm.nih.gov/geo/query/acc.cgi?acc=GSE32029
GSE325204,GEO,True,"Base transcriptomes of seven, untreated patient-derived MPNST cell lines, two of which are PRC2-WT and five PRC2-LoF",NF1,Malignant peripheral nerve sheath tumor (MPNST),human,immortalized_cell_line,subtype_or_grade_comparison,True,False,mixed_nf_and_sporadic,cell_line_provenance,21,21,9,9,0,3,none,raw_array_files,False,Expression profiling by high throughput sequencing,GPL34284,2026/09/15,,,,True,,medium,"Cell lines S462, 90-8TL (908TL) and sNF96.2 (SNF962) are known NF1 patient-derived MPNST lines; STS26T is a documented sporadic (non-NF1) MPNST line","HSSCH2, JH-2-002, JH-2-079-c NF status not stated in record text; record frames PRC2 WT/LoF, not NF status, per line",mpnst;nf1_disease;nf_generic,https://www.ncbi.nlm.nih.gov/geo/query/acc.cgi?acc=GSE325204
GSE328707,GEO,True,Carboplatin induces optic nerve oligodendrocyte loss and impairs myelin sheath microstructure in a mouse model of neurofibromatosis type 1 (NF1),NF1,Optic pathway glioma,mouse,mouse_tissue,xenograft_or_in_vivo_treatment,False,False,engineered_nf_model,engineered_genotype,12,12,12,6,0,0,none,raw_counts,False,Expression profiling by high throughput sequencing,GPL24247,2026/07/27,,,,True,,high,Nf1+/- mice treated with carboplatin or vehicle; optic nerve oligodendrocyte effects related to NF1-OPG chemotherapy toxicity,"Nf1+/- mouse optic nerve RNA-seq; carboplatin/selumetinib vs PBS control, engineered NF1 model, not tumor tissue itself",nf1_disease;nf1_gene_model;nf_generic;optic_pathway_glioma,https://www.ncbi.nlm.nih.gov/geo/query/acc.cgi?acc=GSE328707
GSE343216,GEO,True,The mesenchymal state of NF1-associated malignant peripheral nerve sheath tumor is vulnerable to synergistic p53-pathway activation by combined MEK and MDM2 inhibition,NF1,Malignant peripheral nerve sheath tumor (MPNST);Plexiform neurofibroma,mouse,mouse_tissue,xenograft_or_in_vivo_treatment,False,False,engineered_nf_model,engineered_genotype,64,64,64,12,0,0,none,raw_counts,False,Expression profiling by high throughput sequencing,GPL24247,2026/09/01,,,,True,,high,genetically engineered mouse models...Nf1 loss...induced RAS-MEK-ERK/MAPK-driven PNFs...Additional loss of Cdkn2a or p53...progress into MPNSTs,GEMM Nf1-null MPNSTs treated with MEKi/MDM2i vs vehicle; vehicle arm serves as control comparator.,mpnst;neurofibroma_any;nf1_disease;nf_generic;plexiform_neurofibroma,https://www.ncbi.nlm.nih.gov/geo/query/acc.cgi?acc=GSE343216
GSE344687,GEO,True,Functional merlin depletion defines a TEAD1-dependent tumor Schwann cell state driving schwannoma progression: single cell RNAseq and ATACseq,NF2-SWN,Vestibular schwannoma,human,patient_tissue,subtype_or_grade_comparison,True,True,mixed_nf_and_sporadic,per_sample_nf_status,27,27,11,11,0,8,none,raw_array_files,False,Genome binding/occupancy profiling by high throughput sequencing; Expression profiling by high throughput sequencing,GPL37309,2026/09/25,,,,True,,high,Single-nucleus multiome and scRNA-seq of vestibular schwannomas; per-sample 'group' characteristic is NF2-associated (19) or sporadic (8).,"Released 2026-09-25, after the classification run. 8 ATAC-seq samples are not expression data and are out of scope at sample level; 8 sporadic samples excluded.",nf2_disease;schwannoma_any;vestibular_schwannoma,https://www.ncbi.nlm.nih.gov/geo/query/acc.cgi?acc=GSE344687
GSE39764,GEO,True,Gene profiles of pathway interference downstream neurofibromin signaling,NF1,Malignant peripheral nerve sheath tumor (MPNST),human,immortalized_cell_line,in_vitro_perturbation,False,False,mixed_nf_and_sporadic,cell_line_provenance,24,24,18,3,12,6,control_isogenic_engineered;control_unaffected_donor_normal,raw_array_files,False,Expression profiling by array,GPL4133,2013/03/15,23423222,,,True,,medium,ST88-14 cell line versus normal human schwann cell; siNf1 treated STS26T (sporadic MPNST) cell line versus scrambled control,"ST88-14=NF1-derived MPNST (15 samples, in scope); STS26T=sporadic MPNST (6 samples, excluded); HSC=normal control (3)",mpnst;neurofibroma_any;nf1_disease;nf_generic,https://www.ncbi.nlm.nih.gov/geo/query/acc.cgi?acc=GSE39764
GSE40187,GEO,True,"Therapeutic potential of a novel HSP90 Inhibitor, NXD30001, for Neurofibromatosis type 2",NF2-SWN,Non-vestibular schwannoma,mouse,mouse_derived_culture,in_vitro_perturbation,False,False,engineered_nf_model,engineered_genotype,4,4,4,2,0,0,none,other_supplementary,True,Expression profiling by high throughput sequencing,GPL13112;GPL9250,2013/06/06,23714726,,,True,,high,"Nf2Flox/Flox, NF2-/- in vitro induced with Ad-Cre; mouse embryonic Schwann cells; NF2-deficient allograft model","Engineered Nf2-null mouse Schwann cells, in vitro and allograft, treated vs untreated with HSP90 inhibitor",nf2_disease;nf_generic,https://www.ncbi.nlm.nih.gov/geo/query/acc.cgi?acc=GSE40187
GSE41747,GEO,True,"MEK inhibition exhibits efficacy in human and mouse neurofibromatosis tumors, despite transcriptional feedback onto ERK.",NF1,Cutaneous neurofibroma;Plexiform neurofibroma;Malignant peripheral nerve sheath tumor (MPNST),human+mouse,other,tumor_vs_normal,True,False,germline_nf_patient,stated_nf_cohort,83,83,83,65,18,0,control_isogenic_engineered;control_unaffected_donor_normal,raw_array_files,False,Expression profiling by array,GPL10371;GPL14757,2012/12/28,23221341,,,True,,high,NF1 patients develop neurofibromas and MPNST; used Nf1fl/fl;Dhh-cre mouse model and NF1 patient MPNST xenografts,Includes human NF1 patient dNF/pNF/MPNST tumors and engineered Nf1(flox);Cre mouse neurofibroma/MPNST models; Nf2 flox/flox mice used only as extra control genotype.,mpnst;neurofibroma_any;nf1_disease;nf_generic,https://www.ncbi.nlm.nih.gov/geo/query/acc.cgi?acc=GSE41747
GSE46904,GEO,True,Gene expression profiles of EZH2 knockdown,NF1,Malignant peripheral nerve sheath tumor (MPNST),human,immortalized_cell_line,in_vitro_perturbation,False,False,nf_derived_cell_line,cell_line_provenance,8,8,8,0,4,0,control_isogenic_engineered,raw_array_files,False,Expression profiling by array,GPL10904,2013/10/28,24132643,,GSE47477,False,GSE47477,medium,"siEZH2 knockdown in MPNST cell lines '462' and '724'; '462' matches S462, a known NF1 patient-derived MPNST line",724's patient/NF origin not stated in record; only 462 (S462) matches known NF1-derived line list,mpnst,https://www.ncbi.nlm.nih.gov/geo/query/acc.cgi?acc=GSE46904
GSE47477,GEO,True,Gene expression and microRNA profiles of EZH2 knockdown,NF1,Malignant peripheral nerve sheath tumor (MPNST),human,immortalized_cell_line,in_vitro_perturbation,False,False,nf_derived_cell_line,cell_line_provenance,20,20,16,8,0,4,none,raw_array_files,False,Expression profiling by array; Non-coding RNA profiling by array,GPL10904;GPL17197,2013/10/28,24132643,GSE46904;GSE47476,,True,,low,cell line: S462 ... genotype/variation: control (siRNA control) / siEZH2 (EZH2 knockdown),"S462 is a known NF1-patient MPNST line; identity of '462','724','26T' lines not stated in record, so scope for them is unclear.",mpnst,https://www.ncbi.nlm.nih.gov/geo/query/acc.cgi?acc=GSE47477
GSE48078,GEO,True,Gene expression changes caused by YAP overexpression and Nf2 deletion in the developing mouse brain,NF2-SWN,Other,mouse,mouse_tissue,other,False,False,engineered_nf_model,engineered_genotype,12,12,6,3,3,0,control_isogenic_engineered,raw_array_files,False,Expression profiling by array,GPL11180,2013/06/19,23863479,,,True,,high,We conditionally deleted Nf2 using the telencephalon-specific Emx1-Cre; Nf2F/F;Emx1-Cre vs Nf2F/+;Emx1-Cre,Engineered Nf2 cKO vs floxed-het control in developing brain; separate YAP-overexpression arm is not Nf2-related and excluded from NF counts,nf2_disease;nf2_gene_model,https://www.ncbi.nlm.nih.gov/geo/query/acc.cgi?acc=GSE48078
GSE50865,GEO,True,Expression Data For BRD4 Inhibition,NF1,Malignant peripheral nerve sheath tumor (MPNST),mouse,mouse_derived_culture,in_vitro_perturbation,False,False,engineered_nf_model,engineered_genotype,12,12,12,0,6,0,control_isogenic_engineered,raw_array_files,False,Expression profiling by array,GPL1261,2013/09/13,24373973,,,True,,high,Derived from Nf1-/- P53-/- SKPs; spindle cell malignant peripheral nerve sheath tumor cell (SMPNST),Engineered Nf1-/-;P53-/- mouse MPNST cell line treated with Brd4 shRNA or JQ1 vs controls,mpnst,https://www.ncbi.nlm.nih.gov/geo/query/acc.cgi?acc=GSE50865
GSE52777,GEO,True,PRC2 loss amplifies Ras-driven transcription and confers sensitivity to BRD4-based therapies,NF1,Malignant peripheral nerve sheath tumor (MPNST),human,immortalized_cell_line,in_vitro_perturbation,False,False,nf_derived_cell_line,cell_line_provenance,15,15,15,3,3,0,control_isogenic_engineered,raw_array_files,False,Expression profiling by array; Genome binding/occupancy profiling by high throughput sequencing,GPL11154;GPL6244,2014/07/01,25119042,GSE62499;GSE62500,,True,,high,"MPNST cell line 90-8TL, SUZ12 re-expression vs LACZ control, JQ1/BRD4 ChIP-seq",90-8TL is an established NF1-patient-derived MPNST line; all samples derive from this single line under various treatments.,mpnst,https://www.ncbi.nlm.nih.gov/geo/query/acc.cgi?acc=GSE52777
GSE56598,GEO,True,Wide methylation analysis in vestibular schwannoma,NF2-SWN,Vestibular schwannoma;Non-vestibular schwannoma,human,patient_tissue,subtype_or_grade_comparison,True,False,mixed_nf_and_sporadic,per_sample_nf_status,89,89,20,6,14,30,control_unaffected_donor_normal,raw_array_files,False,Methylation profiling by genome tiling array; Expression profiling by array,GPL10739;GPL13534,2014/11/30,25533176,GSE56596;GSE56597,,True,,medium,"subtype: NF2 associated vs subtype: Sporadical, per-sample labeling of vestibular schwannoma tumors","Only 24/89 samples shown; 3 NF2-associated VS visible, rest sporadic/non-vestibular comparators; counts likely incomplete",nf2_disease;nf_generic;schwannoma_any;vestibular_schwannoma,https://www.ncbi.nlm.nih.gov/geo/query/acc.cgi?acc=GSE56598
GSE5675,GEO,True,Pilocytic astrocytoma,NF1,Non-optic LGG,human,patient_tissue,subtype_or_grade_comparison,True,False,mixed_nf_and_sporadic,stated_nf_cohort,41,41,0,0,0,0,none,raw_array_files,False,Expression profiling by array,GPL570,2007/03/14,17283119,,,True,,medium,gene expression profiling on 41 primary PAs arising sporadically and in patients with neurofibromatosis type 1 (NF1),Cohort mixes sporadic and NF1-associated PAs; sample-level NF1 status not given in shown records.,cognition;nf1_disease;nf_generic;non_optic_lgg,https://www.ncbi.nlm.nih.gov/geo/query/acc.cgi?acc=GSE5675
GSE57141,GEO,True,Defining key signaling nodes and therapeutic biomarkers in NF1-mutant cancers,NF1,Malignant peripheral nerve sheath tumor (MPNST),mouse,mouse_tissue,xenograft_or_in_vivo_treatment,False,False,engineered_nf_model,engineered_genotype,8,8,8,2,0,0,none,raw_array_files,False,Expression profiling by array,GPL6246,2014/07/01,24913553,,,True,,high,NPcis Mouse MPNST genetic model; NF1 tumor suppressor RasGAP loss underlies NF1-mutant nervous system malignancies,"NPcis engineered Nf1/p53 mouse MPNST model; 4 drug-treatment arms (vehicle, rapamycin, PD-0325901, combo), no untreated normal control tissue",mpnst;nf1_gene_model,https://www.ncbi.nlm.nih.gov/geo/query/acc.cgi?acc=GSE57141
GSE58260,GEO,True,Identification of gene expression pattern for glioma stem cells in low grade glioma,NF1,Optic pathway glioma,mouse,mouse_derived_culture,in_vitro_perturbation,False,False,engineered_nf_model,engineered_genotype,9,9,9,6,3,0,control_isogenic_engineered,raw_array_files,False,Expression profiling by array,GPL1261,2014/12/01,25772366,,,True,,high,Nf1-associated optic gliomas...Nf1flox/flox...Nf1+/-GFAP CKO optic nerve glioma stem cells,Engineered Nf1-/- NSCs and Nf1+/-GFAP CKO optic glioma stem cells vs wild-type/LacZ controls,non_optic_lgg;optic_pathway_glioma,https://www.ncbi.nlm.nih.gov/geo/query/acc.cgi?acc=GSE58260
GSE60082,GEO,True,Effective sorafenib treatment response in a panel of genomically-characterized malignant peripheral nerve sheath tumor orthoxenograft models,NF1,Malignant peripheral nerve sheath tumor (MPNST),human,pdx_or_xenograft,xenograft_or_in_vivo_treatment,False,False,mixed_nf_and_sporadic,per_sample_nf_status,12,12,7,7,0,5,none,raw_array_files,False,Expression profiling by array,GPL6244,2015/04/15,25810463,,,True,,high,nf1-associated: Yes/No per sample; three NF1-related and two sporadic MPNST orthoxenograft models; includes NF1-associated cell line S462,Dataset mixes NF1-associated (incl. S462 line) and sporadic MPNST orthoxenografts/primaries for comparison,mpnst;nf1_disease;nf_generic,https://www.ncbi.nlm.nih.gov/geo/query/acc.cgi?acc=GSE60082
GSE61282,GEO,True,Transformation of quiescent adult oligodendrocyte precursor cells into malignant glioma through a multi-step reactivation process,NF1,High grade glioma,mouse,mouse_tissue,tumor_vs_normal,True,False,engineered_nf_model,engineered_genotype,14,14,14,12,2,0,control_isogenic_engineered,raw_array_files,False,Expression profiling by array,GPL19163,2014/09/09,25246577,,,True,,high,used a temporally controllable Cre transgene to delete p53 and NF1 specifically in adult OPCs...gave rise to malignant gliomas,Compound p53/Nf1 conditional knockout mouse glioma model; grafted and induction timepoints vs normal OPC control,sleep,https://www.ncbi.nlm.nih.gov/geo/query/acc.cgi?acc=GSE61282
GSE61528,GEO,True,YAP mediates tumorigenesis in neurofibromatosis type 2 through a COX2-EGFR signaling axis,NF2-SWN,Non-vestibular schwannoma,mouse,mouse_derived_culture,in_vitro_perturbation,False,False,engineered_nf_model,engineered_genotype,6,6,6,0,3,0,control_isogenic_engineered,raw_counts,True,Expression profiling by high throughput sequencing,GPL14602;GPL16790,2016/04/30,27216189,,,True,,high,Nf2-null Schwann cells (SC4) treated with Control siRNA or YAP siRNA; tissue: Nf2-null schwannoma,"All 6 samples are Nf2-null SC4 mouse Schwann cells; comparison is siRNA knockdown vs control siRNA, not NF2 vs WT.",nf2_disease;nf2_gene_model;nf_generic;schwannoma_any,https://www.ncbi.nlm.nih.gov/geo/query/acc.cgi?acc=GSE61528
GSE62500,GEO,True,PRC2 loss amplifies Ras-driven transcription and confers sensitivity to BRD4-based therapies [expression array],NF1,Malignant peripheral nerve sheath tumor (MPNST),human,immortalized_cell_line,in_vitro_perturbation,False,False,nf_derived_cell_line,cell_line_provenance,9,9,9,0,3,0,control_isogenic_engineered,raw_array_files,False,Expression profiling by array,GPL6244,2014/10/21,25119042,,GSE52777,False,GSE52777,high,MPNST cell line 90-8TL; SUZ12 loss potentiates effects of NF1 mutations,90-8TL is NF1-patient-derived MPNST line; all 9 arrays are this line under LacZ/SUZ12/JQ1 conditions,mpnst,https://www.ncbi.nlm.nih.gov/geo/query/acc.cgi?acc=GSE62500
GSE65831,GEO,True,RNA-sequencing of tumor-associated microglia reveals Ccl5 as a stromal chemokine critical for neurofibromatosis-1 glioma growth,NF1,Optic pathway glioma,mouse,mouse_tissue,tumor_vs_normal,True,False,engineered_nf_model,engineered_genotype,6,6,6,4,2,0,control_isogenic_engineered,processed_matrix_only,True,Expression profiling by high throughput sequencing,GPL13112,2016/08/17,26585233,,,True,,high,genetically-engineered mouse model of neurofibromatosis type 1 (NF1) low-grade brain tumor (optic glioma); Nf1 flox/mut; GFAP-Cre vs Nf1 flox/mut,Flow-sorted tumor-associated microglia from Nf1 optic glioma mice (GFAP-Cre+) vs non-tumor-bearing Nf1 flox/mut controls (Cre-).,nf1_disease;nf_generic;non_optic_lgg;optic_pathway_glioma,https://www.ncbi.nlm.nih.gov/geo/query/acc.cgi?acc=GSE65831
GSE65865,GEO,True,Low-grade glioma microglia,NF1,Optic pathway glioma,mouse,mouse_tissue,in_vitro_perturbation,False,False,engineered_nf_model,engineered_genotype,8,8,8,4,4,0,control_isogenic_engineered,processed_matrix_only,True,Expression profiling by high throughput sequencing,GPL13112;GPL16417,2020/07/03,,,,True,,high,"Nf1 flox/flox; GFAP-Cre mice model optic nerve astrocyte Nf1 loss; microglia sorted from optic nerve, an OPG model","Engineered Nf1-deficient astrocyte mouse model; microglia profiled, not tumor cells themselves; FF vs FFC comparison",non_optic_lgg,https://www.ncbi.nlm.nih.gov/geo/query/acc.cgi?acc=GSE65865
GSE66743,GEO,True,Gene expression in malignant peripheral nerve sheat tumours and benign neurofibromas,NF1,Malignant peripheral nerve sheath tumor (MPNST),human,patient_tissue,subtype_or_grade_comparison,True,False,mixed_nf_and_sporadic,per_sample_nf_status,38,38,25,25,0,13,none,raw_array_files,False,Expression profiling by array,GPL2986,2015/03/11,25769404,,,True,,medium,hereditary status: Neurofibromatosis type 1 given per-patient for many MPNST samples; others labeled Sporadic,"30 MPNSTs (17 NF1, 13 sporadic per-sample) + 8 neurofibromas; hereditary status for neurofibroma subset not shown/unknown",cutaneous_neurofibroma;mpnst;neurofibroma_any;nf1_disease;nf_generic;plexiform_neurofibroma,https://www.ncbi.nlm.nih.gov/geo/query/acc.cgi?acc=GSE66743
GSE70742,GEO,True,Rac1-mediated DNA damage and inflammation promote Nf2 tumorigenesis but also limit cell cycle progression by inducing p53 checkpoint and cellular senescence,NF2-SWN,Other,mouse,mouse_tissue,tumor_vs_normal,True,False,engineered_nf_model,engineered_genotype,16,16,16,3,10,0,control_isogenic_engineered;control_matched_adjacent_normal,raw_array_files,False,Expression profiling by array,GPL6887,2016/12/01,27818180,,,True,,high,"Alb-cre;Nf2flox/flox liver tumor model; 'Nf2 tumorigenesis...well defined, genetically engineered murine liver model'","Engineered Nf2-null mouse liver tumor model (+Rac1 KO/DKO cohorts); manifestation is liver tumor, not on fixed list.",nf2_disease;nf2_gene_model;nf_generic,https://www.ncbi.nlm.nih.gov/geo/query/acc.cgi?acc=GSE70742
GSE77203,GEO,True,Cell-type dependent enhancer binding of the EWS/ATF1 fusion gene in clear cell sarcomas,NF1,Malignant peripheral nerve sheath tumor (MPNST),human+mouse,patient_tissue,other,False,False,mixed_nf_and_sporadic,per_sample_nf_status,26,26,4,4,0,0,none,raw_array_files,False,Expression profiling by array,GPL6244;GPL6246,2019/07/18,31488818,,GSE77205,False,GSE77205,medium,"MPNST 830/937/1080/1082 annotated 'sample type: NF1 patient'; rest of dataset is EWS/ATF1-driven clear cell sarcoma, not NF-associated","4/26 samples are NF1-patient MPNST tissue; majority (CCS, mouse sarcoma model, MP-CCS-SY) are unrelated to NF",mpnst;nf1_gene_model,https://www.ncbi.nlm.nih.gov/geo/query/acc.cgi?acc=GSE77203
GSE77205,GEO,True,Cell-type dependent enhancer binding of the EWS/ATF1 fusion gene in clear cell sarcomas,NF1,Malignant peripheral nerve sheath tumor (MPNST),human+mouse,patient_tissue,subtype_or_grade_comparison,True,False,mixed_nf_and_sporadic,per_sample_nf_status,35,35,4,4,0,0,none,raw_array_files,False,Expression profiling by array; Genome binding/occupancy profiling by high throughput sequencing,GPL13112;GPL19057;GPL6244;GPL6246,2019/07/18,,GSE77203;GSE77204,,True,,medium,MPNST 830/937/1080/1082 :: sample type: NF1 patient | tissue: surgically resected human sarcoma sample,"4 of 35 samples are NF1-patient MPNSTs used as comparator; rest are clear cell sarcoma (EWS/ATF1) and mouse models, unrelated to NF.",mpnst;nf1_gene_model,https://www.ncbi.nlm.nih.gov/geo/query/acc.cgi?acc=GSE77205
GSE78895,GEO,True,Rictor/mTORC2 signaling has opposing functions in adult glioma and childhood SHH medulloblastoma,NF1,High grade glioma,mouse,mouse_tissue,tumor_vs_normal,True,False,mixed_nf_and_sporadic,engineered_genotype,32,32,23,13,10,9,control_isogenic_engineered,raw_array_files,False,Expression profiling by array,GPL9523,2018/06/01,29996106,,,True,,medium,p53 loss combined with germline Nf1 mutation; genotype hGFAP-cre;p53KO/+;Nf1+/flox and p53flox/flox;Nf1KO/+ gliomas,Series mixes engineered Nf1-mutant gliomas with non-Nf1 p53-only gliomas and normal brain controls in same platform.,nf1_gene_model,https://www.ncbi.nlm.nih.gov/geo/query/acc.cgi?acc=GSE78895
GSE78901,GEO,True,"Expression data of three sets of cells: (1) Schwann cells and macrophages from 1m-old WT DRG, (2) Schwann cells (Nf1-/-) and macrophages (Nf1+/+) from 1m-old neurofibroma, (3) Schwann cells (Nf1-/-) and macrophages (Nf1+/+) from 7m-old neurofibroma",NF1,Plexiform neurofibroma,mouse,mouse_derived_culture,tumor_vs_normal,True,False,engineered_nf_model,engineered_genotype,23,23,21,15,6,0,control_isogenic_engineered,raw_array_files,False,Expression profiling by array,GPL16570,2017/05/01,28256556,,,True,,high,Schwann cells (Nf1-/-) and macrophages (Nf1+/+) from neurofibroma vs WT DRG Schwann cells,Engineered Nf1-/- mouse neurofibroma model; 2 universal batch controls excluded from counts,neurofibroma_any,https://www.ncbi.nlm.nih.gov/geo/query/acc.cgi?acc=GSE78901
GSE84205,GEO,True,mTOR and HDAC inhibitors converge on the TXNIP/thioredoxin pathway to cause catastrophic oxidative stress and regression of RAS-driven tumors,NF1,Malignant peripheral nerve sheath tumor (MPNST),human,immortalized_cell_line,in_vitro_perturbation,False,False,nf_derived_cell_line,cell_line_provenance,12,12,12,3,0,0,none,raw_array_files,False,Expression profiling by array,GPL6244,2017/10/23,28963352,,,True,,high,human MPNST cells (90-8TL); mTOR and HDAC inhibitors induce cell death of malignant peripheral nerve sheath tumors,90-8TL is an established NF1-patient-derived MPNST line; all 12 arrays are treatment arms of this single cell line,mpnst,https://www.ncbi.nlm.nih.gov/geo/query/acc.cgi?acc=GSE84205
GSE8717,GEO,True,Expression data from Human MPNST cancer cells infected with G207 and oncolytic HSV,NF1,Malignant peripheral nerve sheath tumor (MPNST),human,immortalized_cell_line,in_vitro_perturbation,False,False,mixed_nf_and_sporadic,cell_line_provenance,22,22,13,7,0,9,none,raw_array_files,False,Expression profiling by array,GPL570,2007/08/08,18551144,,,True,,medium,"5 human MPNST cancer cell lines (8814/ST88-14, 90-8/90-8TL, S462, T265, 26T) infected with G207 or mock","8814, 90-8, S462, T265 match known NF1-patient MPNST lines; 26T (STS26T) not listed as NF-derived, likely sporadic comparator",mpnst,https://www.ncbi.nlm.nih.gov/geo/query/acc.cgi?acc=GSE8717
GSE94082,GEO,True,Molecular profiling of rhabdoid tumors in a Smarcb1-deficient mouse model,SWN,Other,mouse,mouse_tissue,single_arm_profiling,False,False,engineered_nf_model,engineered_genotype,12,12,12,12,0,0,none,raw_array_files,True,Expression profiling by high throughput sequencing,GPL21103,2017/10/31,28824165,,,True,,high,"Smarcb1 loss in early neural crest initiated tumorigenesis in cranial nerves/meninges with molecular profiles of human rhabdoid tumors, modeling SMARCB1 germline predisposition","Conditional Smarcb1-KO mice model SMARCB1 germline tumor predisposition syndrome; tumors are rhabdoid, not schwannoma, so no listed manifestation fits well",nf2_gene_model;schwannoma_any;schwannomatosis,https://www.ncbi.nlm.nih.gov/geo/query/acc.cgi?acc=GSE94082
GSE96738,GEO,True,Transcriptional profile of  homozygous inactivation of Nf1 in mature oligodendrocytes,NF1,Other,mouse,mouse_tissue,other,False,False,engineered_nf_model,engineered_genotype,6,6,6,3,3,0,control_isogenic_engineered,raw_array_files,True,Expression profiling by high throughput sequencing,GPL17021,2017/03/17,28423318,,,True,,high,Homozygous inactivation of Nf1 induced by Tamoxifen in adult PlpCreER;Nf1flox/flox mice; optic nerve RNA-seq vs Nf1flox/+ and Nf1flox/flox controls,"Engineered conditional Nf1 knockout in oligodendrocytes; models myelin/white matter changes, not a tumor phenotype",nf1_gene_model,https://www.ncbi.nlm.nih.gov/geo/query/acc.cgi?acc=GSE96738
E-MEXP-258,ArrayExpress,False,Transcription profiling of human NF1 heterozygous (NF1+/-) melanocytes from a neurofibromatosis type 1 patient and NF1 wild type melanocytes,NF1,Other,human,patient_derived_primary_culture,other,True,False,germline_nf_patient,stated_nf_cohort,16,0,0,0,0,0,control_unaffected_donor_normal,raw_array_files,False,transcription profiling by array,,2005-02-05,,,,True,,high,NF1+/- melanocytes from an NF1 patient compared with NF1 wild-type melanocytes; cafe-au-lait macule biology.,"Melanocyte/pigmentary phenotype has no dedicated manifestation label, so labelled Other.",,https://www.ebi.ac.uk/biostudies/arrayexpress/studies/E-MEXP-258
E-MEXP-2766,ArrayExpress,False,Transcription profiling by array of human ST88 cells treated with FTS,NF1,Malignant peripheral nerve sheath tumor (MPNST),human,immortalized_cell_line,in_vitro_perturbation,False,False,nf_derived_cell_line,cell_line_provenance,2,0,0,0,0,0,none,raw_array_files,False,transcription profiling by array,,2011-04-01,,,,True,,high,Sample characteristics give DiseaseState 'neurofibromatosis-NF1' and CellLine ST88-14 (NF1 patient MPNST line); FTS vs vehicle.,"Two arrays only; treatment arm, not a case/control comparison.",,https://www.ebi.ac.uk/biostudies/arrayexpress/studies/E-MEXP-2766
E-MTAB-13334,ArrayExpress,False,Single cell RNA sequencing of subcutaneous nerves from 3-month-old control and mutant mice in the context of neurofibromatosis type 1,NF1,Plexiform neurofibroma,mouse,mouse_tissue,tumor_vs_normal,True,True,engineered_nf_model,engineered_genotype,132,0,0,0,0,0,control_isogenic_engineered,processed_matrix_only,False,RNA-seq of coding RNA from single cells,,2025-08-30,,,,True,,high,Genotype Prss56cre;R26mt;Nf1flox/flox vs littermate control; thickened subcutaneous nerves sampled before tumour formation.,Pre-tumour nerve; labelled Plexiform neurofibroma as the tumour these nerves progress to.,,https://www.ebi.ac.uk/biostudies/arrayexpress/studies/E-MTAB-13334
E-MTAB-14222,ArrayExpress,False,Deciphering cellular and molecular signatures of malignant progression in neurofibromatosis type 1 using single-cell transcriptomics,NF1,Plexiform neurofibroma;Malignant peripheral nerve sheath tumor (MPNST),mouse,mouse_tissue,subtype_or_grade_comparison,True,True,engineered_nf_model,engineered_genotype,160,0,0,0,0,0,control_isogenic_engineered,processed_matrix_only,False,RNA-seq of coding RNA from single cells,,2025-08-26,,,,True,,high,Prss56cre-driven Nf1 model sampled across neurofibroma-to-MPNST progression.,,,https://www.ebi.ac.uk/biostudies/arrayexpress/studies/E-MTAB-14222
E-TABM-69,ArrayExpress,False,Transcription profiling of human neurofibromatosis type 1,NF1,Plexiform neurofibroma;Malignant peripheral nerve sheath tumor (MPNST),human,patient_tissue,subtype_or_grade_comparison,True,False,germline_nf_patient,stated_nf_cohort,20,0,0,0,0,0,none,raw_array_files,False,transcription profiling by array,,2007-01-12,,,,True,,medium,Plexiform neurofibroma (PN-*) and grade III MPNST samples from one NF1 cohort (Henri Mondor); two-colour arrays against a pooled reference.,"Pooled 'pool-cut' reference channel, not a biological control; NF1 status stated at series level only.",,https://www.ebi.ac.uk/biostudies/arrayexpress/studies/E-TABM-69
