gene_target,constituent_genes,label_type,disease,manifestation,n_supporting_papers,evidence_tier,n_fulltext_supported,n_fulltext_partial,n_fulltext_not_supported,n_papers_fulltext_read,n_papers_abstract_only,n_preprint_papers,preprint_only,verdicts_from_whole_body,verdicts_from_earlier_pass,mechanism,study_system,supporting_pmids,paper_access,likely_biomarker,mutation_restricted,mutation_context,tme_target,annotation_note,annotation_source
MAP2K1/2 (MEK1/2),MAP2K1;MAP2K2,family,NF1,Plexiform neurofibroma,34,full text - supported,10,2,2,21,13,0,False,11,3,"This paper tests MEKi (selumetinib) as monotherapy and combined with FTY720: it reduces neurofibroma number in DhhCre;Nf1fl/fl mice, inhibits tumor sphere formation from mouse/human Schwann cell progenitors, suppresses Schwann cell growth/migration, and increases apoptosis.",clinical trial;mouse model;review,28029918;31913576;32108293;32187457;32601904;32657748;32939452;33683166;33751171;34885143;35301838;35467749;35657359;35788692;37328781;37344677;37906356;38975694;39034326;39514826;39762421;40393479;40473450;40565537;40709016;40732327;40900834;40932001;40968507;41100399;42116118;42394972;42527881;42540436,28029918:full_text;31913576:full_text;32108293:abstract_only;32187457:full_text;32601904:abstract_only;32657748:full_text;32939452:full_text;33683166:abstract_only;33751171:abstract_only;34885143:full_text;35301838:abstract_only;35467749:full_text;35657359:abstract_only;35788692:full_text (PDF supplied);37328781:full_text;37344677:abstract_only;37906356:abstract_only;38975694:full_text;39034326:abstract_only;39514826:full_text;39762421:full_text;40393479:full_text;40473450:full_text;40565537:full_text;40709016:full_text;40732327:full_text;40900834:full_text;40932001:abstract_only;40968507:abstract_only;41100399:abstract_only;42116118:full_text;42394972:full_text;42527881:abstract_only;42540436:full_text,False,False,,False,"MEK1/2 has approved inhibitors (selumetinib) with direct pharmacology on RAS-pathway-driven Schwann-lineage tumor cells, relevant to essentially all NF1-driven tumors.",model
MAP2K1/2 (MEK1/2),MAP2K1;MAP2K2,family,NF1,Pain,12,full text - supported,4,2,1,11,1,0,False,5,2,"Selumetinib, an oral MEK1/2 inhibitor blocking RAS/MAPK pathway overactive due to neurofibromin loss, produced durable plexiform neurofibroma shrinkage and clinically meaningful decreases in tumor-related pain intensity and interference.",clinical trial;review,28029918;32108293;32187457;35467749;35788692;38975694;39514826;39762421;40393479;40473450;40565537;42394972,28029918:full_text;32108293:abstract_only;32187457:full_text;35467749:full_text;35788692:full_text (PDF supplied);38975694:full_text;39514826:full_text;39762421:full_text;40393479:full_text;40473450:full_text;40565537:full_text;42394972:full_text,False,False,,False,"MEK1/2 has approved inhibitors (selumetinib) with direct pharmacology on RAS-pathway-driven Schwann-lineage tumor cells, relevant to essentially all NF1-driven tumors.",model
PRC2 (EED/SUZ12/EZH2),EED;SUZ12;EZH2,complex,NF1,Malignant peripheral nerve sheath tumor (MPNST),13,full text - supported,3,2,0,6,7,0,False,2,3,"PRC2 complex (EED/SUZ12) is biallelically inactivated via somatic SVs in a subset of MPNSTs, causing H3K27me3 loss, distinct genomic evolution (near-haploidization, WGD, chr8 amplification), reduced immune infiltration, and worse prognosis in NF1 patients.",cell line;human tissue;mouse model,26857854;28551330;30169729;30306639;31262833;34283254;34432163;36598417;37670622;39620202;40063513;42135588;42310314,26857854:abstract_only;28551330:full_text;30169729:abstract_only;30306639:full_text;31262833:abstract_only;34283254:abstract_only;34432163:abstract_only;36598417:full_text;37670622:abstract_only;39620202:full_text;40063513:full_text;42135588:abstract_only;42310314:full_text,True,True,"Biallelic somatic SV-mediated inactivation of EED/SUZ12 (PRC2 loss), found in a subset (~50-80%) of MPNSTs, not all NF1 tumors",False,"PRC2 loss is a tumor-suppressor lesion (nothing to inhibit) best used as a prognostic/stratification biomarker, acting tumor-cell-intrinsically in a genomically-defined MPNST subset.",model
MAP2K1/2 (MEK1/2),MAP2K1;MAP2K2,family,NF1,Optic pathway glioma,11,full text - supported,3,0,0,5,6,0,False,3,0,"NF1-associated OPGs arise from biallelic NF1-inactivated glioma stem cells/astrocytes with haploinsufficient stromal microenvironment; MEK inhibition (selumetinib) targets Ras/MAPK dysregulation, showing activity in NF1-associated LGG trials.",clinical trial;review,25534823;30387339;33751171;34885143;35210278;35419473;35545829;37401302;42176046;42276973;42482124,25534823:full_text;30387339:abstract_only;33751171:abstract_only;34885143:full_text;35210278:full_text;35419473:abstract_only;35545829:full_text;37401302:abstract_only;42176046:abstract_only;42276973:full_text;42482124:abstract_only,False,False,,False,"MEK1/2 has approved inhibitors (selumetinib) with direct pharmacology on RAS-pathway-driven Schwann-lineage tumor cells, relevant to essentially all NF1-driven tumors.",model
MAP2K1/2 (MEK1/2),MAP2K1;MAP2K2,family,NF1,Non-optic LGG,7,full text - supported,3,0,1,6,1,0,False,3,1,"NF1-associated OPGs arise from biallelic NF1-inactivated glioma stem cells/astrocytes with haploinsufficient stromal microenvironment; MEK inhibition (selumetinib) targets Ras/MAPK dysregulation, showing activity in NF1-associated LGG trials.",clinical trial;review,31151904;32601903;33026636;34885143;35210278;35545829;35788692,31151904:full_text;32601903:abstract_only;33026636:full_text;34885143:full_text;35210278:full_text;35545829:full_text;35788692:full_text (PDF supplied),False,False,,False,"MEK1/2 has approved inhibitors (selumetinib) with direct pharmacology on RAS-pathway-driven Schwann-lineage tumor cells, relevant to essentially all NF1-driven tumors.",model
MTOR,MTOR,gene,NF2-SWN,Vestibular schwannoma,4,full text - supported,3,0,1,4,0,0,False,3,1,"Merlin/NF2 loss activates mTORC1 (pS6) and mTORC2 (pAkt, SGK1, pNDRG1) in VS cells; combined AZD2014 (mTORC1/2 inhibitor) and dasatinib synergistically reduce metabolic activity and inhibit tumor growth in vitro and in vivo.",clinical trial;human tissue;mouse model,32144278;32232723;34224367;38058737,32144278:full_text;32232723:full_text;34224367:full_text;38058737:full_text,False,False,,False,"mTOR is directly druggable (everolimus, AZD2014) acting on the tumor cell itself in NF1/NF2-driven tumors, relevant across essentially all patients with these manifestations.",model
CACNA1B,CACNA1B,gene,NF1,Pain,3,full text - supported,3,0,0,3,0,0,False,3,0,"Cav2.2 (CACNA1B) currents/CGRP release increased in Nf1+/- sensory neurons via CRMP2 interaction; t-CNRP1 disrupts CRMP2-Cav2.2 binding, reducing Ca2+ influx and pain behaviors",mouse model,28767512;29655575;31246731,28767512:full_text;29655575:full_text;31246731:full_text,False,False,,False,"Cav2.2 is a druggable ion channel (ziconotide precedent) driving CGRP release from sensory neurons, relevant to all Nf1+/- pain, not tumor/stroma.",model
VEGFA,VEGFA,gene,NF2-SWN,Vestibular schwannoma,14,full text - supported,2,1,2,6,8,0,False,5,0,"Bevacizumab (anti-VEGF antibody) given to NF2 vestibular schwannoma patients; systematic review found 41% tumor regression, 20% hearing improvement, 69% no further hearing loss; dose-dependent toxicity noted.",clinical trial;human tissue,26022982;31534897;31902875;32232723;32470937;32657748;36139588;37025569;37906356;40140675;40434540;40956079;41053457;41250253,26022982:abstract_only;31534897:abstract_only;31902875:full_text;32232723:full_text;32470937:abstract_only;32657748:full_text;36139588:full_text;37025569:full_text;37906356:abstract_only;40140675:full_text;40434540:abstract_only;40956079:abstract_only;41053457:abstract_only;41250253:abstract_only,False,False,,True,"VEGFA is directly druggable (bevacizumab shows clinical efficacy in NF2 schwannoma) and acts via anti-angiogenic effects on tumor endothelium, not the Schwann-lineage tumor cell.",model
MAP2K1/2 (MEK1/2),MAP2K1;MAP2K2,family,NF1,Malignant peripheral nerve sheath tumor (MPNST),8,full text - supported,2,2,1,8,0,0,False,5,0,"Trametinib (MEK1/2i) monotherapy causes only transient ERK suppression, feedback RTK/RAS-GTP upregulation, and minimal antitumor effect in NF1-MPNST allografts/PDX; inferior to SHP2 inhibition, not to CDK4/6i combination as claimed.",cell line;human tissue;mouse model;review,33456709;35788692;39620202;39793045;40630199;41504652;42310314;42540436,33456709:full_text;35788692:full_text (PDF supplied);39620202:full_text;39793045:full_text;40630199:full_text;41504652:full_text;42310314:full_text;42540436:full_text,False,False,,False,"MEK1/2 has approved inhibitors (selumetinib) with direct pharmacology on RAS-pathway-driven Schwann-lineage tumor cells, relevant to essentially all NF1-driven tumors.",model
TP53,TP53,gene,NF1,Malignant peripheral nerve sheath tumor (MPNST),6,full text - supported,2,1,0,5,1,0,False,1,2,Consensus paper lists TP53 inactivating mutation as a sufficient molecular feature for MPNST diagnosis in NF1; TP53-altered MPNST show worse outcomes.,human tissue;review,20043723;24470531;28551330;36598417;37670622;39500722,20043723:full_text (PDF supplied);24470531:full_text (PDF supplied);28551330:full_text;36598417:full_text;37670622:abstract_only;39500722:full_text,True,True,"TP53 inactivating mutation/deletion in TP53-altered MPNST, a subset of NF1-associated MPNST (not present in benign neurofibromas or germline NF1 loss)",False,"TP53 loss is undruggable directly and serves as a diagnostic/prognostic marker restricted to the TP53-altered MPNST subset, acting tumor-cell-intrinsically.",model
MTOR,MTOR,gene,NF2-SWN,Meningioma,3,full text - supported,2,0,0,2,1,0,False,2,0,mTORC1/mTORC2 activated in NF2-deficient meningioma cells; dual mTORC1/2 inhibitor combined with dasatinib produced strong growth inhibition in orthotopic model.,clinical trial;mouse model,25012485;29982664;34224367,25012485:abstract_only;29982664:full_text;34224367:full_text,False,False,,False,"mTOR is directly druggable (everolimus, AZD2014) acting on the tumor cell itself in NF1/NF2-driven tumors, relevant across essentially all patients with these manifestations.",model
PI3K (family),PIK3CA;PIK3CB;PIK3CD;PIK3R1,family,NF2-SWN,Vestibular schwannoma,3,full text - supported,2,1,0,3,0,1,False,2,1,"PI3K inhibition (pictilisib) reduces viability/growth of merlin-deficient Schwann cells in vitro and, combined with PAK inhibitor PF-3758309, reduces orthotopic schwannoma allograft growth via decreased proliferation and increased apoptosis.",cell line;mouse model,37886501;38336988;41898501,37886501:full_text;38336988:full_text;41898501:full_text,False,False,,False,"PI3K inhibitors (e.g., pictilisib) directly target hyperactivated PI3K in tumour Schwann/glioma cells downstream of NF1/NF2 loss, present in essentially all patients.",model
AURKA,AURKA,gene,NF1,Malignant peripheral nerve sheath tumor (MPNST),2,full text - supported,2,0,0,2,0,0,False,2,0,"AURKA overexpressed in MPNST vs neurofibromas; AURKA siRNA and small-molecule inhibitors (e.g., MLN8237) preferentially reduced viability of NF1-mutant MPNST cell lines over NF2 lines.",cell line;mouse model,24470531;32266095,24470531:full_text (PDF supplied);32266095:full_text (PDF supplied),False,False,,False,"AURKA is a druggable kinase (MLN8237/alisertib is clinical-stage) acting directly on NF1-mutant MPNST tumor cells, not a mutation-restricted biomarker or stromal target.",model
AXL,AXL,gene,NF1,Plexiform neurofibroma,2,full text - supported,2,0,0,2,0,0,False,2,0,"Serum AXL was significantly lower in NF1 patients with MPNST than those with high-load plexiform neurofibromas; AXL levels correlated with internal tumor burden, not significantly different from no-tumor patients.",computational;human tissue,32193699;36134665,32193699:full_text;36134665:full_text,True,False,,True,"Used here as a serum biomarker tracking tumor burden, not a drug target; AXL itself is druggable (e.g. bemcentinib) but acts mainly via TME/endothelial-immune signaling.",model
CD274,CD274,gene,NF1,Plexiform neurofibroma,2,full text - supported,2,0,0,2,0,0,False,2,0,Serum PD-L1 (CD274) significantly elevated in NF1 patients with MPNST versus those with plexiform neurofibroma or no tumor; authors propose it as biomarker and rationale for anti-PD-L1/PD-1 checkpoint immunotherapy.,human tissue;mouse model,32193699;37817770,32193699:full_text;37817770:full_text,True,False,,True,"Approved anti-PD-L1/PD-1 checkpoint agents exist, but here CD274 is used as a serum stratification biomarker and would act on tumor-infiltrating T cells/immune microenvironment, not the Schwann-lineage tumor cell.",model
CRMP2,DPYSL2,gene,NF1,Pain,2,full text - supported,2,0,0,2,0,0,False,2,0,"CRMP2 binds neurofibromin and Cav2.2; loss of neurofibromin frees CRMP2 to bind syntaxin1A/Cav2.2, increasing CGRP release; t-CNRP1 peptide reverses inflammatory, postsurgical, neuropathic pain",mouse model,28767512;29655575,28767512:full_text;29655575:full_text,False,False,,False,"CRMP2 is druggable directly (t-CNRP1 peptide disrupts CRMP2-Cav2.2 to block CGRP release); relevant to all NF1 patients via germline neurofibromin loss, acting on sensory neurons, not TME.",model
PAK (family),PAK1;PAK2;PAK3;PAK4;PAK5;PAK6,family,NF2-SWN,Vestibular schwannoma,2,full text - supported,2,0,0,2,0,1,False,1,1,"PAK inhibitor PF-3758309 combined with PI3K inhibitor pictilisib synergistically reduced merlin-deficient Schwann cell viability, decreased proliferation (Ki67), increased apoptosis, and reduced orthotopic vestibular schwannoma allograft tumor growth in mice.",mouse model,37886501;38336988,37886501:full_text;38336988:full_text,False,False,,False,"PAK has clinical-stage inhibitors (PF-3758309) acting directly on merlin-deficient Schwann tumor cells, relevant to all NF2-SWN patients, not a specific subgenotype.",model
RAS (pan),HRAS;KRAS;NRAS,family,NF1,Other,2,full text - supported,2,0,0,2,0,0,False,1,1,"This review states RASopathies, including NF1, are caused by germline mutations in components/regulators of the RAS/MAPK pathway (neurofibromin as RAS-GAP).",review,23875798;35188187,23875798:full_text;35188187:full_text,False,False,,False,"RAS itself is now directly druggable (KRAS G12C/G12D inhibitors, pan-RAS/SOS1 agents) and acts on tumor Schwann-lineage cells via MAPK hyperactivation, relevant across NF1/SWN broadly, not a restricted subgroup.",model
RAS (pan),HRAS;KRAS;NRAS,family,SWN,Non-vestibular schwannoma,2,full text - supported,2,0,0,2,0,0,False,1,1,"LZTR1 mutations dysregulate RAS ubiquitination, causing impaired degradation of RAS superfamily proteins; loss-of-function LZTR1 variants remove negative regulation of RAS/MAPK signaling, driving proliferation and schwannoma development.",mouse model;review,30442762;39062695,30442762:full_text;39062695:full_text,False,False,,False,"RAS itself is now directly druggable (KRAS G12C/G12D inhibitors, pan-RAS/SOS1 agents) and acts on tumor Schwann-lineage cells via MAPK hyperactivation, relevant across NF1/SWN broadly, not a restricted subgroup.",model
YAP1,YAP1,gene,NF2-SWN,Vestibular schwannoma,2,full text - supported,2,0,0,2,0,0,False,2,0,"CUDC907 (fimepinostat), a dual HDAC/PI3K inhibitor, lowered YAP levels and reduced viability/growth in schwannoma xenograft models and primary vestibular schwannoma cells.",cell line,38928264;41898501,38928264:full_text;41898501:full_text,False,False,,False,"YAP acts downstream of merlin loss in tumour cells itself; druggable indirectly via CUDC907, which lowers YAP and reduces schwannoma/meningioma cell viability.",model
CDKN2A,CDKN2A,gene,NF1,Malignant peripheral nerve sheath tumor (MPNST),12,full text - supported,1,1,0,8,4,0,False,1,1,Loss of the CDKN2A/9p21 locus encoding p16 characterizes one of the earliest steps in malignant transformation of neurofibromas to MPNST.,mouse model;review,20043723;21987445;26857854;28124441;28551330;31091306;32816910;36598417;36866403;38127282;40063513;42310314,20043723:full_text (PDF supplied);21987445:abstract_only;26857854:abstract_only;28124441:abstract_only;28551330:full_text;31091306:abstract_only;32816910:full_text;36598417:full_text;36866403:full_text;38127282:full_text;40063513:full_text;42310314:full_text,True,True,"CDKN2A/9p21 (p16) homozygous deletion, found in a subset of atypical neurofibromas and most MPNSTs, not present in benign plexiform neurofibromas",False,"CDKN2A loss is a tumor-suppressor deletion best used as a diagnostic/prognostic marker of malignant progression, not a druggable target, and acts within the Schwann-cell lineage.",model
CDKN2A,CDKN2A,gene,NF1,ANNUBP / atypical neurofibroma,10,full text - supported,1,1,1,6,4,0,False,2,1,"Cdkn2a loss combined with Nf1 loss abrogates senescence checkpoint in Schwann cells, enabling progression from neurofibroma to atypical neurofibroma (GEM-ANF) and subsequent transformation to MPNST-like tumors.",human tissue;mouse model,21987445;26857854;28551330;31091306;32816910;36636686;36866403;38127282;42135588;42310314,21987445:abstract_only;26857854:abstract_only;28551330:full_text;31091306:abstract_only;32816910:full_text;36636686:full_text;36866403:full_text;38127282:full_text;42135588:abstract_only;42310314:full_text,True,True,"CDKN2A/9p21 (p16) homozygous deletion, found in a subset of atypical neurofibromas and most MPNSTs, not present in benign plexiform neurofibromas",False,"CDKN2A loss is a tumor-suppressor deletion best used as a diagnostic/prognostic marker of malignant progression, not a druggable target, and acts within the Schwann-cell lineage.",model
RAS (pan),HRAS;KRAS;NRAS,family,NF1,Plexiform neurofibroma,7,full text - supported,1,3,0,4,3,0,False,3,1,"Neurofibromin is a RAS/MAPK negative regulator; NF1 loss in Hoxb7-lineage Schwann cell precursors drives cutaneous and plexiform neurofibroma formation, with Hippo pathway dysregulation enhancing MAPK/p-ERK activation from NF1 loss.",human tissue;mouse model;review,12432832;25917340;30348677;33683166;35188187;36139671;41256734,12432832:abstract_only;25917340:abstract_only;30348677:full_text;33683166:abstract_only;35188187:full_text;36139671:full_text;41256734:full_text,False,False,,False,"RAS itself is now directly druggable (KRAS G12C/G12D inhibitors, pan-RAS/SOS1 agents) and acts on tumor Schwann-lineage cells via MAPK hyperactivation, relevant across NF1/SWN broadly, not a restricted subgroup.",model
MTOR,MTOR,gene,NF1,Optic pathway glioma,5,full text - supported,1,1,0,3,2,0,False,2,0,NF1 mutated in 15% of GBM; mTOR pathway constitutively active in NF1-deficient cells; rapamycin sensitivity shown mainly in MPNST and low-grade optic glioma models.,mouse model;review,20043723;25534823;30387339;35545829;37401302,20043723:full_text (PDF supplied);25534823:full_text;30387339:abstract_only;35545829:full_text;37401302:abstract_only,False,False,,False,"mTOR is directly druggable (everolimus, AZD2014) acting on the tumor cell itself in NF1/NF2-driven tumors, relevant across essentially all patients with these manifestations.",model
SUZ12,SUZ12,gene,NF1,Malignant peripheral nerve sheath tumor (MPNST),5,full text - supported,1,0,0,2,3,0,False,1,0,"SUZ12 inactivating mutation (PRC2 subunit) proposed as sufficient molecular feature for MPNST diagnosis, correlating with H3K27me3 loss in most MPNST.",review,28124441;33588442;34283254;37670622;39500722,28124441:abstract_only;33588442:full_text (PDF supplied);34283254:abstract_only;37670622:abstract_only;39500722:full_text,True,True,"SUZ12 (or EED) inactivating mutation causing PRC2 loss-of-function, found in ~70-90% of high-grade/malignant MPNST but not other NF1 manifestations",False,"SUZ12 loss (PRC2 inactivation, H3K27me3 loss) is a diagnostic/subtyping marker for MPNST, not a direct drug target; no inhibitor restores a tumour-suppressor deletion.",model
MTOR,MTOR,gene,NF1,Non-optic LGG,4,full text - supported,1,0,0,3,1,0,False,1,0,"mTOR is a key downstream signaling node regulating cell growth/proliferation; everolimus (mTOR inhibitor) tested in phase II trials for recurrent/progressive pediatric LGG including NF1-associated OPG, showing partial responses.",review,30239952;32236425;32601903;35545829,30239952:full_text;32236425:full_text;32601903:abstract_only;35545829:full_text,False,False,,False,"mTOR is directly druggable (everolimus, AZD2014) acting on the tumor cell itself in NF1/NF2-driven tumors, relevant across essentially all patients with these manifestations.",model
PRC2 (EED/SUZ12/EZH2),EED;SUZ12;EZH2,complex,NF1,ANNUBP / atypical neurofibroma,4,full text - supported,1,1,0,3,1,0,False,2,0,"PRC2 (SUZ12) loss in 2KO cells disrupts pluripotency, induces MSC-like features, causes chromatin reorganization and neuro-mesenchymal transcriptional programs mimicking PNF-ANNUBP-MPNST progression.",cell line;mouse model,28551330;39620202;42135588;42310314,28551330:full_text;39620202:full_text;42135588:abstract_only;42310314:full_text,True,True,"Biallelic somatic SV-mediated inactivation of EED/SUZ12 (PRC2 loss), found in a subset (~50-80%) of MPNSTs, not all NF1 tumors",False,"PRC2 loss is a tumor-suppressor lesion (nothing to inhibit) best used as a prognostic/stratification biomarker, acting tumor-cell-intrinsically in a genomically-defined MPNST subset.",model
MAP2K1/2 (MEK1/2),MAP2K1;MAP2K2,family,NF1,Cognition / Behavioral / Learning,3,full text - supported,1,0,0,2,1,1,False,1,0,"Selumetinib significantly improved VCI, PSI, and FSIQ scores in children and adults after 12-26 cycles; borderline/overt intellectual disability proportions decreased; improvement speculatively attributed to restored RAS-MAPK activity.",clinical trial,35788692;38975694;40766628,35788692:full_text (PDF supplied);38975694:full_text;40766628:abstract_only,False,False,,False,"MEK1/2 has approved inhibitors (selumetinib) with direct pharmacology on RAS-pathway-driven Schwann-lineage tumor cells, relevant to essentially all NF1-driven tumors.",model
MTOR,MTOR,gene,NF1,Malignant peripheral nerve sheath tumor (MPNST),3,full text - supported,1,0,0,3,0,0,False,1,0,NF1 loss hyperactivates RAS/MEK and PI3K-mTOR effector pathways driving MPNST; trial tested combined MEK (selumetinib) and mTOR (sirolimus) inhibition as therapeutic strategy.,clinical trial,20043723;24470531;41504652,20043723:full_text (PDF supplied);24470531:full_text (PDF supplied);41504652:full_text,False,False,,False,"mTOR is directly druggable (everolimus, AZD2014) acting on the tumor cell itself in NF1/NF2-driven tumors, relevant across essentially all patients with these manifestations.",model
RAS (pan),HRAS;KRAS;NRAS,family,NF1,Cutaneous neurofibroma,3,full text - supported,1,1,0,2,1,0,False,1,1,"NF1 loss in Hoxb7-lineage Schwann cell precursors causes biallelic Nf1 inactivation, driving MAPK/RAS pathway hyperactivation (increased p-ERK1/2) and generating diffuse cutaneous neurofibroma, modifiable by Hippo pathway alterations.",mouse model;review,12432832;30348677;36139671,12432832:abstract_only;30348677:full_text;36139671:full_text,False,False,,False,"RAS itself is now directly druggable (KRAS G12C/G12D inhibitors, pan-RAS/SOS1 agents) and acts on tumor Schwann-lineage cells via MAPK hyperactivation, relevant across NF1/SWN broadly, not a restricted subgroup.",model
RAS (pan),HRAS;KRAS;NRAS,family,NF1,Cognition / Behavioral / Learning,3,full text - supported,1,0,0,1,2,0,False,1,0,"Neurofibromin loss causes RAS hyperactivation increasing GABAergic transmission, impairing LTP and causing social/spatial learning deficits in Nf1+/- mice; KRAS/NRAS depletion or MEK/RAS normalization reverses deficits.",review,12432832;28256688;35188187,12432832:abstract_only;28256688:abstract_only;35188187:full_text,False,False,,False,"RAS itself is now directly druggable (KRAS G12C/G12D inhibitors, pan-RAS/SOS1 agents) and acts on tumor Schwann-lineage cells via MAPK hyperactivation, relevant across NF1/SWN broadly, not a restricted subgroup.",model
BIRC5,BIRC5,gene,NF1,Malignant peripheral nerve sheath tumor (MPNST),2,full text - supported,1,0,0,1,1,0,False,1,0,"BIRC5/Survivin upregulated in NF1-mutant MPNST; pharmacologic (YM155, LQZ-7I) and siRNA inhibition selectively reduced viability of MPNST cells and Nf1-null Schwann precursors.",human tissue,28314790;38127282,28314790:abstract_only;38127282:full_text,False,False,,False,"Survivin is directly druggable (YM155, LQZ-7I) in NF1-null Schwann-lineage tumor cells themselves, not a stratifying marker or microenvironment target.",model
CD44,CD44,gene,NF2-SWN,Vestibular schwannoma,2,full text - supported,1,0,0,1,1,0,False,1,0,"IMC shows CD44+ Schwann cells significantly more abundant in bevacizumab-treated (failure) VS versus treatment-naive, enriched in CN Bev-9, suggesting ECM remodeling/fibrosis linked to bevacizumab resistance.",human tissue,30145722;40140675,30145722:abstract_only;40140675:full_text,True,False,,True,"CD44 marks fibrotic/ECM-remodeled Schwann cells linked to bevacizumab resistance and macrophage-SCP crosstalk, favoring biomarker/stromal-signaling use over direct tumor-cell drug target.",model
EGFR,EGFR,gene,NF2-SWN,Vestibular schwannoma,2,full text - supported,1,0,0,2,0,0,False,1,0,"Lapatinib (EGFR/ErbB2 inhibitor) inhibited VS growth in vitro; phase II trial in 21 NF2 patients showed ≥15% tumor volume reduction in 23.5% and hearing improvement in 30.8%, low toxicity.",clinical trial,20511180;32232723,20511180:full_text (PDF supplied);32232723:full_text,False,False,,False,"EGFR is druggable on the tumor cell itself (lapatinib clinically active in NF2 VS/meningioma); relevant broadly via NF2-loss-driven EGFR upregulation, not a specific subset mutation.",model
EPHA2,EPHA2,gene,NF2-SWN,Meningioma,2,full text - supported,1,0,0,2,0,0,False,1,0,"EphA2, previously shown upregulated/activated in NF2-deficient cells, was inhibited by brigatinib in Ben-Men-1 meningioma cells with ligand stimulation, reducing downstream AKT/ERK signaling.",cell line,29982664;34264955,29982664:full_text;34264955:full_text,False,False,,False,"EphA2 is directly druggable (brigatinib inhibition reduces AKT/ERK) in NF2-deficient meningioma tumor cells; relevant to all NF2-SWN patients, not a stromal target.",model
GDNF,GDNF,gene,NF1,Pain,2,full text - supported,1,0,0,2,0,0,False,1,0,"GDNF mRNA/protein is selectively upregulated in Schwann cells/satellite glia of Nf1-mutant mice independent of tumors; GDNF-targeting antibody treatment rescues mechanical hypersensitivity, supporting SC-derived GDNF as a pain driver.",mouse model,38258905;42189937,38258905:full_text;42189937:full_text,False,False,,True,"GDNF-neutralizing antibody is a credible pharmacological approach targeting Schwann/satellite glia-secreted ligand driving pain, a stromal/nerve microenvironment mechanism relevant to all Nf1-deficient patients.",model
HDAC11,HDAC11,gene,NF1,Malignant peripheral nerve sheath tumor (MPNST),2,full text - supported,1,0,0,2,0,0,False,1,0,"FT895, an HDAC11 inhibitor (IC50 3nM), disrupts mitochondrial biogenesis/function in MPNST cells, increasing ROS, decreasing mtDNA copy number, impairing respiration; enhances cordycepin cytotoxicity.",cell line,35261809;38203448,35261809:full_text (PDF supplied);38203448:full_text,False,False,,False,"HDAC11 has a potent selective inhibitor (FT895) acting directly on MPNST tumor cells via mitochondrial disruption, relevant across NF1 patients, not a specific genotype subset.",model
KRAS,KRAS,gene,NF1,Plexiform neurofibroma,2,full text - supported,1,0,1,2,0,0,False,2,0,"APEX-MS shows selumetinib increases KRAS (not NRAS/HRAS) proximity to neurofibromin; pan-KRAS inhibitor BI-2865 suppresses pERK, CDK1/2, ERK1/2; CRISPRi KRAS repression, not NRAS/HRAS, sensitizes to selumetinib.",cell line;review,37328781;40587782,37328781:full_text;40587782:full_text,False,False,,False,"KRAS is directly druggable (pan-KRAS BI-2865) and mediates MAPK signaling in NF1-null Schwann cell tumors, not genotype-restricted since NF1 loss is universal in plexiform neurofibroma.",model
MAP2K1/2 (MEK1/2),MAP2K1;MAP2K2,family,NF1,Bone defects,2,full text - supported,1,0,0,2,0,0,False,1,0,"MEK inhibitor selumetinib, combined with SHP2 inhibitor, blocked RAS-MAPK overactivation, reduced fibrosis, and promoted bone union in Nf1-deficient tibial pseudarthrosis mouse model.",mouse model,35788692;38924432,35788692:full_text (PDF supplied);38924432:full_text,False,False,,False,"MEK1/2 has approved inhibitors (selumetinib) with direct pharmacology on RAS-pathway-driven Schwann-lineage tumor cells, relevant to essentially all NF1-driven tumors.",model
MAP2K1/2 (MEK1/2),MAP2K1;MAP2K2,family,NF1,High grade glioma,2,full text - supported,1,0,0,1,1,0,False,1,0,"MEK1/2 inhibitor mirdametinib suppresses ERK signaling, reducing HR gene transcription, synergizing with radiation to inhibit NF1-deficient glioblastoma growth in vitro/in vivo.",mouse model,38714355;40252783,38714355:full_text;40252783:abstract_only,False,False,,False,"MEK1/2 has approved inhibitors (selumetinib) with direct pharmacology on RAS-pathway-driven Schwann-lineage tumor cells, relevant to essentially all NF1-driven tumors.",model
YAP1-TEAD,YAP1;TEAD1;TEAD2;TEAD3;TEAD4,complex,NF2-SWN,Vestibular schwannoma,2,full text - supported,1,0,1,2,0,1,False,1,1,"Merlin loss activates hippo/YAP-TAZ-TEAD1 signaling in Schwann cells, driving proliferation, macrophage chemotaxis, and angiogenesis; TEAD1/YAP-TAZ inhibition (VT3989 and other TEADi) reversed tumorigenic signaling and reduced tumor cell survival in human VS cultures and NF2 mouse model.",cell line;human tissue,39083549;41293003,39083549:full_text;41293003:full_text,False,False,,False,TEAD has clinical-stage direct inhibitors (e.g. VT3989); acts on Schwann-lineage tumor cells downstream of germline Merlin/NF2 loss present in essentially all NF2-SWN patients.,model
YAP1/WWTR1 (YAP/TAZ),YAP1;WWTR1,family,NF2-SWN,Vestibular schwannoma,2,full text - supported,1,0,0,2,0,0,False,1,0,"NF2 loss raises nuclear YAP/TAZ, driving TEAD-dependent CTGF and ALDH1A1 expression; YAP/TAZ knockdown or TEAD palmitoylation inhibitors block proliferation and shrink VG/DRG tumours in vivo and reduce human/mouse schwannoma proliferation.",mouse model,34453890;36148553,34453890:full_text (PDF supplied);36148553:full_text,False,False,,False,"TEAD palmitoylation inhibitors directly and druggably block YAP/TAZ-TEAD signaling in NF2-null Schwann-lineage tumor cells themselves, relevant across essentially all NF2-driven tumors.",model
ABCC8,ABCC8,gene,NF1,Pulmonary disease,1,full text - supported,1,0,0,1,0,0,False,1,0,"ABCC8 splice mutation (c.4412-2A>G) in NF-1 patient causes aberrant splicing/loss-of-function, identified as PAH-gene modifier of moyamoya syndrome via minigene assay.",cell line,39367156,39367156:full_text,True,True,"ABCC8 splice mutation c.4412-2A>G, rare patient-specific modifier variant associated with moyamoya/pulmonary vasculopathy in NF1, frequency unknown/not population-wide",True,"ABCC8 acts here as a vascular-modifier biomarker for pulmonary/moyamoya risk in a rare genotype, not a Schwann-cell drug target; K-ATP channel pharmacology (sulfonylureas) would act on vascular smooth muscle, a stromal compartment.",model
ACSL3,ACSL3,gene,NF2-SWN,Vestibular schwannoma,1,full text - supported,1,0,0,1,0,0,False,1,0,CRISPR screen identifies ACSL3 as synthetic-lethal with NF2 loss; knockdown/knockout kills NF2-KO Schwann cells and reduces xenograft tumor growth via ferroptosis from lipid peroxidation.,cell line,38879607,38879607:full_text,False,False,,False,"ACSL3 is a druggable enzyme exploitable as synthetic-lethal ferroptosis induction in NF2-null schwannoma cells themselves, relevant to essentially all NF2-SWN tumors, not a distinct genotype subset.",model
ADAM9,ADAM9,gene,NF2-SWN,Vestibular schwannoma,1,full text - supported,1,0,0,1,0,0,False,1,0,"ADAM9 mRNA/protein overexpressed in VS tumor Schwann cells vs healthy nerve; secreted 68kDa isoform correlates with hearing impairment severity, proposed prognostic marker/therapeutic target.",human tissue,32194680,32194680:full_text,True,False,,False,"ADAM9 is overexpressed in VS Schwann cells with a secreted isoform correlating with hearing loss, supporting prognostic biomarker use over direct drug targeting.",model
AKT-MTOR,AKT1;MTOR,pathway,NF1,Malignant peripheral nerve sheath tumor (MPNST),1,full text - supported,1,0,0,1,0,0,False,1,0,RRM2 knockdown suppressed AKT-mTOR signaling; RRM2 overexpression activated AKT pathway to promote NF1-associated MPNST cell proliferation,cell line,37086345,37086345:full_text,False,False,,False,"AKT/mTOR is directly druggable (e.g. rapalogs, AKT inhibitors) in Schwann-lineage MPNST cells downstream of RRM2, relevant to all NF1-driven MPNST, not tumor microenvironment.",model
AKT/mTOR,AKT1;AKT2;AKT3;MTOR,pathway,NF1,High grade glioma,1,full text - supported,1,0,0,1,0,0,False,1,0,"NF1 loss hyperactivates AKT/mTOR signaling (via RAS-GAP suppression); pharmacologic AKT/mTOR inhibition (MK2206, rapamycin, Raptor KD) reduces Ccl5 expression in M-GBM cells.",mouse model,28380429,28380429:full_text,False,False,,False,"AKT/mTOR is directly druggable (MK2206, rapamycin/analogs) and acts on the NF1-null glioma tumor cell itself, reducing Ccl5; germline NF1 loss affects essentially all patients.",model
AKT1,AKT1,gene,NF1,Other,1,full text - supported,1,0,0,1,0,0,False,1,0,"Neurofibromin-deficient ECs show enhanced Akt phosphorylation; PI3K-Akt inhibitor wortmannin blocks NF1KD-driven proliferation, network formation, and Nf1+/- aortic ring EC sprouting.",cell line,29847659,29847659:full_text,False,False,,False,AKT is directly druggable (allosteric/ATP-competitive inhibitors exist) and mediates NF1-loss-driven proliferation in both tumor Schwann/glial cells and endothelium; germline NF1 loss affects essentially all patients.,model
AKT1,AKT1,gene,NF1,Optic pathway glioma,1,full text - supported,1,0,0,1,0,0,False,1,0,Akt hyperactivated in Nf1-deficient astrocytes/optic glioma; Akt inhibition reduces proliferation and tumor volume via Akt-dependent mTOR activation.,mouse model,25534823,25534823:full_text,False,False,,False,AKT is directly druggable (allosteric/ATP-competitive inhibitors exist) and mediates NF1-loss-driven proliferation in both tumor Schwann/glial cells and endothelium; germline NF1 loss affects essentially all patients.,model
ALDH1A1,ALDH1A1,gene,NF2-SWN,Meningioma,1,full text - supported,1,0,0,1,0,0,False,1,0,"ALDH1A1 elevated in NF2-null human meningioma tissue and cell lines; shRNA knockdown of TAZ (not YAP) reduces ALDH1A1 protein, showing TAZ-dependent regulation in meningioma cells.",cell line,36148553,36148553:full_text,True,False,,False,"ALDH1A1 is a TAZ-driven tumor-cell-intrinsic marker of NF2-null Schwann/meningothelial cells; no approved or clinical-stage direct inhibitor exists, so it functions as a biomarker.",model
ALDH1A1,ALDH1A1,gene,NF2-SWN,Vestibular schwannoma,1,full text - supported,1,0,0,1,0,0,False,1,0,"ALDH1A1 upregulated in NF2-null mouse sciatic nerve/DRG and human schwannoma tissue; TAZ knockdown (not YAP loss) reduces ALDH1A1, confirming TAZ-dependent transcriptional regulation.",mouse model,36148553,36148553:full_text,True,False,,False,"ALDH1A1 is a TAZ-driven tumor-cell-intrinsic marker of NF2-null Schwann/meningothelial cells; no approved or clinical-stage direct inhibitor exists, so it functions as a biomarker.",model
AMPD3,AMPD3,gene,NF1,Plexiform neurofibroma,1,full text - supported,1,0,0,1,0,0,False,1,0,"AMPD3 elevated in NF1 fibroblasts/Schwann cells/plasma; siRNA knockdown reduces ERK signaling, proliferation, and induces apoptosis in NF1-associated Schwann cells, validating it as therapeutic target and biomarker.",cell line,41256734,41256734:full_text,True,False,,False,"AMPD3 knockdown affects ERK/proliferation/apoptosis in Schwann-lineage tumor cells and is elevated in NF1 tissue/plasma, making it useful as a biomarker despite early-stage siRNA-only evidence of direct pharmacology.",model
AMPD3,AMPD3,gene,NF1,Malignant peripheral nerve sheath tumor (MPNST),1,full text - supported,1,0,0,1,0,0,False,1,0,"AMPD3 elevated in NF1 fibroblasts/Schwann cells/plasma; siRNA knockdown reduces ERK signaling, proliferation, and induces apoptosis in NF1-associated Schwann cells, validating it as therapeutic target and biomarker.",cell line,41256734,41256734:full_text,True,False,,False,"AMPD3 knockdown affects ERK/proliferation/apoptosis in Schwann-lineage tumor cells and is elevated in NF1 tissue/plasma, making it useful as a biomarker despite early-stage siRNA-only evidence of direct pharmacology.",model
ANXA3,ANXA3,gene,NF2-SWN,Meningioma,1,full text - supported,1,0,0,1,0,0,False,1,0,ANXA3 upregulated in NF2-/- meningioma proteomics; knockdown reduced MCM2 and EdU proliferation in primary/grade3 cells and abolished tumour growth in NSG xenograft mouse model.,mouse model,40562609,40562609:full_text,True,False,,False,"ANXA3 is upregulated in NF2-null meningioma tumour cells and drives proliferation; no established inhibitor exists, so it functions as a proliferation/prognostic marker and intrinsic tumour-cell target, not TME or mutation-subset restricted.",model
APOCYNIN,CYBB;NCF1,drug,NF1,Cardiovascular issues,1,full text - supported,1,0,0,1,0,0,False,1,0,"Antioxidant apocynin reduced ROS production and macrophage infiltration, decreasing AngII-induced aortic aneurysm incidence/severity in Nf1+/- mice.",mouse model,24370551,24370551:full_text,False,False,,True,"Apocynin is a direct NADPH-oxidase (NCF1/p47phox-CYBB) inhibitor acting on ROS-driven macrophage infiltration in vessel wall, a microenvironmental/vascular mechanism, not tumor-cell intrinsic.",model
AR,AR,gene,NF1,Cutaneous neurofibroma,1,full text - supported,1,0,0,1,0,0,False,1,0,"AR expression correlates with microvessel density, binds VEGFA promoter, promotes cell proliferation and angiogenesis; AR inhibitor MDV3100 suppresses these effects",human tissue,31059067,31059067:full_text (PDF supplied),False,False,,False,"AR acts in the tumour cell, where it binds the VEGFA promoter; the angiogenic effect on stroma is downstream of that, so the drug target is tumour-intrinsic.",model + manual override
ATR,ATR,gene,NF1,Malignant peripheral nerve sheath tumor (MPNST),1,full text - supported,1,0,0,1,0,0,False,1,0,"ATR inhibitors (AZD6738, VE-821) reduced survival in NF1-associated MPNST cell lines (NF90-8, ST88-14), enhanced in RECQL4-knockdown cells.",cell line,41317405,41317405:full_text,False,False,,False,"ATR is directly druggable (AZD6738, VE-821 are clinical-stage inhibitors) acting on the tumour cell itself, showing synthetic-lethal efficacy in NF1 glioma/MPNST lines.",model
AXL,AXL,gene,NF1,Malignant peripheral nerve sheath tumor (MPNST),1,full text - supported,1,0,0,1,0,0,False,1,0,"Serum AXL was significantly lower in NF1 patients with MPNST than those with high-load plexiform neurofibromas; AXL levels correlated with internal tumor burden, not significantly different from no-tumor patients.",human tissue,32193699,32193699:full_text,True,False,,True,"Used here as a serum biomarker tracking tumor burden, not a drug target; AXL itself is druggable (e.g. bemcentinib) but acts mainly via TME/endothelial-immune signaling.",model
BET,BRD2;BRD3;BRD4;BRDT,family,NF1,Malignant peripheral nerve sheath tumor (MPNST),1,full text - supported,1,0,0,1,0,0,False,1,0,"HuR binds BRD2, BRD3, BRD4 mRNAs; HuR silencing reduces all three BET protein levels and genome-wide BRD2/3/4 chromatin occupancy (~45-60% loss), disrupting BRD-dependent transcriptional regulator networks in MPNST cells.",cell line,32315290,32315290:full_text,False,False,,False,"BET proteins are directly druggable by clinical-stage BET bromodomain inhibitors, acting on MPNST tumor cells themselves, not restricted to a NF1 subgenotype or the microenvironment.",model
CCL2,CCL2,gene,SWN,Pain,1,full text - supported,1,0,0,1,0,0,False,1,0,"Schwannoma-derived HMGB1 induces neuronal CCL2 expression; CCL2 recruits CCR2+ macrophages into the DRG, which produce IL-6 causing pain.",mouse model,41758723,41758723:full_text,False,False,,True,"CCL2 is a druggable chemokine (CCR2/CCL2 axis has clinical-stage antagonists) that acts on macrophage recruitment in the DRG microenvironment, not the tumor cell itself.",model
CCL5,CCL5,gene,NF1,High grade glioma,1,full text - supported,1,0,0,1,0,0,False,1,0,CCL5 is autocrine growth/survival factor in NF1-mutant mesenchymal GBM; KD reduces cell survival in vitro and prolongs survival in vivo via CD44 to inhibit apoptosis.,mouse model,28380429,28380429:full_text,False,False,,True,"CCL5 is a druggable chemokine (CCR5 antagonists exist) acting mainly via macrophage recruitment/autocrine signaling, so stromal/TME mechanism dominates despite some tumor-intrinsic autocrine role.",model
CCL5,CCL5,gene,NF1,Cutaneous neurofibroma,1,full text - supported,1,0,0,1,0,0,False,1,0,"YAP activation upregulates CCL5 secretion from cNF cells, promoting macrophage recruitment and proliferation, contributing to macrophage accumulation in cNF tumors.",mouse model,32323813,32323813:full_text (PDF supplied),False,False,,True,"CCL5 is a druggable chemokine (CCR5 antagonists exist) acting mainly via macrophage recruitment/autocrine signaling, so stromal/TME mechanism dominates despite some tumor-intrinsic autocrine role.",model
CCR5,CCR5,gene,NF1,Cutaneous neurofibroma,1,full text - supported,1,0,0,1,0,0,False,1,0,"CCR5 knockdown/overexpression in THP-1 macrophages altered p21/p27/PCNA and cell cycle, showing CCL5/CCR5 signaling drives macrophage proliferation in cNF microenvironment.",cell line,32323813,32323813:full_text (PDF supplied),False,False,,True,"CCR5 has approved/clinical-stage antagonists (e.g. maraviroc) and here acts on macrophage proliferation in the cNF microenvironment, not the Schwann-cell tumor cell.",model
CD274,CD274,gene,NF1,Malignant peripheral nerve sheath tumor (MPNST),1,full text - supported,1,0,0,1,0,0,False,1,0,Serum PD-L1 (CD274) significantly elevated in NF1 patients with MPNST versus those with plexiform neurofibroma or no tumor; authors propose it as biomarker and rationale for anti-PD-L1/PD-1 checkpoint immunotherapy.,human tissue,32193699,32193699:full_text,True,False,,True,"Approved anti-PD-L1/PD-1 checkpoint agents exist, but here CD274 is used as a serum stratification biomarker and would act on tumor-infiltrating T cells/immune microenvironment, not the Schwann-lineage tumor cell.",model
CD44,CD44,gene,NF1,Malignant peripheral nerve sheath tumor (MPNST),1,full text - supported,1,0,0,1,0,0,False,1,0,"CD44 co-expressed with SPP1, NES, ERBB3 in SCP-like MPNST cells; CellChat shows CD44 as receiver of SPP1 signaling from macrophage cluster MAC-3, sustaining tumor stemness.",human tissue,41053414,41053414:full_text,True,False,,True,"CD44 marks fibrotic/ECM-remodeled Schwann cells linked to bevacizumab resistance and macrophage-SCP crosstalk, favoring biomarker/stromal-signaling use over direct tumor-cell drug target.",model
CD44,CD44,gene,NF1,Plexiform neurofibroma,1,full text - supported,1,0,0,1,0,0,False,1,0,"CD44 co-expressed with SPP1, NES, ERBB3 in SCP-like pNF cells; spatial transcriptomics shows CD44 co-localized with SPP1-expressing SCP-like/macrophage spots, supporting autocrine signaling loop.",human tissue,41053414,41053414:full_text,True,False,,True,"CD44 marks fibrotic/ECM-remodeled Schwann cells linked to bevacizumab resistance and macrophage-SCP crosstalk, favoring biomarker/stromal-signaling use over direct tumor-cell drug target.",model
CD44,CD44,gene,NF1,High grade glioma,1,full text - supported,1,0,0,1,0,0,False,1,0,CD44 acts as unconventional CCL5 receptor in M-GBM cells; KD increases apoptosis and abolishes Ccl5-induced growth stimulation.,mouse model,28380429,28380429:full_text,True,False,,True,"CD44 marks fibrotic/ECM-remodeled Schwann cells linked to bevacizumab resistance and macrophage-SCP crosstalk, favoring biomarker/stromal-signaling use over direct tumor-cell drug target.",model
CD74,CD74,gene,NF1,Plexiform neurofibroma,1,full text - supported,1,0,0,1,0,0,False,1,0,"CD74, the MIF receptor, is undetectable in normal nerve but strongly increased in mouse and human PN, expressed on Schwann cells, macrophages, and DCs; can activate NF-κB/RAS-MAPK.",mouse model,36134665,36134665:full_text,False,False,,True,"CD74/MIF axis is druggable (anti-CD74 or MIF antagonists) but acts mainly via macrophages/DCs and stromal signaling in the PN microenvironment, not the Schwann-cell tumor clone itself.",model
CDK4/6,CDK4;CDK6,family,NF1,Malignant peripheral nerve sheath tumor (MPNST),1,full text - supported,1,0,0,1,0,0,False,1,0,"CDK4/6 are hyperactivated downstream of RABL6A via loss of p27 and cyclin D/CDK4/6 upregulation; CDK4/6 inhibitors (e.g., palbociclib) tested in MPNST models, with efficacy modulated by RABL6A levels.",mouse model,33456709,33456709:full_text,False,False,,False,"CDK4/6 has approved clinical-stage inhibitors (e.g., palbociclib) acting directly on hyperproliferative Schwann-lineage MPNST tumor cells, not restricted to a genetic subgroup.",model
CDKN2A/B,CDKN2A;CDKN2B,family,NF1,Malignant peripheral nerve sheath tumor (MPNST),1,full text - supported,1,0,0,1,0,0,False,1,0,"CDKN2A/B loss occurs in NF1-associated premalignant neurofibroma/ANNUBP and is cited as a key acquired event driving malignant progression to MPNST, alongside PRC (SUZ12/EED) alterations.",review,33588442,33588442:full_text (PDF supplied),True,True,CDKN2A/B homozygous deletion/loss in neurofibroma-to-MPNST progression; reported in ~simple majority of MPNSTs but not present in benign neurofibromas or germline NF1 alone,False,"CDKN2A/B loss is a deletion event with no direct drug target, best used to flag malignant transformation risk and select CDK4/6-inhibitor therapy in tumor cells.",model
CDKN2A/B,CDKN2A;CDKN2B,family,NF1,ANNUBP / atypical neurofibroma,1,full text - supported,1,0,0,1,0,0,False,1,0,"CDKN2A/B loss occurs in NF1-associated premalignant neurofibroma/ANNUBP and is cited as a key acquired event driving malignant progression to MPNST, alongside PRC (SUZ12/EED) alterations.",review,33588442,33588442:full_text (PDF supplied),True,True,CDKN2A/B homozygous deletion/loss in neurofibroma-to-MPNST progression; reported in ~simple majority of MPNSTs but not present in benign neurofibromas or germline NF1 alone,False,"CDKN2A/B loss is a deletion event with no direct drug target, best used to flag malignant transformation risk and select CDK4/6-inhibitor therapy in tumor cells.",model
CGAS-STING,CGAS;STING1,pathway,NF2-SWN,Vestibular schwannoma,1,full text - supported,1,0,0,1,0,0,False,1,0,"NF2 mutants form IRF3-induced condensates sequestering PP2A/TBK1, suppressing cGAS-STING signaling; NF2m-IRF3 condensates observed in 7/11 human VS specimens.",human tissue,34453890,34453890:full_text (PDF supplied),False,False,,False,"STING agonists could reactivate suppressed cGAS-STING signaling directly in NF2-null schwannoma tumour cells; germline NF2 loss defines the disease, not a subset.",model
CRL4-DCAF1,CUL4A;CUL4B;DDB1;DCAF1,complex,NF2-SWN,Meningioma,1,full text - supported,1,0,0,1,0,0,False,1,0,"DCAF1 overexpressed in Merlin-deficient meningioma tissue/cells vs normal; MLN3651-mediated CRL4-DCAF1 inhibition increased LATS1/2, reduced proliferation and viability, activated apoptosis in meningioma cells.",human tissue,32629964,32629964:full_text,False,False,,False,"CRL4-DCAF1 is directly druggable (MLN3651 inhibits it, restoring LATS1/2 and killing Merlin-deficient meningioma cells), acting on the tumor cell itself in essentially all NF2-SWN patients.",model
CSF1,CSF1,gene,NF2-SWN,Vestibular schwannoma,1,full text - supported,1,0,0,1,0,0,False,1,0,"M-CSF correlated positively with CD68 and CD163 macrophage markers and with Ki-67/VEGF, supporting a role in macrophage infiltration linked to VS growth.",human tissue,36139588,36139588:full_text,False,False,,True,"CSF1/CSF1R has clinical-stage inhibitors (e.g. pexidartinib) and would act on macrophages within the VS microenvironment, not the schwannoma cell itself.",model
CSF2,CSF2,gene,NF2-SWN,Vestibular schwannoma,1,full text - supported,1,0,0,1,0,0,False,1,0,GM-CSF expression increased significantly with higher VS tumor volume and correlated positively with tumor volume in growth-rate subgroup analysis.,human tissue,36139588,36139588:full_text,True,False,,True,"GM-CSF correlates with VS tumor volume, suggesting biomarker use; as a drug target it would act on tumor-associated macrophages/microenvironment, not schwannoma cells themselves.",model
CSF2RA,CSF2RA,gene,NF1,Plexiform neurofibroma,1,full text - supported,1,0,0,1,0,0,False,1,0,"GM-CSFR-α is expressed on PNF myeloid cells (DCs, macrophages) and increased in PNF vs control, but genetic deletion of GM-CSFR-α did not reduce tumor number or myeloid infiltration.",mouse model,40075752,40075752:full_text,True,False,,True,"GM-CSFR-α marks PNF-infiltrating myeloid cells (biomarker of macrophage/DC infiltration) but genetic deletion failed to reduce tumor burden, arguing against it as a TME drug target despite compartment fit.",model
CSF2RB,CSF2RB,gene,NF1,Plexiform neurofibroma,1,full text - supported,1,0,0,1,0,0,False,1,0,"Genetic deletion of GM-CSFR-βc in Nf1 f/f;DhhCre mice reduced PNF tumor number and decreased tumor-associated Iba1+ macrophages and CD11c+ dendritic cells, independent of GM-CSF ligand.",mouse model,40075752,40075752:full_text,False,False,,True,"CSF2RB (GM-CSFRβc) is druggable on tumor-associated macrophages/dendritic cells, acting on the PNF microenvironment rather than Schwann-lineage tumor cells; relevant to all NF1 PNF, not a mutation-restricted subset.",model
CXCL10,CXCL10,gene,NF1,Plexiform neurofibroma,1,full text - supported,1,0,0,1,0,0,False,1,0,"Cxcl10 uniquely upregulated in neurofibroma-prone Nf1 mice, expressed by Schwann cell subsets; signals via Cxcr3 to recruit T cells/DCs driving neurofibroma initiation",mouse model,30728335,30728335:full_text (PDF supplied),True,False,,True,CXCL10-CXCR3 signaling recruits immune cells (T cells/DCs) in the microenvironment; chemokine axis is a pharmacodynamic/initiation marker rather than a validated drug target itself.,model
CXCR3,CXCR3,gene,NF1,Plexiform neurofibroma,1,full text - supported,1,0,0,1,0,0,False,1,0,Global Cxcr3 deletion prevented neurofibroma formation in Nf1 mice; Cxcr3 expressed on T cells/DCs necessary for sustained macrophage infiltration and tumor development,mouse model,30728335,30728335:full_text (PDF supplied),False,False,,True,"CXCR3 antagonists exist and target immune cells (T cells/DCs/macrophages) in the tumor microenvironment, not the Nf1-null Schwann cell itself.",model
DCN,DCN,gene,NF1,Plexiform neurofibroma,1,full text - supported,1,0,0,1,0,0,False,1,0,"Dcn expression increased specifically in PN Schwann cell subpopulations (MSC1, MSC2, NMSC, SGC) versus normal nerve, identified as a top upregulated gene by scRNA-seq in mouse PNs.",mouse model,36134665,36134665:full_text,True,False,,True,"Decorin is a secreted ECM proteoglycan marking Schwann/stromal subpopulations; useful as expression biomarker, not a direct drug target.",model
DLK1,DLK1,gene,NF1,Malignant peripheral nerve sheath tumor (MPNST),1,full text - supported,1,0,0,1,0,0,False,1,0,"DLK1 overexpression reactivates embryonic/stem programs, drives immunosuppressive microenvironment, associates with worse survival; potential biomarker/therapeutic target in NF1-MPNST",human tissue,40063513,40063513:full_text,True,False,,False,"DLK1 lacks credible direct inhibitors; overexpression on Schwann-lineage MPNST cells makes it chiefly a prognostic/biomarker candidate, though its immunosuppressive TME effects are secondary.",model
EGFR,EGFR,gene,SWN,Non-vestibular schwannoma,1,full text - supported,1,0,0,1,0,0,False,1,0,EGFR/ErbB phosphorylation increased after anti-IL-6 treatment; EGFR TKI dacomitinib alone or combined with anti-IL-6 delayed schwannoma tumor growth in PDX models.,mouse model,41758723,41758723:full_text,False,False,,False,"EGFR is druggable on the tumor cell itself (lapatinib clinically active in NF2 VS/meningioma); relevant broadly via NF2-loss-driven EGFR upregulation, not a specific subset mutation.",model
EGFR,EGFR,gene,SWN,Pain,1,full text - supported,1,0,0,1,0,0,False,1,0,Anti-IL-6 induced EGFR/ErbB2/3 phosphorylation as an escape mechanism; combined EGFR (dacomitinib) and IL-6 blockade controlled pain and tumor growth together.,mouse model,41758723,41758723:full_text,False,False,,False,"EGFR is druggable on the tumor cell itself (lapatinib clinically active in NF2 VS/meningioma); relevant broadly via NF2-loss-driven EGFR upregulation, not a specific subset mutation.",model
EGFR,EGFR,gene,NF2-SWN,Meningioma,1,full text - supported,1,0,0,1,0,0,False,1,0,EGFR overexpressed in NF2-associated meningiomas; loss of NF2 upregulates EGFR; lapatinib (EGFR/ErbB2 inhibitor) shows growth-inhibitory effect on meningiomas clinically.,clinical trial,29948766,29948766:full_text,False,False,,False,"EGFR is druggable on the tumor cell itself (lapatinib clinically active in NF2 VS/meningioma); relevant broadly via NF2-loss-driven EGFR upregulation, not a specific subset mutation.",model
EGFR,EGFR,gene,NF1,Plexiform neurofibroma,1,full text - supported,1,0,0,1,0,0,False,1,0,"EGFR expression/phosphorylation increased upon PTPRS knockdown, driving EMT and migration in NF1-deficient Schwann cells; correlates with recurrence and tumor size",cell line,39094827,39094827:full_text (PDF supplied),False,False,,False,"EGFR is druggable on the tumor cell itself (lapatinib clinically active in NF2 VS/meningioma); relevant broadly via NF2-loss-driven EGFR upregulation, not a specific subset mutation.",model
ELAVL1,ELAVL1,gene,NF1,Malignant peripheral nerve sheath tumor (MPNST),1,full text - supported,1,0,0,1,0,0,False,1,0,"HuR is elevated in human MPNST tissue and cell lines; genetic and pharmacological HuR inhibition blocks tumor formation, induces regression of established xenografts, and suppresses lung metastatic colonization.",mouse model,32315290,32315290:full_text,False,False,,False,"HuR is overexpressed (not mutated) in MPNST tumor cells themselves; genetic/pharmacological inhibition is directly antitumor, a real druggable mechanism relevant across NF1-MPNST.",model
EPH receptors,EPHA1;EPHA2;EPHA3;EPHA4;EPHA5;EPHA6;EPHA7;EPHA8;EPHA10;EPHB1;EPHB2;EPHB3;EPHB4;EPHB6,family,NF2-SWN,Vestibular schwannoma,1,full text - supported,1,0,0,1,0,0,False,1,0,"EPHA2 receptor phosphorylation (pEPHA2) is activated in NF2-null Schwann cells and human VS tumors independent of mTORC1/2; dasatinib inhibits pEPHA2 and downstream pAkt, contributing to tumor growth inhibition.",human tissue,32144278,32144278:full_text,False,False,,False,"EPHA2 is druggable (dasatinib inhibits pEPHA2/pAkt) and acts directly on NF2-null Schwann tumor cells, not the microenvironment; relevant to all NF2-driven VS.",model
EPHB1,EPHB1,gene,NF2-SWN,Meningioma,1,full text - supported,1,0,0,1,0,0,False,1,0,pEPHB1 identified as top activated kinase in NF2-null meningioma cells via kinome screen; inhibited by dasatinib as part of therapeutic strategy,cell line,29982664,29982664:full_text,False,False,,False,"pEPHB1 is a druggable activated kinase in NF2-null meningioma cells, targetable by dasatinib directly on the tumour cell, relevant to all NF2-loss meningiomas.",model
ERBB2,ERBB2,gene,NF2-SWN,Meningioma,1,full text - supported,1,0,0,1,0,0,False,1,0,ErbB2 overexpressed in meningiomas; regulation of ErbB2 affects meningioma cell proliferation/apoptosis/invasion in vitro; lapatinib targets ErbB2 with clinical growth-inhibitory effect.,clinical trial,29948766,29948766:full_text,False,False,,False,"ErbB2 is overexpressed/activated in NF2-related meningioma and vestibular schwannoma tumour cells and is directly druggable by lapatinib, a clinical-stage inhibitor.",model
ERBB2,ERBB2,gene,NF2-SWN,Vestibular schwannoma,1,full text - supported,1,0,0,1,0,0,False,1,0,"ErbB2 overexpressed/phosphorylated in VS tissue and heregulin-stimulated cells; lapatinib inhibited ErbB2 activation, proliferation, and survivin upregulation.",human tissue,20511180,20511180:full_text (PDF supplied),False,False,,False,"ErbB2 is overexpressed/activated in NF2-related meningioma and vestibular schwannoma tumour cells and is directly druggable by lapatinib, a clinical-stage inhibitor.",model
FAK1,PTK2,gene,NF2-SWN,Meningioma,1,full text - supported,1,0,0,1,0,0,False,1,0,"Brigatinib potently inhibits FAK1(PTK2) by kinome profiling and reduces p-FAK in Ben-Men-1 meningioma cells and xenograft tumors, correlating with tumor shrinkage.",mouse model,34264955,34264955:full_text,False,False,,False,"FAK1/PTK2 is directly druggable (brigatinib inhibits p-FAK) in NF2-null Schwann/meningioma tumor cells themselves, relevant to all NF2 patients, not a stromal target.",model
FAK1,PTK2,gene,NF2-SWN,Non-vestibular schwannoma,1,full text - supported,1,0,0,1,0,0,False,1,0,"Brigatinib inhibits FAK1(PTK2) in Schwann/schwannoma cells and Postn-Cre;Nf2 flox/flox mouse DRG/schwannoma tissue, reducing p-FAK and tumor/DRG volume.",mouse model,34264955,34264955:full_text,False,False,,False,"FAK1/PTK2 is directly druggable (brigatinib inhibits p-FAK) in NF2-null Schwann/meningioma tumor cells themselves, relevant to all NF2 patients, not a stromal target.",model
FER,FER,gene,NF2-SWN,Meningioma,1,full text - supported,1,0,0,1,0,0,False,1,0,"Kinome profiling shows brigatinib strongly and reproducibly inhibits FER in NF2-deficient meningioma (Syn5, Ben-Men-1) cells; validated by NanoBRET assay.",cell line,34264955,34264955:full_text,False,False,,False,"FER is a druggable kinase directly inhibited by brigatinib in NF2-deficient schwannoma and meningioma tumor cells, not merely a biomarker.",model
FGF,FGF1;FGF2,family,NF1,Plexiform neurofibroma,1,full text - supported,1,0,0,1,0,0,False,1,0,FGF1 and FGF2 transcripts upregulated largely in MSC2 Schwann cells in PNs; CellPhoneDB predicts these ligands act on receptors expressed by stromal cell populations in mouse/human PN.,computational,36134665,36134665:full_text,False,False,,True,"FGF1/2 are druggable secreted ligands (FGFR inhibitors exist) acting paracrine from MSC2 Schwann cells onto stromal/receptor-bearing microenvironment populations in PN, not a tumor-intrinsic mutation-defined marker.",model
FOXM1,FOXM1,gene,NF2-SWN,Meningioma,1,full text - supported,1,0,0,1,0,0,False,1,0,"Merlin loss upregulates FOXM1; FOXM1 knockdown reduces ICG-001 sensitivity, showing FOXM1 mediates Wnt/β-catenin-driven meningioma growth inhibition.",cell line,32642722,32642722:full_text,False,False,,False,"FOXM1 is a druggable transcription factor (e.g. thiostrepton) acting in Merlin-deficient meningioma tumor cells via Wnt/β-catenin signaling, relevant to essentially all NF2-SWN meningiomas.",model
G6PD,G6PD,gene,NF2-SWN,Vestibular schwannoma,1,full text - supported,1,0,0,1,0,0,False,1,0,"G6PD inhibition selectively kills NF2-KO Schwann cells and shrinks xenograft tumors; synthetic lethality rescued by NAC, reflecting reliance on G6PD-derived NADPH for redox balance.",cell line,38879607,38879607:full_text,False,False,,False,"G6PD is a druggable metabolic enzyme; synthetic lethality exploits NF2-null Schwann cell redox dependence, acting directly on tumor cells, not a subset mutation or stroma.",model
GFRA1,GFRA1,gene,NF1,Pain,1,full text - supported,1,0,0,1,0,0,False,1,0,Schwann cell-derived GDNF activates neuronal GFRα1 on HTMRs and C-fibers; AAV shRNA knockdown of GFRα1 reduced mechanical hypersensitivity and afferent sensitization in NF1 mice.,mouse model,42189937,42189937:full_text,False,False,,False,"GFRα1 is a neuronal receptor druggable by knockdown/antagonism to block GDNF-driven pain signaling; not a tumor-cell or biomarker target, relevant to all NF1 patients.",model
GHSR,GHSR,gene,NF1,Cutaneous neurofibroma,1,full text - supported,1,0,0,1,0,0,False,1,0,"GHS-R immunohistochemically detected in all cutaneous neurofibromas; percentage/intensity of positive cells correlates with tumor volume and female gender, suggesting ghrelin-GHSR axis role in tumorigenesis.",human tissue,29262839,29262839:full_text,True,False,,False,"GHSR is a GPCR with ghrelin-axis ligands (e.g., ghrelin mimetics/antagonists) but here it's evidenced only as an IHC correlate of tumor volume, favoring biomarker use on Schwann-lineage tumor cells.",model
HDAC,HDAC1;HDAC2;HDAC3;HDAC4;HDAC5;HDAC6;HDAC7;HDAC8;HDAC9;HDAC10;HDAC11,family,NF2-SWN,Non-vestibular schwannoma,1,full text - supported,1,0,0,1,0,0,False,1,0,"Fimepinostat targets HDAC2 specifically, inducing p21 upregulation, cell cycle arrest, and caspase-3/7-dependent apoptosis in NCH1 spinal (non-vestibular) schwannoma cells.",cell line,41898501,41898501:full_text,False,False,,False,"Fimepinostat is a clinical-stage HDAC (HDAC2) inhibitor acting directly on schwannoma tumor cells, relevant to NF2-SWN broadly, not TME or a specific subtype.",model
HDAC,HDAC1;HDAC2;HDAC3;HDAC4;HDAC5;HDAC6;HDAC7;HDAC8;HDAC9;HDAC10;HDAC11,family,NF2-SWN,Vestibular schwannoma,1,full text - supported,1,0,0,1,0,0,False,1,0,"Fimepinostat targets HDAC2, driving p21 upregulation, cell cycle arrest, and caspase-3/7 apoptosis in patient VS cells and model lines, with in vivo tumor regression in allografts.",cell line,41898501,41898501:full_text,False,False,,False,"Fimepinostat is a clinical-stage HDAC (HDAC2) inhibitor acting directly on schwannoma tumor cells, relevant to NF2-SWN broadly, not TME or a specific subtype.",model
HIF1A,HIF1A,gene,NF1,Malignant peripheral nerve sheath tumor (MPNST),1,full text - supported,1,0,0,1,0,0,False,1,0,"HIF-1α positive in 75.6% of MPNST specimens and independently predicted poor survival; siRNA knockdown suppressed MPNST cell proliferation and induced apoptosis/subG1 increase under hypoxia; chetomin inhibited HIF-1α transcriptional activity, blocked growth, induced apoptosis.",human tissue,28558056,28558056:full_text,False,False,,False,"HIF-1α drives MPNST tumor cell survival under hypoxia and is directly druggable (chetomin/siRNA), acting on tumor cells, not stroma, across NF1 patients generally.",model
HMGB1,HMGB1,gene,SWN,Pain,1,full text - supported,1,0,0,1,0,0,False,1,0,"Schwannoma-secreted HMGB1 upregulates neuronal CCL2 expression, driving macrophage recruitment to the DRG and pain; HMGB1 knockdown reduced macrophage infiltration and pain.",mouse model,41758723,41758723:full_text,False,False,,True,"HMGB1 is a druggable secreted alarmin; mechanism acts via neuronal CCL2 and macrophage recruitment to DRG, a microenvironment/immune pain pathway, not tumor-cell-intrinsic.",model
HRAS,HRAS,gene,NF1,Malignant peripheral nerve sheath tumor (MPNST),1,full text - supported,1,0,0,1,0,1,True,1,0,"H-Ras(G12V) binds Gal-1 via specific residues; Gal-1 chaperones activated Ras at plasma membrane, driving Ras/Erk oncogenic signaling in MPNST; disrupted by LLS30.",mouse model,39483902,39483902:full_text (PDF supplied),False,True,"HRAS G12V activating mutation; rare in NF1 MPNST, not present in most patients",False,"G12V-mutant HRAS drives tumor-cell Ras/Erk signaling via Gal-1; disruptable, restricted to HRAS-mutant MPNST subset.",model
IAPS,BIRC2;BIRC3;BIRC5;XIAP,family,NF1,Malignant peripheral nerve sheath tumor (MPNST),1,full text - supported,1,0,0,1,0,0,False,1,0,"BIRC5 (survivin, an IAP) amplified in human MPNST; survivin highly expressed in MPNST cell lines; knockdown/inhibition abrogated growth and reduced metastases in xenografts.",mouse model,24470531,24470531:full_text (PDF supplied),False,False,,False,"IAP inhibitors (e.g. Smac mimetics targeting survivin/XIAP) are clinical-stage direct pharmacology acting on the MPNST tumor cell itself, relevant broadly, not a defined genotype subset.",model
IL6,IL6,gene,SWN,Pain,1,full text - supported,1,0,0,1,0,0,False,1,0,DRG macrophages overproduce IL-6 (highest induced cytokine) after tumor stimulation; anti-IL-6 antibody treatment reduced pain in PDX models but had modest tumor effect.,mouse model,41758723,41758723:full_text,False,False,,True,"IL-6 has approved inhibitors (tocilizumab/siltuximab) and acts on DRG macrophages/pain signaling, a microenvironment/neuroimmune mechanism, not the Schwann-lineage tumor cell itself.",model
IRF3,IRF3,gene,NF2-SWN,Vestibular schwannoma,1,full text - supported,1,0,0,1,0,0,False,1,0,"Activated IRF3 binds mutant NF2 FERM domain, inducing condensates that block TBK1 activation; NF2m-IRF3 condensates found in VS patient specimens.",human tissue,34453890,34453890:full_text (PDF supplied),False,False,,False,"IRF3 is druggable via disrupting NF2m-IRF3 condensates/restoring TBK1 signaling in schwannoma cells, relevant to all NF2-null VS, not immune/stromal.",model
KIF18A,KIF18A,gene,NF1,Malignant peripheral nerve sheath tumor (MPNST),1,full text - supported,1,0,0,1,0,0,False,1,0,"Combined cordycepin/FT895 treatment suppressed KIF18A protein via reduced TEAD1 promoter binding, causing microtubule/chromosome mis-segregation and aneuploidy in MPNST cells.",cell line,35261809,35261809:full_text (PDF supplied),False,False,,False,"KIF18A is a mitotic kinesin druggable in tumor cells themselves; emerging KIF18A inhibitors exist, and here it drives MPNST cell aneuploidy, not TME or genotype-restricted biology.",model
KIT,KIT,gene,NF2-SWN,Meningioma,1,full text - supported,1,0,0,1,0,0,False,1,0,"c-KIT among top kinases activated upon NF2 loss in meningioma cells; dasatinib, a c-KIT inhibitor, blocks activation as therapeutic approach",cell line,29982664,29982664:full_text,False,False,,True,"Imatinib is a credible direct KIT inhibitor, but the NF1 mechanism is SCF/c-kit+ mast cell recruitment, i.e. microenvironment-driven tumorigenesis.",model
KIT,KIT,gene,NF1,Plexiform neurofibroma,1,full text - supported,1,0,0,1,0,0,False,1,0,Nf1-deficient Schwann cells secrete SCF recruiting c-kit+ mast cells; hematopoietic c-kit ablation and imatinib (c-kit inhibitor) block/reduce tumorigenesis,review,22821631,22821631:full_text (PDF supplied),False,False,,True,"Imatinib is a credible direct KIT inhibitor, but the NF1 mechanism is SCF/c-kit+ mast cell recruitment, i.e. microenvironment-driven tumorigenesis.",model
KITLG,KITLG,gene,NF1,Plexiform neurofibroma,1,full text - supported,1,0,0,1,0,0,False,1,0,"Nf1-null Schwann cells secrete high levels of stem cell factor (KITLG), recruiting and activating Nf1+/- c-kit-expressing mast cells that drive tumor growth",review,22821631,22821631:full_text (PDF supplied),False,False,,True,"KITLG/c-kit signaling is druggable (e.g., imatinib) and acts on tumor-associated mast cells in the microenvironment, not the Nf1-null Schwann cell itself.",model
KSR1,KSR1,gene,NF2-SWN,Meningioma,1,full text - supported,1,0,0,1,0,0,False,1,0,"KSR1 significantly overexpressed in Merlin-deficient meningioma tissue and primary cells versus normal meninges/HMC; correlates with DCAF1 expression, implicating role in tumourigenic signalling.",human tissue,32629964,32629964:full_text,True,False,,False,"KSR1 is a scaffold protein lacking direct inhibitors; overexpression marks Merlin-deficient meningioma tumour cells, not stroma.",model
KYNU,KYNU,gene,NF1,Malignant peripheral nerve sheath tumor (MPNST),1,full text - supported,1,0,0,1,0,0,False,1,0,"KYNU marks a metabolically active SPP1+KYNU+ macrophage subset with upregulated tryptophan metabolism; IDO1 inhibition reversed macrophage-induced tumor cell migration and cytokine secretion, and this subset correlated with Treg/exhausted T cell infiltration.",human tissue,41930352,41930352:full_text,True,False,,True,KYNU marks a macrophage subset driving tryptophan/IDO1-linked immunosuppression; better used as a biomarker of this TME state than as a direct drug target itself.,model
KYNU,KYNU,gene,NF1,Plexiform neurofibroma,1,full text - supported,1,0,0,1,0,0,False,1,0,"KYNU marks a metabolically active SPP1+KYNU+ macrophage subset with upregulated tryptophan metabolism; IDO1 inhibition reversed macrophage-induced tumor cell migration and cytokine secretion, and this subset correlated with Treg/exhausted T cell infiltration.",human tissue,41930352,41930352:full_text,True,False,,True,KYNU marks a macrophage subset driving tryptophan/IDO1-linked immunosuppression; better used as a biomarker of this TME state than as a direct drug target itself.,model
LGALS1,LGALS1,gene,NF1,Malignant peripheral nerve sheath tumor (MPNST),1,full text - supported,1,0,0,1,0,1,True,1,0,"LGALS1-encoded Gal-1 acts as Ras chaperone stabilizing active Ras at membrane; elevated in MPNST; LLS30 targets Gal-1/Ras pocket, suppressing Ras/Erk, tumor growth and metastasis.",mouse model,39483902,39483902:full_text (PDF supplied),False,False,,False,"Gal-1 directly chaperones Ras at the tumor cell membrane; LLS30 inhibits this pocket, acting on Schwann-lineage MPNST cells, not stroma.",model
MAP2K1/2 (MEK1/2),MAP2K1;MAP2K2,family,NF2-SWN,Meningioma,1,full text - supported,1,0,0,1,0,0,False,1,0,Selumetinib combined with MLN3651 blocked MLN3651-induced pERK1/2 increase and had additive effect reducing proliferation/viability in Merlin-deficient meningioma cells; DCAF1 knockdown reduced KSR1 association with pMEK1/2/pERK1/2 in HEK293T cells.,human tissue,32629964,32629964:full_text,False,False,,False,"MEK1/2 has approved inhibitors (selumetinib) with direct pharmacology on RAS-pathway-driven Schwann-lineage tumor cells, relevant to essentially all NF1-driven tumors.",model
MAP2K1/2 (MEK1/2),MAP2K1;MAP2K2,family,NF2-SWN,Ependymoma,1,full text - supported,1,0,0,1,0,0,False,1,0,"In an NF2 patient, selumetinib monotherapy for 3 months produced a partial response in a thoracic intramedullary tumor consistent with ependymoma, quantified by reduced contrast enhancement.",human tissue,38058737,38058737:full_text,False,False,,False,"MEK1/2 has approved inhibitors (selumetinib) with direct pharmacology on RAS-pathway-driven Schwann-lineage tumor cells, relevant to essentially all NF1-driven tumors.",model
MAP2K1/2 (MEK1/2),MAP2K1;MAP2K2,family,NF1,Hematologic malignancies,1,full text - supported,1,0,0,1,0,0,False,1,0,"NF1-mutant JMML is RAS-dependent; MEKi (mirdametinib, selumetinib, trametinib) improved survival, blood counts, and spleen size in Kras/Nras/Nf1-driven mouse JMML models",mouse model,35788692,35788692:full_text (PDF supplied),False,False,,False,"MEK1/2 has approved inhibitors (selumetinib) with direct pharmacology on RAS-pathway-driven Schwann-lineage tumor cells, relevant to essentially all NF1-driven tumors.",model
MAPK pathway,RAF1;BRAF;ARAF;MAP2K1;MAP2K2;MAPK1;MAPK3,pathway,NF1,Non-optic LGG,1,full text - supported,1,0,0,1,0,0,False,1,0,"This paper studies trametinib (MEK inhibitor) treatment of progressive pLGG driven by MAPK pathway alterations (BRAF-fusion, NF1, FGFR1), showing disease control via MAPK inhibition.",clinical trial,33026636,33026636:full_text,False,False,,False,"MEK/RAF inhibitors (e.g., trametinib, selumetinib) directly and effectively target MAPK pathway activation driven by germline NF1 loss in essentially all NF1 patients, acting on the tumor cell itself.",model
MAPK pathway,RAF1;BRAF;ARAF;MAP2K1;MAP2K2;MAPK1;MAPK3,pathway,NF1,Plexiform neurofibroma,1,full text - supported,1,0,0,1,0,0,False,1,0,NF1 loss elevates Ras-GTP activating Raf/MEK/Erk-MAPK proliferation; Krox20-cre and Nf1-/-:Nf1+/+ mouse models producing plexiform neurofibromas support this cascade.,mouse model,20043723,20043723:full_text (PDF supplied),False,False,,False,"MEK/RAF inhibitors (e.g., trametinib, selumetinib) directly and effectively target MAPK pathway activation driven by germline NF1 loss in essentially all NF1 patients, acting on the tumor cell itself.",model
MAPK1/3 (ERK1/2),MAPK1;MAPK3,family,NF2-SWN,Vestibular schwannoma,1,full text - supported,1,0,0,1,0,0,False,1,0,ERK1/2 strongly phosphorylated in all VS tissue samples and confirmed by IHC; heregulin-induced ERK1/2 activation blocked by lapatinib in schwannoma cells.,human tissue,20511180,20511180:full_text (PDF supplied),False,False,,False,"ERK1/2 is a druggable downstream RAS-MAPK effector active in essentially all NF1/NF2-driven tumours, acting directly on Schwann-lineage tumour cells; MEK/ERK inhibitors are clinical-stage.",model
ME1,ME1,gene,NF2-SWN,Vestibular schwannoma,1,full text - supported,1,0,0,1,0,0,False,1,0,"ME1 mRNA/protein/activity are reduced in NF2-KO Schwann cells and patient vestibular schwannomas; ME1 and G6PD redundantly supply NADPH, and combined loss causes lethality.",cell line,38879607,38879607:full_text,True,False,,False,"ME1 loss is a metabolic vulnerability marker in NF2-null Schwann tumor cells reflecting synthetic lethality with G6PD, not a direct drug target with credible inhibitors.",model
MET,MET,gene,NF1,Plexiform neurofibroma,1,full text - supported,1,0,0,1,0,0,False,1,0,"MET is a cabozantinib target kinase identified by MIB/MS with decreased binding after treatment, implicated in tumor response in Nf1 mutant PN mouse model.",mouse model,33442015,33442015:full_text,False,False,,False,"MET is a directly druggable RTK (cabozantinib target) active on Schwann-lineage plexiform neurofibroma cells, relevant broadly in Nf1-driven PN rather than a specific subset genotype.",model
MIF,MIF,gene,NF1,Plexiform neurofibroma,1,full text - supported,1,0,0,1,0,0,False,1,0,"SCP-like cells uniquely express MIF in mouse and human PN; CellPhoneDB predicts MIF signals through CD74 on macrophages/DCs, and MIF/CD74 signaling can activate NF-κB and MAPK.",computational,36134665,36134665:full_text,False,False,,True,"MIF is druggable (clinical-stage MIF/CD74 inhibitors exist), but mechanism is SCP-to-macrophage signaling, acting on the microenvironment rather than tumor cells.",model
MMP9,MMP9,gene,NF2-SWN,Vestibular schwannoma,1,full text - supported,1,0,0,1,0,0,False,1,0,"MMP9 is secreted by schwannoma cells, upregulated via TNF-α, drives invasion, adhesion molecule expression (N-cadherin, αvβ3), and its inhibition reduces tumor growth in vivo.",mouse model,38887507,38887507:full_text,False,False,,False,"MMP9 is a secreted protease driven by schwannoma cells themselves (TNF-α induced) with credible small-molecule/antibody inhibitors, so it acts on the tumor cell/ECM invasion axis, not primarily stroma.",model
MRVI1,IRAG1,gene,NF1,Other,1,full text - supported,1,0,0,1,0,0,False,1,0,"MRVI1 p.P186S variant confirmed in a European NF-1 patient with moyamoya syndrome, consistent with prior report of co-segregation as MMS modifier.",human tissue,39367156,39367156:full_text,True,True,"MRVI1 p.P186S variant, reported in single NF1 patients with moyamoya syndrome; frequency not established, not present in most NF1 patients",False,"MRVI1 P186S is a rare candidate modifier variant linked to moyamoya vasculopathy risk stratification in NF1, not a druggable tumour-cell target.",model
MTAP,MTAP,gene,NF1,ANNUBP / atypical neurofibroma,1,full text - supported,1,0,0,1,0,1,True,1,0,"MTAP protein loss detected by IHC in 5/5 ANNUBP samples, linked to CDKN2A co-deletion during NF1-associated progression from neurofibroma toward MPNST.",human tissue,41959302,41959302:full_text (PDF supplied),True,True,"MTAP/CDKN2A co-deletion, ~85% of MPNSTs; not present in benign neurofibromas",False,"MTAP loss marks malignant transformation; deletion itself undruggable, though it creates PRMT5-inhibitor synthetic-lethal vulnerability.",model
MTAP,MTAP,gene,NF1,Malignant peripheral nerve sheath tumor (MPNST),1,full text - supported,1,0,0,1,0,1,True,1,0,MTAP is co-deleted with CDKN2A during NF1-associated neurofibroma-to-MPNST progression; IHC shows MTAP loss in 85% of MPNSTs and correlates with malignant transformation and high-grade disease.,human tissue,41959302,41959302:full_text (PDF supplied),True,True,"MTAP/CDKN2A co-deletion, ~85% of MPNSTs; not present in benign neurofibromas",False,"MTAP loss marks malignant transformation; deletion itself undruggable, though it creates PRMT5-inhibitor synthetic-lethal vulnerability.",model
MTOR,MTOR,gene,NF2-SWN,Ependymoma,1,full text - supported,1,0,0,1,0,0,False,1,0,Everolimus (mTOR inhibitor) plus selumetinib was given to this ependymoma-harboring patient but discontinued after 2 weeks due to grade III mucositis and rash before efficacy assessment.,human tissue,38058737,38058737:full_text,False,False,,False,"mTOR is directly druggable (everolimus, AZD2014) acting on the tumor cell itself in NF1/NF2-driven tumors, relevant across essentially all patients with these manifestations.",model
NFKB (complex),NFKB1;NFKB2;RELA;RELB;REL,complex,NF1,Plexiform neurofibroma,1,full text - supported,1,0,0,1,0,0,False,1,0,"NF-κB pathway activated in PN Schwann cells and immune cells; nuclear p65 elevated in Nf1-mutant SCs, human PN tissue, and SCP-like colonies; IκB dominant-negative reduced Nf1-null sphere formation.",mouse model,36134665,36134665:full_text,False,False,,False,"NF-κB inhibitors (e.g. IKK/proteasome-based) directly target pathway activation in Nf1-null Schwann cell lineage cells, relevant to essentially all PN, not immune/stromal compartment.",model
NOTCH,NOTCH1;NOTCH2;NOTCH3;NOTCH4,family,NF1,Malignant peripheral nerve sheath tumor (MPNST),1,full text - supported,1,0,0,1,0,0,False,1,0,"PRC2 loss activates Notch pathway genes/proteins (NOTCH1/3, JAG1, HES1) in iHSCs and MPNST lines; gamma-secretase inhibitor nirogacestat inhibits Notch processing and synergizes with MEK inhibitor in MPNST cells.",cell line,39620202,39620202:full_text,False,False,,False,"Nirogacestat is a clinical-stage gamma-secretase inhibitor directly blocking Notch processing in MPNST tumour cells, relevant broadly via PRC2 loss rather than a specific subset mutation.",model
ODC1,ODC1,gene,NF1,ANNUBP / atypical neurofibroma,1,full text - supported,1,0,0,1,0,0,False,1,0,"Tissue immunofluorescence showed ANNUBP tumors had the highest nuclear ODC activity (>10 nmol/min/ug) of all tumor types studied, suggesting lower likelihood of benefit from DFMO/ODC inhibition than lower-ODC tumors.",human tissue,42677329,42677329:full_text,False,False,,False,"DFMO is a credible clinical-stage direct ODC1 inhibitor acting on tumor Schwann-lineage cells, though ODC activity also serves as a stratification biomarker.",model
ODC1,ODC1,gene,NF1,Malignant peripheral nerve sheath tumor (MPNST),1,full text - supported,1,0,0,1,0,0,False,1,0,"Nuclear ODC activity, measured by quantitative immunofluorescence on a tissue microarray, was low to moderate (<5 nmol/min/ug) in most MPNST samples, proposed as favorable for DFMO responsiveness.",human tissue,42677329,42677329:full_text,False,False,,False,"DFMO is a credible clinical-stage direct ODC1 inhibitor acting on tumor Schwann-lineage cells, though ODC activity also serves as a stratification biomarker.",model
ODC1,ODC1,gene,NF1,Plexiform neurofibroma,1,full text - supported,1,0,0,1,0,0,False,1,0,"Grade 1 neurofibroma (NF) samples showed ODC activity mostly below 5 nmol/min/ug via tissue immunofluorescence, though one NF sample exceeded 10 nmol/min/ug, indicating heterogeneity within this tumor type.",human tissue,42677329,42677329:full_text,False,False,,False,"DFMO is a credible clinical-stage direct ODC1 inhibitor acting on tumor Schwann-lineage cells, though ODC activity also serves as a stratification biomarker.",model
PARP1,PARP1,gene,NF1,Malignant peripheral nerve sheath tumor (MPNST),1,full text - supported,1,0,0,1,0,0,False,1,0,Olaparib (PARP1 inhibitor) combined with Selumetinib significantly suppressed tumor growth (61.6% reduction) in NF1-18B MPNST PDOX mouse model; PARylation loss confirmed target engagement.,mouse model,42310314,42310314:full_text,False,False,,False,"PARP1 is directly druggable (olaparib) acting on tumor Schwann-cell lineage via synthetic lethality with MEK inhibition, relevant broadly to NF1-MPNST, not a specific subclone genotype.",model
PDLIM2,PDLIM2,gene,NF2-SWN,Meningioma,1,full text - supported,1,0,0,1,0,0,False,1,0,PDLIM2 identified by proteomics as upregulated in Merlin-deficient primary meningioma cells and Ben-Men-1 vs meningeal cells; validated by Western blot; shRNA knockdown significantly reduced Ki-67+ proliferation in primary meningioma cells.,human tissue,28126595,28126595:full_text,False,False,,False,"PDLIM2 is a Merlin-deficiency-driven proliferation dependency in tumor cells themselves (schwannoma/meningioma), with knockdown data supporting it as a direct pharmacological target, not merely a marker.",model
PDLIM2,PDLIM2,gene,NF2-SWN,Non-vestibular schwannoma,1,full text - supported,1,0,0,1,0,0,False,1,0,PDLIM2 identified by proteomics/phospho-proteomics as upregulated in Merlin-deficient primary schwannoma vs Schwann cells; validated by Western blot; shRNA knockdown significantly reduced Ki-67+ proliferation in primary schwannoma cells.,human tissue,28126595,28126595:full_text,False,False,,False,"PDLIM2 is a Merlin-deficiency-driven proliferation dependency in tumor cells themselves (schwannoma/meningioma), with knockdown data supporting it as a direct pharmacological target, not merely a marker.",model
PEBP1,PEBP1,gene,NF2-SWN,Vestibular schwannoma,1,full text - supported,1,0,0,1,0,0,False,1,0,"Merlin loss triggers TβR1-mediated phosphorylation/degradation of RKIP; RKIP-stabilizing agents Nf18001 and PRG-N-01 inhibit tumor growth, promote Schwann cell differentiation, and shrink vestibular nerve tumors in preclinical/trial models.",mouse model,38928264,38928264:full_text,False,False,,False,"RKIP itself is drugged directly by TβR1-blocking small molecules (PRG-N-01) that restore RKIP in NF2-deficient Schwann cells, relevant to all Merlin-null schwannomas.",model
PEBP1,PEBP1,gene,NF2-SWN,Non-vestibular schwannoma,1,full text - supported,1,0,0,1,0,0,False,1,0,"PRG-N-01 binds TβR1 kinase domain (230-322), blocking TβR1-RKIP interaction and preventing RKIP phosphorylation/degradation, restoring RKIP levels and suppressing NF2-deficient schwannoma growth in vivo and in vitro.",mouse model,39731295,39731295:full_text,False,False,,False,"RKIP itself is drugged directly by TβR1-blocking small molecules (PRG-N-01) that restore RKIP in NF2-deficient Schwann cells, relevant to all Merlin-null schwannomas.",model
PI3K (family),PIK3CA;PIK3CB;PIK3CD;PIK3R1,family,NF1,Optic pathway glioma,1,full text - supported,1,0,0,1,0,0,False,1,0,"PI3K/Akt hyperactivated downstream of Nf1 loss; PI3K inhibition decreases Nf1 optic glioma volume, proliferation, and retinal ganglion cell loss.",mouse model,25534823,25534823:full_text,False,False,,False,"PI3K inhibitors (e.g., pictilisib) directly target hyperactivated PI3K in tumour Schwann/glioma cells downstream of NF1/NF2 loss, present in essentially all patients.",model
PLK1,PLK1,gene,NF1,Malignant peripheral nerve sheath tumor (MPNST),1,full text - supported,1,0,0,1,0,0,False,1,0,"PLK1 was top hit in drug and siRNA screens of NF1 MPNST cells (ST88-14); PLK1 inhibitor BI6727 stabilized tumor volume in MPNST xenografts, causing G2 arrest and multinucleation.",mouse model,32266095,32266095:full_text (PDF supplied),False,False,,False,"PLK1 is directly druggable (clinical-stage inhibitor BI6727) and acts on the Schwann-lineage MPNST tumor cell itself, causing mitotic arrest, not the microenvironment.",model
POSTN,POSTN,gene,NF1,Plexiform neurofibroma,1,full text - supported,1,0,0,1,0,0,False,1,0,"Postn is the top marker gene of the de novo SCP-like Schwann cell population in mouse PNs, also elevated in NMSCs, and described as a sustained injury-response gene.",mouse model,36134665,36134665:full_text,True,False,,True,"POSTN is a marker of an SCP-like/injury-response Schwann cell state and matrix-associated stroma, useful for tumor classification rather than direct drug targeting.",model
PP2A,PPP2CA;PPP2CB;PPP2R1A,complex,NF1,Plexiform neurofibroma,1,full text - supported,1,0,0,1,0,0,False,1,0,"PP2A A (PPP2R1A/B) and C (PPP2CA) subunit expression and phosphatase activity are reduced in human/mouse neurofibroma tissue and Schwann cells; FTY720 restores PP2A activity, inhibits sphere formation/proliferation, induces apoptosis, and reduces tumor number in mice.",mouse model,42116118,42116118:full_text,False,False,,False,"PP2A activity is pharmacologically restorable (e.g. FTY720) directly in Schwann-lineage tumor cells, relevant to essentially all NF1/NF2 neurofibromas, not immune/stromal.",model
PRMT5,PRMT5,gene,NF1,ANNUBP / atypical neurofibroma,1,full text - supported,1,0,0,1,0,1,True,1,0,"PRMT5 expression and activity (H4R3me2s) were elevated in all 5 ANNUBP samples with MTAP loss, indicating compensatory PRMT5 dependency in this NF1-associated premalignant stage.",human tissue,41959302,41959302:full_text (PDF supplied),False,True,"MTAP deletion/loss (co-deleted with CDKN2A) in MPNST and ANNUBP, seen in subset of NF1 tumors, exact NF1-population frequency not well established",False,"PRMT5 inhibitors act directly on MTAP-deficient Schwann-lineage tumor cells via synthetic lethality, not stroma; restricted to MTAP-deleted subset.",model
PRMT5,PRMT5,gene,NF1,Malignant peripheral nerve sheath tumor (MPNST),1,full text - supported,1,0,0,1,0,1,True,1,0,"PRMT5 is upregulated with MTAP loss in NF1-associated and sporadic MPNST; genetic/chemical PRMT5 inhibition selectively impaired MTAP-deficient MPNST cell growth via DNA damage and G2/M arrest, synergizing with chemotherapy.",cell line,41959302,41959302:full_text (PDF supplied),False,True,"MTAP deletion/loss (co-deleted with CDKN2A) in MPNST and ANNUBP, seen in subset of NF1 tumors, exact NF1-population frequency not well established",False,"PRMT5 inhibitors act directly on MTAP-deficient Schwann-lineage tumor cells via synthetic lethality, not stroma; restricted to MTAP-deleted subset.",model
PROS1,PROS1,gene,NF1,Plexiform neurofibroma,1,full text - supported,1,0,0,1,0,0,False,1,0,"PROS1 is expressed by stromal, immune, and some Schwann cells; CellPhoneDB predicts PROS1 signals via AXL to SCP-like cells, other SC types, and stromal/immune cells in PN.",computational,36134665,36134665:full_text,False,False,,True,"PROS1-AXL is a secreted-ligand/receptor axis signaling from stromal/immune cells to Schwann-lineage cells; AXL inhibitors exist, so mechanism is microenvironmental, not tumor-cell-intrinsic.",model
PTEN,PTEN,gene,NF1,Malignant peripheral nerve sheath tumor (MPNST),1,full text - supported,1,0,0,1,0,0,False,1,0,"PTEN, a tumor suppressor regulating PI3K/AKT/TOR, is significantly downregulated in MPNST vs neurofibroma and proposed as a biomarker for TOR-inhibitor efficacy.",human tissue,24470531,24470531:full_text (PDF supplied),True,False,,False,"PTEN loss is a tumor-suppressor deletion/downregulation acting on Schwann-lineage tumor cells, useful as a stratification biomarker for TOR-inhibitor response, not itself druggable.",model
PTPN11,PTPN11,gene,NF1,Malignant peripheral nerve sheath tumor (MPNST),1,full text - supported,1,0,0,1,0,0,False,1,0,"SHP2 inhibition (SHP099) lowers RAS-GTP, blocks RAF/MEK/ERK signaling, suppresses MPNST cell growth and tumor volume, extends survival in allograft and PDX models; combination with hydroxychloroquine prevents/delays resistance.",mouse model,39793045,39793045:full_text,False,False,,False,"SHP2 has a credible clinical-stage direct inhibitor (SHP099) acting on RAS-MAPK in NF1-null Schwann/MPNST tumor cells, relevant to essentially all NF1 patients, not tumor microenvironment.",model
PTPN11,PTPN11,gene,NF1,Bone defects,1,full text - supported,1,0,0,1,0,0,False,1,0,"SHP2 (PTPN11) inhibitor SHP099, combined with MEK inhibitor, reduced RAS-MAPK signaling upstream of RAS, restored chondrogenic fate, and prevented tibial pseudarthrosis in Nf1-deficient mice.",mouse model,38924432,38924432:full_text,False,False,,False,"SHP2 has a credible clinical-stage direct inhibitor (SHP099) acting on RAS-MAPK in NF1-null Schwann/MPNST tumor cells, relevant to essentially all NF1 patients, not tumor microenvironment.",model
PTPRS,PTPRS,gene,NF1,Plexiform neurofibroma,1,full text - supported,1,0,0,1,0,0,False,1,0,"PTPRS downregulated in PNF tissue, suppresses EMT/migration by inhibiting EGFR expression/phosphorylation; low PTPRS correlates with recurrence",cell line,39094827,39094827:full_text (PDF supplied),True,False,,False,"PTPRS is a downregulated tumour-suppressor phosphatase in Schwann-lineage PNF cells; no direct activator exists, so its value is as a prognostic/recurrence biomarker, not a drug target.",model
RABL6A,RABL6,gene,NF1,Malignant peripheral nerve sheath tumor (MPNST),1,full text - supported,1,0,0,1,0,0,False,1,0,"RABL6A is an oncogenic GTPase essential for MPNST progression, inactivating RB1 by hyperactivating CDKs (via p27 loss) and activating MEK/Myc, sensitizing cells to CDK4/6 inhibitors.",review,33456709,33456709:full_text,False,False,,False,"RABL6A is an oncogenic GTPase acting cell-intrinsically in Schwann-lineage tumor cells; loss sensitizes to CDK4/6 inhibitors, a real pharmacological handle, not just a marker.",model
RAD51,RAD51,gene,NF1,High grade glioma,1,full text - supported,1,0,0,1,0,0,False,1,0,"MEKi decreases RAD51 transcription/foci in NF1-deficient glioblastoma, creating HR-deficient state that sensitizes tumors to radiation-induced DNA damage.",mouse model,38714355,38714355:full_text,False,False,,False,"RAD51 is directly druggable (e.g., RI-1) to block HR repair in tumor Schwann/glioma cells, sensitizing them to radiation; relevant broadly, not TME.",model
RAD51,RAD51,gene,NF2-SWN,Vestibular schwannoma,1,full text - supported,1,0,0,1,0,0,False,1,0,"RAD51-mediated homologous recombination repairs radiation-induced DNA double-strand breaks in VS cells; RAD51 inhibitor RI-1 blocks repair, enhancing radiation-induced cell death.",human tissue,35230908,35230908:full_text,False,False,,False,"RAD51 is directly druggable (e.g., RI-1) to block HR repair in tumor Schwann/glioma cells, sensitizing them to radiation; relevant broadly, not TME.",model
RB/E2F,RB1;E2F1,pathway,NF1,Malignant peripheral nerve sheath tumor (MPNST),1,full text - supported,1,0,0,1,0,0,False,1,0,"HuR binds CCND1, CCND2, CDK2, CDK6, p27, E2F1, E2F2, E2F3 mRNAs; HuR silencing reduces cyclin/CDK/E2F protein levels and E2F-driven signatures, driving G1 cell cycle arrest in MPNST cells.",cell line,32315290,32315290:full_text,False,False,,False,"RB/E2F is druggable indirectly via HuR or CDK4/6 inhibitors acting on MPNST tumour cells themselves, relevant to essentially all NF1-MPNST regardless of specific genotype.",model
RB1,RB1,gene,NF1,Malignant peripheral nerve sheath tumor (MPNST),1,full text - supported,1,0,0,1,0,0,False,1,0,"RB1 tumor suppressor is inactivated by RABL6A-driven CDK hyperactivation in MPNSTs; reactivating RB1 via CDK4/6 inhibition is proposed as therapeutic strategy, though RB1 remains genetically wild-type.",review,33456709,33456709:full_text,True,False,,False,"RB1 is wild-type but functionally inactivated via CDK hyperactivation; the druggable node is CDK4/6, not RB1 itself, so RB1 status serves as a pathway/biomarker indicator on the Schwann-lineage tumor cell.",model
RECQL4,RECQL4,gene,NF1,Malignant peripheral nerve sheath tumor (MPNST),1,full text - supported,1,0,0,1,0,0,False,1,0,"RECQL4 knockdown in NF1-associated MPNST cell lines (NF90-8, ST88-14) increased apoptosis and sensitized cells to ATR inhibitors; NF1-MPNST tissue showed lower RECQL4 expression.",cell line,41317405,41317405:full_text,False,False,,False,"RECQL4 knockdown directly sensitizes MPNST/glioma tumor cells to ATR inhibitors, a genuine synthetic-lethal pharmacological vulnerability, not just a stratification marker.",model
RNF213,RNF213,gene,NF1,Other,1,full text - supported,1,0,0,1,0,0,False,1,0,"RNF213 p.R4810K variant confirmed in Japanese NF-1 patients with moyamoya syndrome, consistent with its role as MMD/MMS susceptibility variant.",human tissue,39367156,39367156:full_text,True,True,RNF213 p.R4810K variant; found in ~95% of East Asian moyamoya patients but only a subset of NF1 patients with moyamoya syndrome,False,"R4810K is a vasculopathy susceptibility marker for moyamoya risk stratification in NF1, not a validated drug target; RNF213 E3 ligase biology lacks credible direct inhibitors.",model
RRM2,RRM2,gene,NF1,Malignant peripheral nerve sheath tumor (MPNST),1,full text - supported,1,0,0,1,0,0,False,1,0,"RRM2 overexpressed in NF1-associated MPNST, correlates with poor survival; knockdown/inhibition reduced proliferation and tumor growth in vitro and in vivo",human tissue,37086345,37086345:full_text,False,False,,False,"RRM2 is overexpressed in MPNST tumor cells and has clinical-stage direct inhibitors, so real pharmacology outweighs its prognostic biomarker use.",model
SHH,SHH,gene,NF1,Malignant peripheral nerve sheath tumor (MPNST),1,full text - supported,1,0,0,1,0,0,False,1,0,"SHH pathway genes (SHH, SMO, GLI1) and reduced PTCH1 are transcriptionally activated/derepressed in PRC2-deficient NF1-mutant iHSCs, linking SHH activation to MPNST pathogenesis subgroup.",cell line,39620202,39620202:full_text,False,True,"PRC2-deficient (SUZ12/EED-loss) NF1-mutant MPNST subgroup, a minority of MPNSTs",False,"SHH/SMO is druggable (vismodegib/sonidegib precedent) and acts on the Schwann-lineage tumor cell, but activation is restricted to PRC2-deficient NF1 MPNST subgroup.",model
SOS1,SOS1,gene,NF1,Plexiform neurofibroma,1,full text - supported,1,0,0,1,0,0,False,1,0,"Pharmacologic SOS1 inhibition shows limited biochemical efficacy alone in iPN and pNF/MPNST lines; efficacy is significantly improved when SOS2 is co-repressed via CRISPRi, indicating SOS2 compensation limits SOS1 blockade.",cell line,40587782,40587782:full_text,False,False,,False,"SOS1 is a direct pharmacological target (clinical-stage SOS1 inhibitors exist) acting on RAS/MAPK-driven NF1-null Schwann-lineage tumor cells, though SOS2 compensation limits monotherapy efficacy.",model
SOS1,SOS1,gene,NF1,Malignant peripheral nerve sheath tumor (MPNST),1,full text - supported,1,0,0,1,0,0,False,1,0,"Pharmacologic SOS1 inhibition shows limited biochemical efficacy alone in iPN and pNF/MPNST lines; efficacy is significantly improved when SOS2 is co-repressed via CRISPRi, indicating SOS2 compensation limits SOS1 blockade.",cell line,40587782,40587782:full_text,False,False,,False,"SOS1 is a direct pharmacological target (clinical-stage SOS1 inhibitors exist) acting on RAS/MAPK-driven NF1-null Schwann-lineage tumor cells, though SOS2 compensation limits monotherapy efficacy.",model
SOS2,SOS2,gene,NF1,Other,1,full text - supported,1,0,0,1,0,0,False,1,0,"CRISPRi sgSOS2 repression alone does not alter iPN growth but significantly improves biochemical response to SOS1 inhibitor treatment, indicating SOS2 compensates for and limits SOS1 inhibition efficacy.",cell line,40587782,40587782:full_text,False,False,,False,"SOS2 is a druggable RasGEF paralog acting cell-intrinsically in Schwann-lineage tumor cells, relevant via NF1 loss, not a patient subset.",model
SOX10,SOX10,gene,NF1,Cutaneous neurofibroma,1,full text - supported,1,0,0,1,0,0,False,1,0,Sox10-CreERT2-driven Nf1 biallelic inactivation in SOX10+ Schwann lineage cells generated nodular/discrete cNFs recapitulating human cutaneous neurofibromas; SOX10+ cells identified as cells of origin.,mouse model,33108355,33108355:full_text (PDF supplied),True,False,,False,SOX10 is a lineage/cell-of-origin and chromatin-state marker (loss marks MPNST progression) rather than a directly druggable transcription factor target.,model
SOX10,SOX10,gene,NF1,Plexiform neurofibroma,1,full text - supported,1,0,0,1,0,0,False,1,0,"NF1-null SOX10+/HOXb7+ hiPSC-SCPs implanted in sciatic nerve formed pNFs; Sox10-CreERT2 Nf1fl/fl mice developed pNFs, establishing SOX10+ cells as tumor-initiating cells.",mouse model,33108355,33108355:full_text (PDF supplied),True,False,,False,SOX10 is a lineage/cell-of-origin and chromatin-state marker (loss marks MPNST progression) rather than a directly druggable transcription factor target.,model
SPP1,SPP1,gene,NF1,Malignant peripheral nerve sheath tumor (MPNST),1,full text - supported,1,0,0,1,0,0,False,1,0,SPP1 expression rises with tumor severity; SPP1 highly expressed in a distinct macrophage subset (MAC-3) dominant sender in MPNST; Spp1 knockout extends survival in cisNf1+/-;Trp53+/- MPNST mice.,mouse model,41053414,41053414:full_text,True,False,,True,SPP1 is a secreted marker of tumor severity mainly from macrophages (MAC-3) with autocrine SCP signaling; no approved SPP1 inhibitors exist clinically.,model
SPP1,SPP1,gene,NF1,Plexiform neurofibroma,1,full text - supported,1,0,0,1,0,0,False,1,0,"SPP1 initiated autocrine by SCP-like tumor cells in pNF; pre-tumor DhhCre;Nf1-/- DRG shows elevated Spp1 in Nes+ SCL cells versus control, an early tumorigenic event; confirmed spatially with CD44/NES/ERBB3 co-localization.",human tissue,41053414,41053414:full_text,True,False,,True,SPP1 is a secreted marker of tumor severity mainly from macrophages (MAC-3) with autocrine SCP signaling; no approved SPP1 inhibitors exist clinically.,model
SRC,SRC,gene,NF2-SWN,Meningioma,1,full text - supported,1,0,0,1,0,0,False,1,0,"Src family kinase activation identified in NF2-null meningioma cells; dasatinib inhibits Src/SFK, tested alone and combined with mTORC1/2 inhibitor for growth inhibition",cell line,29982664,29982664:full_text,False,False,,False,"Src is directly druggable by dasatinib, a clinical-stage/approved SFK inhibitor, acting on NF2-null meningioma tumour cells; NF2 loss defines the disease broadly.",model
STAT3,STAT3,gene,NF1,Plexiform neurofibroma,1,full text - supported,1,0,0,1,0,0,False,1,0,"FLLL32 (JAK2/STAT3 inhibitor) reduced neurofibroma volume, suppressed macrophage and Schwann cell proliferation, lowered macrophage numbers, and decreased chemokines (Ccl2, Ccl6, Ccl12, Ccl22) in mouse neurofibromas.",mouse model,30542122,30542122:full_text,False,False,,False,"STAT3 is directly druggable (FLLL32/JAK2-STAT3 inhibitor) and acts on both tumor Schwann cells and macrophages, with Schwann-cell/macrophage proliferation as the dominant mechanism.",model
SURVIVIN,BIRC5,gene,NF2-SWN,Vestibular schwannoma,1,full text - supported,1,0,0,1,0,0,False,1,0,"Survivin overexpressed in VS tissue; lapatinib downregulated survivin in schwannoma cells, proposed as EGFR/ErbB2-regulated therapeutic target.",human tissue,20511180,20511180:full_text (PDF supplied),True,False,,False,"Survivin is overexpressed in VS and best used as a pharmacodynamic/expression marker; no direct survivin inhibitor is credible, unlike EGFR/ErbB2 drugs (e.g. lapatinib) acting on schwannoma tumour cells.",model
Simvastatin,HMGCR,drug,NF1,Cardiovascular issues,1,full text - supported,1,0,0,1,0,0,False,1,0,"Low-dose simvastatin reduced aneurysm incidence, size, MMP-9 activation and ROS production in AngII-infused Nf1+/- mice via anti-inflammatory/antioxidant effects.",mouse model,24370551,24370551:full_text,False,False,,True,"Simvastatin is an approved HMGCR inhibitor acting on vascular wall inflammation/oxidative stress and MMP-9 in aneurysm, relevant to all Nf1+/- vasculopathy, not tumor cells.",model
TEAD,TEAD1;TEAD2;TEAD3;TEAD4,family,NF2-SWN,Meningioma,1,full text - supported,1,0,0,1,0,0,False,1,0,Pan-TEAD auto-palmitoylation inhibitors (VT1/VT2/VT3) significantly inhibit proliferation of human NF2-null meningioma cells and cell lines in vitro.,cell line,36148553,36148553:full_text,False,False,,False,"TEAD auto-palmitoylation inhibitors directly inhibit proliferation and induce apoptosis in NF2-null schwannoma/meningioma tumour cells, a genuine direct drug mechanism relevant to all NF2-SWN patients.",model
TEAD,TEAD1;TEAD2;TEAD3;TEAD4,family,NF2-SWN,Vestibular schwannoma,1,full text - supported,1,0,0,1,0,0,False,1,0,"TEAD auto-palmitoylation inhibitors VT1/VT2 block proliferation and cause regression (shrinkage) plus increased apoptosis of vestibular schwannoma tumours in NF2-null mice in vivo, and reduce human schwannoma cell proliferation.",mouse model,36148553,36148553:full_text,False,False,,False,"TEAD auto-palmitoylation inhibitors directly inhibit proliferation and induce apoptosis in NF2-null schwannoma/meningioma tumour cells, a genuine direct drug mechanism relevant to all NF2-SWN patients.",model
TEAD1,TEAD1,gene,NF1,Malignant peripheral nerve sheath tumor (MPNST),1,full text - supported,1,0,0,1,0,0,False,1,0,"TEAD1 expression and promoter binding were suppressed after combined treatment, downregulating TUBA1B, KIF18A, TAZ, YAP, TP53, SP1 transcription, driving MPNST cell death.",cell line,35261809,35261809:full_text (PDF supplied),False,False,,False,"TEAD1 is a druggable Hippo-pathway transcription factor (TEAD/YAP-TAZ inhibitors in clinical development) acting directly on MPNST/schwannoma tumor cells, relevant across NF1/NF2 patients, not a specific subclone marker.",model
TGFB1,TGFB1,gene,NF1,Plexiform neurofibroma,1,full text - supported,1,0,0,1,0,0,False,1,0,"Conditional TGFβ1 overexpression in Nf1-deficient Schwann cells (Hoxb7-Cre) increased PNF burden, DRG volume, decreased survival, and drove malignant transformation to MPNST in vivo, with elevated BM proteins.",mouse model,40540562,40540562:full_text,False,False,,True,"TGFB1 is a secreted ligand druggable by neutralizing antibodies, acting on stromal/fibrotic microenvironment (SSPCs, fibrosis) rather than the Schwann-cell tumor lineage itself.",model
TGFB1,TGFB1,gene,NF1,Malignant peripheral nerve sheath tumor (MPNST),1,full text - supported,1,0,0,1,0,0,False,1,0,"Conditional TGFβ1 overexpression in Nf1-deficient Schwann cells (Hoxb7-Cre) increased PNF burden, DRG volume, decreased survival, and drove malignant transformation to MPNST in vivo, with elevated BM proteins.",mouse model,40540562,40540562:full_text,False,False,,True,"TGFB1 is a secreted ligand druggable by neutralizing antibodies, acting on stromal/fibrotic microenvironment (SSPCs, fibrosis) rather than the Schwann-cell tumor lineage itself.",model
TGFB1,TGFB1,gene,NF1,Bone defects,1,full text - supported,1,0,0,1,0,0,False,1,0,"Nf1-deficient Schwann cells secrete Tgfb1, driving pSMAD2 activation and fibrotic differentiation of SSPCs; TGFβ blocking antibody reduced fibrosis and restored bone union in mutant mice.",mouse model,38924432,38924432:full_text,False,False,,True,"TGFB1 is a secreted ligand druggable by neutralizing antibodies, acting on stromal/fibrotic microenvironment (SSPCs, fibrosis) rather than the Schwann-cell tumor lineage itself.",model
TGFB1,TGFB1,gene,NF1,Cutaneous neurofibroma,1,full text - supported,1,0,0,1,0,0,False,1,0,"YAP activation upregulates TGF-β1 secretion from cNF cells, synergizing with CCL5 to promote macrophage recruitment and proliferation, elevated in patient cNF tissue.",mouse model,32323813,32323813:full_text (PDF supplied),False,False,,True,"TGFB1 is a secreted ligand druggable by neutralizing antibodies, acting on stromal/fibrotic microenvironment (SSPCs, fibrosis) rather than the Schwann-cell tumor lineage itself.",model
TGFBR1,TGFBR1,gene,NF2-SWN,Non-vestibular schwannoma,1,full text - supported,1,0,0,1,0,0,False,1,0,"PRG-N-01 directly binds the TβR1 kinase domain (aa230-322), blocking aberrant TβR1-RKIP interaction without affecting canonical TGF-β signaling, thereby preventing RKIP degradation and suppressing DRG schwannoma growth.",mouse model,39731295,39731295:full_text,False,False,,True,"TβR1 kinase is directly druggable (PRG-N-01 blocks TβR1-RKIP in Schwann tumor cells), but a second mechanism shows TGFβR signaling driving macrophage proliferation, a stromal/TME effect.",model
TGFBR1,TGFBR1,gene,NF1,Plexiform neurofibroma,1,full text - supported,1,0,0,1,0,0,False,1,0,"Galunisertib (TGFβRI inhibitor) reduced PNF number, tumor diameter, tumor burden index, collagen, and basement membrane proteins (LAMB1, NID1, LAMC) in Nf1 mutant mice.",mouse model,40540562,40540562:full_text,False,False,,True,"TβR1 kinase is directly druggable (PRG-N-01 blocks TβR1-RKIP in Schwann tumor cells), but a second mechanism shows TGFβR signaling driving macrophage proliferation, a stromal/TME effect.",model
TGFBR1,TGFBR1,gene,NF1,Cutaneous neurofibroma,1,full text - supported,1,0,0,1,0,0,False,1,0,"TGFβ1R knockdown/overexpression in THP-1 macrophages altered p21/p27/PCNA and cell cycle progression, demonstrating TGF-β1/TGFβR signaling drives macrophage proliferation in cNF.",cell line,32323813,32323813:full_text (PDF supplied),False,False,,True,"TβR1 kinase is directly druggable (PRG-N-01 blocks TβR1-RKIP in Schwann tumor cells), but a second mechanism shows TGFβR signaling driving macrophage proliferation, a stromal/TME effect.",model
TNFRSF10B,TNFRSF10B,gene,NF2-SWN,Non-vestibular schwannoma,1,full text - supported,1,0,0,1,0,0,False,1,0,"Fimepinostat upregulates TRAIL R2 protein and transcript, contributing to caspase-3-dependent apoptosis, in schwannoma model cells including NCH1 spinal (non-vestibular) cells.",cell line,41898501,41898501:full_text,False,False,,False,"TRAIL-R2 is a direct pro-apoptotic surface receptor upregulated and engaged by fimepinostat in schwannoma tumor cells, not merely a stratification marker or stromal target.",model
TNFRSF10B,TNFRSF10B,gene,NF2-SWN,Vestibular schwannoma,1,full text - supported,1,0,0,1,0,0,False,1,0,"Fimepinostat upregulates TRAIL R2 protein and gene expression in HS02/HS05 and patient-derived vestibular schwannoma cells, contributing to caspase-3-dependent apoptosis.",cell line,41898501,41898501:full_text,False,False,,False,"TRAIL-R2 is a direct pro-apoptotic surface receptor upregulated and engaged by fimepinostat in schwannoma tumor cells, not merely a stratification marker or stromal target.",model
TNFRSF1A,TNFRSF1A,gene,NF2-SWN,Non-vestibular schwannoma,1,full text - supported,1,0,0,1,0,0,False,1,0,Fimepinostat downregulates TNFR1 protein (Western blot) and gene expression (RT-qPCR) by 16h treatment in schwannoma model cells including NCH1 (non-vestibular).,cell line,41898501,41898501:full_text,False,False,,False,"TNFR1 is downregulated by fimepinostat in schwannoma tumour cells themselves (non-vestibular and vestibular models), a druggable node in pro-apoptotic signaling, not a TME or genotype-restricted marker.",model
TNFRSF1A,TNFRSF1A,gene,NF2-SWN,Vestibular schwannoma,1,full text - supported,1,0,0,1,0,0,False,1,0,"Fimepinostat downregulates TNFR1 protein and transcript by 16h in HS02/HS05 model cells, part of pro-apoptotic signaling in vestibular schwannoma models.",cell line,41898501,41898501:full_text,False,False,,False,"TNFR1 is downregulated by fimepinostat in schwannoma tumour cells themselves (non-vestibular and vestibular models), a druggable node in pro-apoptotic signaling, not a TME or genotype-restricted marker.",model
VEGFA,VEGFA,gene,NF1,Other,1,full text - supported,1,0,0,1,0,0,False,1,0,"VEGF stimulation transiently suppresses neurofibromin expression, correlating with Erk/Akt activation and enhanced endothelial proliferation, network formation, and retinal neovascularization in Nf1-deficient models.",cell line,29847659,29847659:full_text,False,False,,True,"VEGFA is directly druggable (bevacizumab shows clinical efficacy in NF2 schwannoma) and acts via anti-angiogenic effects on tumor endothelium, not the Schwann-lineage tumor cell.",model
VEGFA,VEGFA,gene,NF1,Cutaneous neurofibroma,1,full text - supported,1,0,0,1,0,0,False,1,0,"AR directly binds VEGFA promoter inducing its transcription; VEGFA drives endothelial recruitment and tube formation, promoting cNF angiogenesis",human tissue,31059067,31059067:full_text (PDF supplied),False,False,,True,"VEGFA is directly druggable (bevacizumab shows clinical efficacy in NF2 schwannoma) and acts via anti-angiogenic effects on tumor endothelium, not the Schwann-lineage tumor cell.",model
VEGFR2,KDR,gene,NF1,Plexiform neurofibroma,1,full text - supported,1,0,0,1,0,0,False,1,0,"VEGFR2 inhibition by cabozantinib linked to reduced neoangiogenesis (CD31+ vessels) in PN tumors, supporting anti-tumor mechanism.",mouse model,33442015,33442015:full_text,False,False,,True,"VEGFR2 is a validated druggable kinase (cabozantinib etc.); mechanism here is anti-angiogenic, acting on tumor endothelium/microenvironment, not the Schwann-lineage tumor cell.",model
WNT/β-catenin,CTNNB1;GSK3B;APC;LRP5;LRP6,pathway,NF1,Malignant peripheral nerve sheath tumor (MPNST),1,full text - supported,1,0,0,1,0,0,False,1,0,"HuR binds CTNNB1 and BCL9 mRNAs; HuR silencing lowers β-catenin, BCL9, MYC, SOX9, AURKA/B; constitutively active β-catenin partially rescues growth suppression from HuR silencing in MPNST cells.",cell line,32315290,32315290:full_text,False,False,,False,"WNT/β-catenin is druggable (e.g., porcupine, β-catenin/BCL9 disruptors, tankyrase inhibitors) and acts directly on MPNST Schwann-lineage tumor cells, not stroma, in all NF1-MPNST regardless of genotype.",model
Wnt signaling,CTNNB1;GSK3B;APC;LRP5;LRP6,pathway,NF1,Malignant peripheral nerve sheath tumor (MPNST),1,full text - supported,1,0,0,1,0,0,False,1,0,Murine forward genetic screen and human tissue microarrays showed canonical Wnt activation transforms Schwann cells; Wnt downregulation reduced tumorigenic phenotype of MPNST cell lines.,mouse model,24470531,24470531:full_text (PDF supplied),False,False,,False,"Canonical Wnt/β-catenin drives Schwann-cell-intrinsic MPNST transformation; pathway is druggable (e.g., porcupine/tankyrase/GSK3B inhibitors), acting on tumor cells, not restricted to a specific genotype.",model
Wnt/β-catenin,CTNNB1;GSK3B;APC;LRP5;LRP6,pathway,NF2-SWN,Meningioma,1,full text - supported,1,0,0,1,0,0,False,1,0,"Merlin loss activates Wnt/β-catenin via CBP-β-catenin/FOXM1 axis promoting meningioma growth; ICG-001 disrupts CBP-β-catenin interaction, reducing tumor growth in vitro and PDX.",cell line,32642722,32642722:full_text,False,False,,False,"ICG-001 directly inhibits CBP-β-catenin interaction in Merlin-deficient meningioma tumor cells downstream of germline NF2 loss, a credible tumor-cell-intrinsic pharmacological approach.",model
YAP1,YAP1,gene,NF2-SWN,Meningioma,1,full text - supported,1,0,0,1,0,0,False,1,0,"Merlin deficiency in meningioma cells increases YAP expression and nuclear localization, driving proliferation; YAP knockdown alleviates merlin-deficient proliferation, and low-merlin regions of NF2-positive meningiomas show more nuclear YAP.",cell line,38928264,38928264:full_text,False,False,,False,"YAP acts downstream of merlin loss in tumour cells itself; druggable indirectly via CUDC907, which lowers YAP and reduces schwannoma/meningioma cell viability.",model
YAP1,YAP1,gene,NF2-SWN,Non-vestibular schwannoma,1,full text - supported,1,0,0,1,0,0,False,1,0,"Fimepinostat reduces YAP levels in HS02/HS05 cells and NCH1 spinal (non-vestibular) schwannoma model, implicated in cell death signaling downstream of merlin loss.",cell line,41898501,41898501:full_text,False,False,,False,"YAP acts downstream of merlin loss in tumour cells itself; druggable indirectly via CUDC907, which lowers YAP and reduces schwannoma/meningioma cell viability.",model
YAP1,YAP1,gene,NF1,Cutaneous neurofibroma,1,full text - supported,1,0,0,1,0,0,False,1,0,"YAP, a Hippo pathway effector, is upregulated in cNF tissue and Nf1-ablated cells; activation drives tumor cell proliferation and macrophage accumulation via CCL5/TGF-β1.",human tissue,32323813,32323813:full_text (PDF supplied),False,False,,False,"YAP acts downstream of merlin loss in tumour cells itself; druggable indirectly via CUDC907, which lowers YAP and reduces schwannoma/meningioma cell viability.",model
YAP1/WWTR1 (YAP/TAZ),YAP1;WWTR1,family,NF1,Malignant peripheral nerve sheath tumor (MPNST),1,full text - supported,1,0,0,1,0,0,False,1,0,"HuR binds YAP1, TEAD1, TEAD2 mRNAs; HuR silencing reduces YAP/TAZ pathway protein levels and downstream target gene expression, anticorrelating with YAP/TAZ hyperactivation signatures in MPNST cells.",cell line,32315290,32315290:full_text,False,False,,False,"TEAD palmitoylation inhibitors directly and druggably block YAP/TAZ-TEAD signaling in NF2-null Schwann-lineage tumor cells themselves, relevant across essentially all NF2-driven tumors.",model
YAP1/WWTR1 (YAP/TAZ),YAP1;WWTR1,family,NF2-SWN,Meningioma,1,full text - supported,1,0,0,1,0,0,False,1,0,"YAP/TAZ knockdown reduces proliferation of NF2-null BenMen-1 meningioma cells; TAZ drives ALDH1A1 expression, showing YAP/TAZ act as growth drivers in meningioma cells.",cell line,36148553,36148553:full_text,False,False,,False,"TEAD palmitoylation inhibitors directly and druggably block YAP/TAZ-TEAD signaling in NF2-null Schwann-lineage tumor cells themselves, relevant across essentially all NF2-driven tumors.",model
KIT,KIT,gene,NF1,Gastrointestinal stromal tumor (GIST),7,full text - partial,0,3,1,5,2,0,False,4,0,"Case report: imatinib (a KIT inhibitor, used for patient's c-Kit-expressing GIST) slightly reduced new c-NF development but increased size of pre-existing c-NFs; KIT involvement in c-NFs is speculative, not directly measured.",clinical trial;human tissue,24426628;29441367;33235741;34274754;35282706;35284800;40106943,24426628:abstract_only;29441367:full_text (PDF supplied);33235741:full_text;34274754:full_text;35282706:abstract_only;35284800:full_text;40106943:full_text,False,False,,True,"Imatinib is a credible direct KIT inhibitor, but the NF1 mechanism is SCF/c-kit+ mast cell recruitment, i.e. microenvironment-driven tumorigenesis.",model
EED,EED,gene,NF1,Malignant peripheral nerve sheath tumor (MPNST),5,full text - partial,0,2,0,3,2,0,False,1,1,"EED/PRC2 loss impairs Schwann cell proliferation and delays axon regeneration after nerve injury in mouse Eed cKO; MPNST link is discussion-based, citing prior literature that PRC2 loss co-occurs with NF1/CDKN2A/TP53 alterations in human MPNSTs, not directly tested in this study's model.",mouse model;review,28124441;30306639;33588442;34283254;39500722,28124441:abstract_only;30306639:full_text;33588442:full_text (PDF supplied);34283254:abstract_only;39500722:full_text,True,False,,False,"PRC2/EED loss is a recurrent co-occurring lesion (with CDKN2A/TP53) marking malignant progression in NF1 MPNST, better used to stratify/classify tumors than as a direct drug target on Schwann-lineage cells.",model
RAS (pan),HRAS;KRAS;NRAS,family,NF1,Malignant peripheral nerve sheath tumor (MPNST),5,full text - partial,0,1,1,2,3,0,False,2,0,Review states neurofibromin downregulates Ras signaling generally; no MPNST-specific RAS mechanism or manifestation data provided for this target-disease pair.,human tissue;review,12432832;25917340;33641042;36139671;41256734,12432832:abstract_only;25917340:abstract_only;33641042:abstract_only;36139671:full_text;41256734:full_text,False,False,,False,"RAS itself is now directly druggable (KRAS G12C/G12D inhibitors, pan-RAS/SOS1 agents) and acts on tumor Schwann-lineage cells via MAPK hyperactivation, relevant across NF1/SWN broadly, not a restricted subgroup.",model
MAPK pathway,RAF1;BRAF;ARAF;MAP2K1;MAP2K2;MAPK1;MAPK3,pathway,NF1,Malignant peripheral nerve sheath tumor (MPNST),3,full text - partial,0,1,0,3,0,0,False,1,0,"This paper's own MPNST cell-line data show MAP3K8 gained rhythmic expression only in S462; MAPK pathway's role in NF1 circadian regulation is cited from prior animal/Drosophila studies, not directly tested here.",cell line,20043723;24470531;41001593,20043723:full_text (PDF supplied);24470531:full_text (PDF supplied);41001593:full_text,False,False,,False,"MEK/RAF inhibitors (e.g., trametinib, selumetinib) directly and effectively target MAPK pathway activation driven by germline NF1 loss in essentially all NF1 patients, acting on the tumor cell itself.",model
BMPR2,BMPR2,gene,NF1,Pulmonary disease,2,full text - partial,0,1,0,1,1,0,False,1,0,"BMPR2 p.M365I variant from NF-1 patient showed partial loss of BMP4-induced luciferase activity, cell-surface expression preserved; PAH-gene modifier of moyamoya syndrome.",cell line,17573495;39367156,17573495:abstract_only;39367156:full_text,True,True,"BMPR2 p.M365I variant, single NF1 patient case report; population frequency unknown/not established",False,"Partial-loss-of-function variant found in one patient acts as a modifier/stratification marker for pulmonary phenotype, not a direct druggable lesion.",model
NFKB1,NFKB1,gene,NF1,Malignant peripheral nerve sheath tumor (MPNST),2,abstract only,0,0,0,0,2,0,False,0,0,,,28314790;31197610,28314790:abstract_only;31197610:abstract_only,True,False,,False,"NFKB1/NF-κB pathway activation reflects tumor-cell signaling dysregulation in MPNST, more useful for stratification/prognosis than as a direct drug target given lack of credible direct NFKB1 inhibitors.",model
PTK2 (FAK),PTK2,gene,NF2-SWN,Meningioma,2,full text - partial,0,1,0,1,1,0,False,1,0,"FAK/p-FAK were quantified by immunoblot in IOMM-Lee malignant meningioma cells; FAK significantly decreased at high glucose+MGO, p-FAK decreased with MGO at low and high glucose. Used as readout, not a therapeutic target.",cell line,33753124;39337558,33753124:abstract_only;39337558:full_text,False,False,,False,"FAK is a readout in this corpus's meningioma paper, but FAK inhibitors are clinical stage in NF2-mutant meningioma, so the target itself is druggable.",model + manual override
RAS (pan),HRAS;KRAS;NRAS,family,NF1,Optic pathway glioma,2,abstract only,0,0,0,0,2,0,False,0,0,,,12432832;25917340,12432832:abstract_only;25917340:abstract_only,False,False,,False,"RAS itself is now directly druggable (KRAS G12C/G12D inhibitors, pan-RAS/SOS1 agents) and acts on tumor Schwann-lineage cells via MAPK hyperactivation, relevant across NF1/SWN broadly, not a restricted subgroup.",model
SOX10,SOX10,gene,NF1,Malignant peripheral nerve sheath tumor (MPNST),2,full text - partial,0,1,0,1,1,0,False,1,0,"SOX10 silencing via chromatin closure occurs in 3KO NC model representing early MPNST-like stage; ANNUBP samples show high SOX10 expression in glial component, not silencing.",human tissue,34432163;42310314,34432163:abstract_only;42310314:full_text,True,False,,False,SOX10 is a lineage/cell-of-origin and chromatin-state marker (loss marks MPNST progression) rather than a directly druggable transcription factor target.,model
TP53,TP53,gene,NF1,ANNUBP / atypical neurofibroma,2,abstract only,0,0,0,1,1,0,False,0,0,,,28551330;42135588,28551330:full_text;42135588:abstract_only,True,True,"TP53 inactivating mutation/deletion in TP53-altered MPNST, a subset of NF1-associated MPNST (not present in benign neurofibromas or germline NF1 loss)",False,"TP53 loss is undruggable directly and serves as a diagnostic/prognostic marker restricted to the TP53-altered MPNST subset, acting tumor-cell-intrinsically.",model
VEGFA,VEGFA,gene,NF1,Optic pathway glioma,2,full text - partial,0,1,0,1,1,0,False,1,0,"Angiogenesis via VEGF contributes to LGG growth; anti-VEGF antibody bevacizumab produces rapid radiological response and visual improvement in progressive OPG, but high relapse rate after discontinuation.",review,35545829;37401302,35545829:full_text;37401302:abstract_only,False,False,,True,"VEGFA is directly druggable (bevacizumab shows clinical efficacy in NF2 schwannoma) and acts via anti-angiogenic effects on tumor endothelium, not the Schwann-lineage tumor cell.",model
VEGFA,VEGFA,gene,NF1,Non-optic LGG,2,full text - partial,0,1,0,1,1,0,False,1,0,"Angiogenesis via VEGF contributes to LGG growth; anti-VEGF antibody bevacizumab produces rapid radiological response and visual improvement in progressive OPG, but high relapse rate after discontinuation.",review,32601903;35545829,32601903:abstract_only;35545829:full_text,False,False,,True,"VEGFA is directly druggable (bevacizumab shows clinical efficacy in NF2 schwannoma) and acts via anti-angiogenic effects on tumor endothelium, not the Schwann-lineage tumor cell.",model
VEGFA,VEGFA,gene,NF2-SWN,Meningioma,2,abstract only,0,0,0,0,2,0,False,0,0,,,40434540;41250253,40434540:abstract_only;41250253:abstract_only,False,False,,True,"VEGFA is directly druggable (bevacizumab shows clinical efficacy in NF2 schwannoma) and acts via anti-angiogenic effects on tumor endothelium, not the Schwann-lineage tumor cell.",model
VEGFA,VEGFA,gene,NF2-SWN,Non-vestibular schwannoma,2,abstract only,0,0,0,0,2,0,False,0,0,,,28735458;40434540,28735458:abstract_only;40434540:abstract_only,False,False,,True,"VEGFA is directly druggable (bevacizumab shows clinical efficacy in NF2 schwannoma) and acts via anti-angiogenic effects on tumor endothelium, not the Schwann-lineage tumor cell.",model
ABL1,ABL1,gene,NF2-SWN,Non-vestibular schwannoma,1,abstract only,0,0,0,0,1,0,False,0,0,,,28735458,28735458:abstract_only,False,False,,False,"ABL1 is a druggable kinase (imatinib/dasatinib/nilotinib class) acting on the Schwann-lineage tumour cell, not restricted to a specific NF2-SWN genotype.",model
AKT1,AKT1,gene,NF2-SWN,Vestibular schwannoma,1,full text - partial,0,1,0,1,0,0,False,1,0,,cell line,20511180,20511180:full_text (PDF supplied),False,False,,False,AKT is directly druggable (allosteric/ATP-competitive inhibitors exist) and mediates NF1-loss-driven proliferation in both tumor Schwann/glial cells and endothelium; germline NF1 loss affects essentially all patients.,model
ALK,ALK,gene,NF1,Cognition / Behavioral / Learning,1,full text - partial,0,1,0,1,0,0,False,1,0,"dAlk/jeb identified as dNf1 growth-defect suppressors and NMJ synaptic overgrowth suppressors; NF1 knockdown made human neuroblastoma cells resistant to ALK inhibitors, showing conserved ALK/RAS/ERK signaling.",review,25054093,25054093:full_text,False,False,,False,"ALK is directly druggable with approved/clinical-stage inhibitors; mechanism acts on NF1-deficient tumor cells via RAS/ERK, not tumor microenvironment, and applies broadly, not to a genotype subset.",model
ATR,ATR,gene,NF1,High grade glioma,1,full text - partial,0,1,0,1,0,0,False,1,0,"ATR inhibitors (AZD6738, VE-821) reduced survival in glioma cells (U251), with RECQL4-knockdown cells showing greater sensitivity than controls.",cell line,41317405,41317405:full_text,False,False,,False,"ATR is directly druggable (AZD6738, VE-821 are clinical-stage inhibitors) acting on the tumour cell itself, showing synthetic-lethal efficacy in NF1 glioma/MPNST lines.",model
BDNF,BDNF,gene,NF1,Other,1,abstract only,0,0,0,1,0,0,False,0,0,,,30306639,30306639:full_text,True,False,,True,"BDNF is a secreted neurotrophic ligand acting on nerve-resident/stromal cells (e.g., mast cells, axons) and correlates with disease activity, making it more useful as a pharmacodynamic biomarker than a direct drug target.",model
BEVACIZUMAB,VEGFA,drug,NF2-SWN,Vestibular schwannoma,1,abstract only,0,0,0,0,1,0,False,0,0,,,31425178,31425178:abstract_only,False,False,,True,"Bevacizumab is an approved anti-VEGFA antibody acting on tumour-associated endothelium/angiogenesis, not the NF2-null Schwann cell itself, benefiting essentially all NF2-SWN vestibular schwannoma patients.",model
BIRC5,BIRC5,gene,NF1,Plexiform neurofibroma,1,abstract only,0,0,0,1,0,0,False,0,0,,,38127282,38127282:full_text,False,False,,False,"Survivin is directly druggable (YM155, LQZ-7I) in NF1-null Schwann-lineage tumor cells themselves, not a stratifying marker or microenvironment target.",model
BORC,BLOC1S1;BLOC1S2;BORCS5;BORCS6;BORCS7;BORCS8;SNAPIN;KXD1,complex,NF1,High grade glioma,1,full text - partial,0,1,0,1,0,0,False,1,0,"NF1-deficient plexiform-neurofibroma-derived Schwann cells (ipNF95.11b 'C') showed greater Y102 sensitivity than the NF1-heterozygous counterpart, but BORC mechanistic studies (knockdown, proteomics, imaging) were done only in U87-MG glioma cells, not in Schwann/PN cells.",cell line,39016685,39016685:full_text,False,False,,False,"BORC is a lysosomal-trafficking complex directly targeted by compound Y102 in NF1-deficient Schwann-lineage tumor cells (PN, MPNST, glioma), acting on the tumor cell itself.",model
BORC,BLOC1S1;BLOC1S2;BORCS5;BORCS6;BORCS7;BORCS8;SNAPIN;KXD1,complex,NF1,Malignant peripheral nerve sheath tumor (MPNST),1,full text - partial,0,1,0,1,0,0,False,1,0,"NF1-deficient MPNST line sNF96.2 was sensitive to Y102 in a growth assay, but all BORC-specific mechanistic work (proteomics, CETSA, BORCS6 knockdown, colocalization) was performed only in U87-MG glioma cells, not in MPNST cells.",cell line,39016685,39016685:full_text,False,False,,False,"BORC is a lysosomal-trafficking complex directly targeted by compound Y102 in NF1-deficient Schwann-lineage tumor cells (PN, MPNST, glioma), acting on the tumor cell itself.",model
BORC,BLOC1S1;BLOC1S2;BORCS5;BORCS6;BORCS7;BORCS8;SNAPIN;KXD1,complex,NF1,Plexiform neurofibroma,1,full text - partial,0,1,0,1,0,0,False,1,0,"NF1-deficient plexiform-neurofibroma-derived Schwann cells (ipNF95.11b 'C') showed greater Y102 sensitivity than the NF1-heterozygous counterpart, but BORC mechanistic studies (knockdown, proteomics, imaging) were done only in U87-MG glioma cells, not in Schwann/PN cells.",cell line,39016685,39016685:full_text,False,False,,False,"BORC is a lysosomal-trafficking complex directly targeted by compound Y102 in NF1-deficient Schwann-lineage tumor cells (PN, MPNST, glioma), acting on the tumor cell itself.",model
CDKN1A,CDKN1A,gene,NF2-SWN,Vestibular schwannoma,1,abstract only,0,0,0,0,1,0,False,0,0,,,39647233,39647233:abstract_only,True,False,,False,"CDKN1A (p21) is a cell-cycle/senescence effector best used as a proliferation or pharmacodynamic biomarker; no direct inhibitor/activator exists, and it acts within the Schwann-lineage tumour cell, not stroma.",model
CDKN1A,CDKN1A,gene,NF1,Cutaneous neurofibroma,1,full text - partial,0,1,0,1,0,0,False,1,0,,cell line,29925695,29925695:full_text (PDF supplied),True,False,,False,"CDKN1A (p21) is a cell-cycle/senescence effector best used as a proliferation or pharmacodynamic biomarker; no direct inhibitor/activator exists, and it acts within the Schwann-lineage tumour cell, not stroma.",model
CDKN2A,CDKN2A,gene,NF1,Other,1,abstract only,0,0,0,1,0,0,False,0,0,,,30306639,30306639:full_text,True,True,"CDKN2A/9p21 (p16) homozygous deletion, found in a subset of atypical neurofibromas and most MPNSTs, not present in benign plexiform neurofibromas",False,"CDKN2A loss is a tumor-suppressor deletion best used as a diagnostic/prognostic marker of malignant progression, not a druggable target, and acts within the Schwann-cell lineage.",model
CDKN2A,CDKN2A,gene,NF1,Plexiform neurofibroma,1,abstract only,0,0,0,1,0,0,False,0,0,,,32816910,32816910:full_text,True,True,"CDKN2A/9p21 (p16) homozygous deletion, found in a subset of atypical neurofibromas and most MPNSTs, not present in benign plexiform neurofibromas",False,"CDKN2A loss is a tumor-suppressor deletion best used as a diagnostic/prognostic marker of malignant progression, not a druggable target, and acts within the Schwann-cell lineage.",model
CDKN2B,CDKN2B,gene,NF1,Malignant peripheral nerve sheath tumor (MPNST),1,abstract only,0,0,0,0,1,0,False,0,0,,,21987445,21987445:abstract_only,True,True,"CDKN2A/CDKN2B homozygous deletion at 9p21, found in subset of atypical neurofibroma (ANNUBP) and most MPNST, not in benign NF1 neurofibromas",False,"CDKN2B is a tumor-suppressor deletion marking malignant progression (ANNUBP to MPNST), useful for stratification but not a direct drug target.",model
CDKN2B,CDKN2B,gene,NF1,ANNUBP / atypical neurofibroma,1,abstract only,0,0,0,0,1,0,False,0,0,,,21987445,21987445:abstract_only,True,True,"CDKN2A/CDKN2B homozygous deletion at 9p21, found in subset of atypical neurofibroma (ANNUBP) and most MPNST, not in benign NF1 neurofibromas",False,"CDKN2B is a tumor-suppressor deletion marking malignant progression (ANNUBP to MPNST), useful for stratification but not a direct drug target.",model
CENPF,CENPF,gene,NF1,Malignant peripheral nerve sheath tumor (MPNST),1,abstract only,0,0,0,1,0,0,False,0,0,,,38127282,38127282:full_text,True,False,,False,"CENPF is a proliferation/mitotic marker overexpressed in MPNST, useful prognostically but not a validated direct drug target, and acts within tumor cells, not stroma.",model
CIP2A,CIP2A,gene,NF2-SWN,Meningioma,1,abstract only,0,0,0,0,1,0,False,0,0,,,25012485,25012485:abstract_only,True,False,,False,"CIP2A is an oncogenic PP2A inhibitor lacking approved/clinical-stage direct inhibitors, more useful as a prognostic biomarker of meningioma aggressiveness than a drug target.",model
CPA4,CPA4,gene,NF2-SWN,Meningioma,1,full text - partial,0,1,0,1,0,1,True,1,0,,mouse model,42620117,42620117:full_text (PDF supplied),True,False,,False,"CPA4 is a secreted carboxypeptidase with no approved or clinical-stage inhibitors, so it is more useful as a tumour marker than a drug target.",model
CREB,CREB1,gene,NF2-SWN,Meningioma,1,full text - partial,0,1,0,1,0,0,False,1,0,"ICG-001 inhibits CBP-β-catenin interaction, induces G1 arrest and p21 up/survivin down, suppressing NF2-mutant meningioma growth in vitro and in PDX.",cell line,32642722,32642722:full_text,False,False,,False,"ICG-001 directly inhibits CBP/CREB-β-catenin transcriptional activity in NF2-mutant meningioma tumor cells, real pharmacology not merely a biomarker or stromal mechanism.",model
CSF1R,CSF1R,gene,NF1,Optic pathway glioma,1,abstract only,0,0,0,0,1,0,False,0,0,,,42482124,42482124:abstract_only,False,False,,True,"CSF1R inhibitors (e.g. pexidartinib) target tumor-associated microglia/macrophages driving OPG growth, not the Schwann/glioma cell itself, and apply broadly to NF1-OPG.",model
Cholesterol biosynthesis,HMGCR;HMGCS1;SQLE;FDFT1,pathway,NF1,Optic pathway glioma,1,abstract only,0,0,0,0,1,0,False,0,0,,,42482124,42482124:abstract_only,False,False,,False,"HMGCR/SQLE are directly druggable (statins, terbinafine) in tumour cells; relevant to germline NF1 loss broadly, not a subset genotype.",model
DLX5,DLX5,gene,NF1,Malignant peripheral nerve sheath tumor (MPNST),1,abstract only,0,0,0,0,1,0,False,0,0,,,34283254,34283254:abstract_only,True,False,,False,DLX5 is a developmental transcription factor lacking direct inhibitors; best used as a lineage/expression marker in MPNST tumour cells rather than a druggable target.,model
DPYSL2,DPYSL2,gene,NF1,Pain,1,abstract only,0,0,0,1,0,0,False,0,0,,,31246731,31246731:full_text,False,False,,False,"CRMP2 is directly targeted by (S)-lacosamide in the NF1 pain programme that generated this row, so it is a drug target, not only a pathway marker.",model + manual override
EED,EED,gene,NF1,Other,1,abstract only,0,0,0,1,0,0,False,0,0,,,30306639,30306639:full_text,True,False,,False,"PRC2/EED loss is a recurrent co-occurring lesion (with CDKN2A/TP53) marking malignant progression in NF1 MPNST, better used to stratify/classify tumors than as a direct drug target on Schwann-lineage cells.",model
EGFR,EGFR,gene,NF2-SWN,Non-vestibular schwannoma,1,abstract only,0,0,0,0,1,0,False,0,0,,,28735458,28735458:abstract_only,False,False,,False,"EGFR is druggable on the tumor cell itself (lapatinib clinically active in NF2 VS/meningioma); relevant broadly via NF2-loss-driven EGFR upregulation, not a specific subset mutation.",model
EVI2B,EVI2B,gene,NF1,Cutaneous neurofibroma,1,abstract only,0,0,0,0,1,0,False,0,0,,,37584733,37584733:abstract_only,True,True,"EVI2B lies within the NF1 microdeletion region, present in ~5-10% of NF1 patients with large germline NF1 gene deletions",False,"EVI2B is a co-deleted passenger gene in NF1 microdeletion syndrome, useful only for genotype stratification, not a druggable target.",model
EVI2B,EVI2B,gene,NF1,Hematologic malignancies,1,abstract only,0,0,0,0,1,0,False,0,0,,,37584733,37584733:abstract_only,True,True,"EVI2B lies within the NF1 microdeletion region, present in ~5-10% of NF1 patients with large germline NF1 gene deletions",False,"EVI2B is a co-deleted passenger gene in NF1 microdeletion syndrome, useful only for genotype stratification, not a druggable target.",model
EVI2B,EVI2B,gene,NF1,Plexiform neurofibroma,1,abstract only,0,0,0,0,1,0,False,0,0,,,37584733,37584733:abstract_only,True,True,"EVI2B lies within the NF1 microdeletion region, present in ~5-10% of NF1 patients with large germline NF1 gene deletions",False,"EVI2B is a co-deleted passenger gene in NF1 microdeletion syndrome, useful only for genotype stratification, not a druggable target.",model
FAIM2,FAIM2,gene,NF1,Malignant peripheral nerve sheath tumor (MPNST),1,abstract only,0,0,0,0,1,0,False,0,0,,,31197610,31197610:abstract_only,True,False,,False,"FAIM2 is an anti-apoptotic membrane protein with no approved or clinical-stage inhibitors, better suited as a prognostic/resistance biomarker in MPNST.",model
FER,FER,gene,NF2-SWN,Non-vestibular schwannoma,1,full text - partial,0,1,0,1,0,0,False,1,0,Kinome profiling shows brigatinib inhibits FER in Schwann cell lines (HS01/HS11) and validated by NanoBRET; not shown in vestibular schwannoma tumors specifically.,cell line,34264955,34264955:full_text,False,False,,False,"FER is a druggable kinase directly inhibited by brigatinib in NF2-deficient schwannoma and meningioma tumor cells, not merely a biomarker.",model
FGFR,FGFR1;FGFR2;FGFR3;FGFR4,family,NF1,Plexiform neurofibroma,1,full text - partial,0,1,0,1,0,0,False,1,0,CellPhoneDB predicts FGF1/FGF2 from MSC2 Schwann cells act on unspecified receptors on stromal cell populations; individual FGFR1-4 genes are never named or discussed in the text.,computational,36134665,36134665:full_text,False,False,,True,"FGFR1-4 are druggable (approved pan-FGFR inhibitors exist), but here the proposed mechanism is paracrine FGF signaling onto stromal cells, not the Schwann-cell tumor itself.",model
FGFRS,FGFR1;FGFR2;FGFR3;FGFR4,family,NF2-SWN,Meningioma,1,abstract only,0,0,0,0,1,0,False,0,0,,,32441531,32441531:abstract_only,False,False,,False,"FGFR1-4 are directly druggable (approved/clinical-stage pan-FGFR inhibitors exist) and act on the meningioma tumour cell itself, not stroma.",model
FLT1,FLT1,gene,NF2-SWN,Vestibular schwannoma,1,abstract only,0,0,0,0,1,0,False,0,0,,,32470937,32470937:abstract_only,False,False,,True,"FLT1/VEGFR1 is druggable (e.g. bevacizumab, multi-kinase inhibitors) and acts on tumour-associated vasculature/angiogenesis, not the schwannoma cell itself.",model
GDNF,GDNF,gene,NF1,Other,1,abstract only,0,0,0,1,0,0,False,0,0,,,30306639,30306639:full_text,False,False,,True,"GDNF-neutralizing antibody is a credible pharmacological approach targeting Schwann/satellite glia-secreted ligand driving pain, a stromal/nerve microenvironment mechanism relevant to all Nf1-deficient patients.",model
HDAC2,HDAC2,gene,NF2-SWN,Vestibular schwannoma,1,full text - partial,0,1,0,1,0,0,False,1,0,,human tissue,35761463,35761463:full_text,False,False,,False,"HDAC2 is druggable by clinical-stage/approved pan-HDAC inhibitors acting directly on schwannoma tumour cells, relevant to NF2-SWN generally, not a specific genotype subset.",model
HIF-1α,HIF1A,gene,NF1,Malignant peripheral nerve sheath tumor (MPNST),1,full text - partial,0,1,0,1,0,0,False,1,0,"RNA-seq (6h FT895 treatment) showed HIF-1α signaling pathway among top enriched KEGG pathways, correlating with observed mitochondrial respiratory impairment; not shown as an activating driver.",cell line,38203448,38203448:full_text,True,False,,False,"HIF-1α here is a pathway readout of mitochondrial impairment after FT895 treatment, not a shown driver, making it better suited as a pharmacodynamic biomarker than a direct drug target on MPNST Schwann-lineage cells.",model
HRAS,HRAS,gene,NF1,Other,1,abstract only,0,0,0,1,0,0,False,0,0,,,27269372,27269372:full_text,False,True,"HRAS G12V activating mutation; rare in NF1 MPNST, not present in most patients",False,"G12V-mutant HRAS drives tumor-cell Ras/Erk signaling via Gal-1; disruptable, restricted to HRAS-mutant MPNST subset.",model
HYALURONAN,HAS1;HAS2;HAS3;HYAL1;HYAL2;HYAL3;HYAL4;SPAM1;CEMIP;CEMIP2,other,NF2-SWN,Vestibular schwannoma,1,abstract only,0,0,0,0,1,0,False,0,0,,,30145722,30145722:abstract_only,False,False,,True,"Hyaluronan is extracellular matrix built by HAS/HYAL enzymes; targeting it (e.g., HAS inhibitors, PEGPH20) acts on tumour stroma/microenvironment, not schwannoma cells directly.",model
IDH1,IDH1,gene,NF1,Other,1,full text - partial,0,1,0,1,0,0,False,1,0,"IDH1 mutation found in this patient's cholangiocarcinoma tissue via molecular testing; identified as an actionable therapeutic target (e.g., ivosidenib class) informing personalized management, but no NF1-IDH1 mechanistic link established.",human tissue,41589090,41589090:full_text,True,True,"IDH1 R132 hotspot mutation, found in this patient's incidental cholangiocarcinoma, not an NF1-associated lesion and not present in NF1 patients generally",False,"IDH1 mutation is a tumor-intrinsic biomarker selecting ivosidenib therapy for an incidental cholangiocarcinoma, unrelated to NF1 pathogenesis.",model
IGF1,IGF1,gene,NF1,Optic pathway glioma,1,abstract only,0,0,0,0,1,0,False,0,0,,,40400261,40400261:abstract_only,False,False,,False,"IGF1R-axis is druggable; microglial IGF1 signals to Schwann/glioma cells, relevant to all NF1 patients.",model
KDM2B,KDM2B,gene,NF1,Malignant peripheral nerve sheath tumor (MPNST),1,abstract only,0,0,0,0,1,0,False,0,0,,,28124441,28124441:abstract_only,True,False,,False,"KDM2B is a histone demethylase/epigenetic regulator implicated in MPNST biology; useful as a lineage/epigenetic marker, with only early-stage epigenetic inhibitor pharmacology against the tumor cell itself.",model
KIT,KIT,gene,NF1,Cutaneous neurofibroma,1,full text - partial,0,1,0,1,0,0,False,1,0,"Case report: imatinib (a KIT inhibitor, used for patient's c-Kit-expressing GIST) slightly reduced new c-NF development but increased size of pre-existing c-NFs; KIT involvement in c-NFs is speculative, not directly measured.",human tissue,33235741,33235741:full_text,False,False,,True,"Imatinib is a credible direct KIT inhibitor, but the NF1 mechanism is SCF/c-kit+ mast cell recruitment, i.e. microenvironment-driven tumorigenesis.",model
KIT,KIT,gene,NF2-SWN,Non-vestibular schwannoma,1,abstract only,0,0,0,0,1,0,False,0,0,,,28735458,28735458:abstract_only,False,False,,True,"Imatinib is a credible direct KIT inhibitor, but the NF1 mechanism is SCF/c-kit+ mast cell recruitment, i.e. microenvironment-driven tumorigenesis.",model
KRAS,KRAS,gene,NF1,Other,1,abstract only,0,0,0,1,0,0,False,0,0,,,27269372,27269372:full_text,False,False,,False,"KRAS is directly druggable (pan-KRAS BI-2865) and mediates MAPK signaling in NF1-null Schwann cell tumors, not genotype-restricted since NF1 loss is universal in plexiform neurofibroma.",model
MAP2K1/2 (MEK1/2),MAP2K1;MAP2K2,family,NF2-SWN,Non-vestibular schwannoma,1,full text - partial,0,1,0,1,0,0,False,1,0,"Selumetinib was given for the patient's schwannoma-neurofibroma tumors but these showed only stable disease, not partial response; the PR occurred in an ependymoma, not schwannoma.",human tissue,38058737,38058737:full_text,False,False,,False,"MEK1/2 has approved inhibitors (selumetinib) with direct pharmacology on RAS-pathway-driven Schwann-lineage tumor cells, relevant to essentially all NF1-driven tumors.",model
MAP2K1/2 (MEK1/2),MAP2K1;MAP2K2,family,NF2-SWN,Vestibular schwannoma,1,full text - partial,0,1,0,1,0,0,False,1,0,"Selumetinib was given while the patient's bilateral vestibular schwannomas were present, but imaging showed stable disease, not partial response; the PR was in an ependymoma.",human tissue,38058737,38058737:full_text,False,False,,False,"MEK1/2 has approved inhibitors (selumetinib) with direct pharmacology on RAS-pathway-driven Schwann-lineage tumor cells, relevant to essentially all NF1-driven tumors.",model
MAP2K1/2 (MEK1/2),MAP2K1;MAP2K2,family,NF1,Gastrointestinal stromal tumor (GIST),1,abstract only,0,0,0,0,1,0,False,0,0,,,35282706,35282706:abstract_only,False,False,,False,"MEK1/2 has approved inhibitors (selumetinib) with direct pharmacology on RAS-pathway-driven Schwann-lineage tumor cells, relevant to essentially all NF1-driven tumors.",model
MAPK pathway,RAF1;BRAF;ARAF;MAP2K1;MAP2K2;MAPK1;MAPK3,pathway,NF1,Other,1,abstract only,0,0,0,1,0,0,False,0,0,,,23875798,23875798:full_text,False,False,,False,"MEK/RAF inhibitors (e.g., trametinib, selumetinib) directly and effectively target MAPK pathway activation driven by germline NF1 loss in essentially all NF1 patients, acting on the tumor cell itself.",model
MAPK pathway,RAF1;BRAF;ARAF;MAP2K1;MAP2K2;MAPK1;MAPK3,pathway,NF1,Cardiovascular issues,1,full text - partial,0,1,0,1,0,0,False,1,0,,review,35156148,35156148:full_text,False,False,,False,"MEK/RAF inhibitors (e.g., trametinib, selumetinib) directly and effectively target MAPK pathway activation driven by germline NF1 loss in essentially all NF1 patients, acting on the tumor cell itself.",model
MAPK pathway,RAF1;BRAF;ARAF;MAP2K1;MAP2K2;MAPK1;MAPK3,pathway,NF1,Cutaneous neurofibroma,1,full text - partial,0,1,0,1,0,0,False,1,0,,review,20043723,20043723:full_text (PDF supplied),False,False,,False,"MEK/RAF inhibitors (e.g., trametinib, selumetinib) directly and effectively target MAPK pathway activation driven by germline NF1 loss in essentially all NF1 patients, acting on the tumor cell itself.",model
MAPK pathway,RAF1;BRAF;ARAF;MAP2K1;MAP2K2;MAPK1;MAPK3,pathway,NF1,Optic pathway glioma,1,full text - partial,0,1,0,1,0,0,False,1,0,,mouse model,20043723,20043723:full_text (PDF supplied),False,False,,False,"MEK/RAF inhibitors (e.g., trametinib, selumetinib) directly and effectively target MAPK pathway activation driven by germline NF1 loss in essentially all NF1 patients, acting on the tumor cell itself.",model
MAPK1/3,MAPK1;MAPK3,family,NF1,Pain,1,full text - partial,0,1,0,1,0,0,False,1,0,,mouse model,42189937,42189937:full_text,False,False,,False,"MAPK1/3 (ERK1/2) are directly druggable downstream RAS-MAPK effectors relevant to all NF1 patients via neurofibromin loss, acting in Schwann-lineage/neuronal cells, not restricted to a subgroup or the microenvironment.",model
MAPK1/3 (ERK1/2),MAPK1;MAPK3,family,NF1,Optic pathway glioma,1,abstract only,0,0,0,0,1,0,False,0,0,,,35419473,35419473:abstract_only,False,False,,False,"ERK1/2 is a druggable downstream RAS-MAPK effector active in essentially all NF1/NF2-driven tumours, acting directly on Schwann-lineage tumour cells; MEK/ERK inhibitors are clinical-stage.",model
MAPK1/3 (ERK1/2),MAPK1;MAPK3,family,NF1,Cognition / Behavioral / Learning,1,full text - partial,0,1,0,1,0,0,False,1,0,,mouse model,29925695,29925695:full_text (PDF supplied),False,False,,False,"ERK1/2 is a druggable downstream RAS-MAPK effector active in essentially all NF1/NF2-driven tumours, acting directly on Schwann-lineage tumour cells; MEK/ERK inhibitors are clinical-stage.",model
MAPK1/3 (ERK1/2),MAPK1;MAPK3,family,NF1,Cutaneous neurofibroma,1,full text - partial,0,1,0,1,0,0,False,1,0,,mouse model,29925695,29925695:full_text (PDF supplied),False,False,,False,"ERK1/2 is a druggable downstream RAS-MAPK effector active in essentially all NF1/NF2-driven tumours, acting directly on Schwann-lineage tumour cells; MEK/ERK inhibitors are clinical-stage.",model
MDM2,MDM2,gene,NF1,Gastrointestinal stromal tumor (GIST),1,abstract only,0,0,0,0,1,0,False,0,0,,,41288319,41288319:abstract_only,False,True,"MDM2 amplification, a subset of NF1-associated GISTs (SDH-competent/wild-type KIT-driven subset), not present in all NF1-GIST",False,"MDM2 inhibitors (e.g., idasanutlin) directly antagonize p53 degradation in MDM2-amplified tumor cells, relevant only to that molecular subset.",model
MIR-612,MIR612,miRNA,NF1,Malignant peripheral nerve sheath tumor (MPNST),1,abstract only,0,0,0,0,1,0,False,0,0,,,31197610,31197610:abstract_only,True,False,,False,MiRNA with no direct pharmacological agent or validated mechanism reported; best suited as a diagnostic/prognostic marker for MPNST in NF1 tumours.,model
MN1,MN1,gene,NF1,Malignant peripheral nerve sheath tumor (MPNST),1,abstract only,0,0,0,0,1,0,False,0,0,,,33109559,33109559:abstract_only,True,True,MN1 overexpression/amplification reported in a subset of NF1-associated MPNSTs; exact population frequency not established,False,"MN1 is a nuclear transcriptional coregulator with no ligand-binding pocket or clinical inhibitor, better suited as a prognostic/stratification marker in MPNST subsets.",model
MTOR,MTOR,gene,NF2-SWN,Non-vestibular schwannoma,1,abstract only,0,0,0,0,1,0,False,0,0,,,28735458,28735458:abstract_only,False,False,,False,"mTOR is directly druggable (everolimus, AZD2014) acting on the tumor cell itself in NF1/NF2-driven tumors, relevant across essentially all patients with these manifestations.",model
MTOR,MTOR,gene,NF1,High grade glioma,1,full text - partial,0,1,0,1,0,0,False,1,0,,mouse model,20043723,20043723:full_text (PDF supplied),False,False,,False,"mTOR is directly druggable (everolimus, AZD2014) acting on the tumor cell itself in NF1/NF2-driven tumors, relevant across essentially all patients with these manifestations.",model
MYC,MYC,gene,NF1,Gastrointestinal stromal tumor (GIST),1,abstract only,0,0,0,0,1,0,False,0,0,,,41288319,41288319:abstract_only,True,False,,False,"MYC is an undruggable transcription factor amplified/overexpressed in NF1-GIST progression, functioning as a prognostic/proliferation marker rather than a direct drug target on tumour cells.",model
NGF,NGF,gene,NF1,Optic pathway glioma,1,abstract only,0,0,0,0,1,0,False,0,0,,,37401302,37401302:abstract_only,False,False,,True,"NGF is druggable via clinical-stage anti-NGF antibodies (tanezumab-class), but in OPG it likely acts on microenvironment/neuronal signaling rather than the glial tumour cell itself.",model
NRG1,NRG1,gene,NF1,Other,1,abstract only,0,0,0,1,0,0,False,0,0,,,30306639,30306639:full_text,False,False,,True,"NRG1 is a paracrine ligand signaling from axons/stroma to Schwann cells via ErbB2/3, so targeting it hits microenvironmental signaling.",model
Oligodendrocyte differentiation (clemastine target),,other,NF1,Optic pathway glioma,1,abstract only,0,0,0,0,1,0,False,0,0,,,42482124,42482124:abstract_only,False,False,,False,"Clemastine promotes oligodendrocyte precursor differentiation/remyelination, a repurposed antimuscarinic with credible direct pharmacology on the glial lineage, not tumor stroma or a genotype-restricted subset.",model
PAK1/2,PAK1;PAK2,family,NF2-SWN,Non-vestibular schwannoma,1,full text - partial,0,1,0,1,0,0,False,1,0,"PAK1/2 directly bind Merlin; PAK inhibition (FRAX-1036, G-5555, NVS-PAK1-1) reduces proliferation in NF2-deficient schwannoma cell lines, synergizing with TEAD inhibition.",cell line,39083549,39083549:full_text,False,False,,False,"PAK1/2 have clinical-stage inhibitors (FRAX-1036, G-5555, NVS-PAK1-1) acting directly on NF2-null schwannoma tumour cells, relevant to essentially all NF2 patients, not a stromal target.",model
PDGFRA,PDGFRA,gene,NF2-SWN,Non-vestibular schwannoma,1,abstract only,0,0,0,0,1,0,False,0,0,,,28735458,28735458:abstract_only,False,True,PDGFRA activating mutations/amplification in GIST subset; rare in NF1-associated GIST vs KIT-mutant majority,False,"PDGFRA has approved TKIs (imatinib); relevant mainly to PDGFRA-mutant GIST, not all NF patients.",model
PI3K-AKT-MTOR axis,PIK3CA;AKT1;MTOR,pathway,NF1,Cognition / Behavioral / Learning,1,abstract only,0,0,0,0,1,1,True,0,0,,,40766628,40766628:abstract_only,False,False,,False,"PI3K-AKT-mTOR is directly druggable (e.g. mTOR inhibitors) acting on neuronal/glial signaling driving cognitive deficits in germline NF1 loss, relevant to essentially all patients.",model
PI3K/AKT/GSK3β,PIK3CA;AKT1;GSK3B,pathway,NF1,Plexiform neurofibroma,1,abstract only,0,0,0,0,1,0,False,0,0,,,32111496,32111496:abstract_only,False,False,,False,"PI3K/AKT/GSK3β is druggable downstream of NF1 loss with clinical-stage PI3K/AKT inhibitors, acting directly on the Schwann-cell-lineage tumour cell in essentially all NF1 patients.",model
PP2A,PPP2CA;PPP2CB;PPP2R1A,complex,NF2-SWN,Meningioma,1,abstract only,0,0,0,0,1,0,False,0,0,,,25012485,25012485:abstract_only,False,False,,False,"PP2A activity is pharmacologically restorable (e.g. FTY720) directly in Schwann-lineage tumor cells, relevant to essentially all NF1/NF2 neurofibromas, not immune/stromal.",model
PTK2 (FAK),PTK2,gene,NF2-SWN,Vestibular schwannoma,1,abstract only,0,0,0,0,1,0,False,0,0,,,39988022,39988022:abstract_only,False,False,,False,"FAK is a readout in this corpus's meningioma paper, but FAK inhibitors are clinical stage in NF2-mutant meningioma, so the target itself is druggable.",model + manual override
RAS (pan),HRAS;KRAS;NRAS,family,NF1,Bone defects,1,abstract only,0,0,0,0,1,0,False,0,0,,,25917340,25917340:abstract_only,False,False,,False,"RAS itself is now directly druggable (KRAS G12C/G12D inhibitors, pan-RAS/SOS1 agents) and acts on tumor Schwann-lineage cells via MAPK hyperactivation, relevant across NF1/SWN broadly, not a restricted subgroup.",model
RAS (pan),HRAS;KRAS;NRAS,family,NF1,High grade glioma,1,abstract only,0,0,0,0,1,0,False,0,0,,,25917340,25917340:abstract_only,False,False,,False,"RAS itself is now directly druggable (KRAS G12C/G12D inhibitors, pan-RAS/SOS1 agents) and acts on tumor Schwann-lineage cells via MAPK hyperactivation, relevant across NF1/SWN broadly, not a restricted subgroup.",model
RAS (pan),HRAS;KRAS;NRAS,family,NF1,Cardiovascular issues,1,full text - partial,0,1,0,1,0,0,False,1,0,,review,35156148,35156148:full_text,False,False,,False,"RAS itself is now directly druggable (KRAS G12C/G12D inhibitors, pan-RAS/SOS1 agents) and acts on tumor Schwann-lineage cells via MAPK hyperactivation, relevant across NF1/SWN broadly, not a restricted subgroup.",model
RAS pathway,HRAS;KRAS;NRAS;RAF1;BRAF;ARAF;MAP2K1;MAP2K2;MAPK1;MAPK3,pathway,NF1,Pain,1,abstract only,0,0,0,0,1,0,False,0,0,,,32564155,32564155:abstract_only,False,False,,False,MEK inhibitors (e.g. selumetinib) directly inhibit RAS/MAPK pathway signaling in NF1-null Schwann cell tumors; germline NF1 loss affects essentially all patients.,model
RAS pathway,HRAS;KRAS;NRAS;RAF1;BRAF;ARAF;MAP2K1;MAP2K2;MAPK1;MAPK3,pathway,NF1,Plexiform neurofibroma,1,abstract only,0,0,0,0,1,0,False,0,0,,,32564155,32564155:abstract_only,False,False,,False,MEK inhibitors (e.g. selumetinib) directly inhibit RAS/MAPK pathway signaling in NF1-null Schwann cell tumors; germline NF1 loss affects essentially all patients.,model
RAS pathway,HRAS;KRAS;NRAS;RAF1;BRAF;ARAF;MAP2K1;MAP2K2;MAPK1;MAPK3,pathway,NF1,Bone defects,1,abstract only,0,0,0,0,1,0,False,0,0,,,32564155,32564155:abstract_only,False,False,,False,MEK inhibitors (e.g. selumetinib) directly inhibit RAS/MAPK pathway signaling in NF1-null Schwann cell tumors; germline NF1 loss affects essentially all patients.,model
RAS-MAPK pathway,HRAS;KRAS;NRAS;RAF1;BRAF;ARAF;MAP2K1;MAP2K2;MAPK1;MAPK3,pathway,NF1,Cardiovascular issues,1,full text - partial,0,1,0,1,0,0,False,1,0,,review,35156148,35156148:full_text,False,False,,False,RAS-MAPK is directly druggable (MEK inhibitors like selumetinib are approved in NF1) and pathway is hyperactivated in essentially all NF1 patients via germline loss.,model
RAS/MAPK pathway,HRAS;KRAS;NRAS;RAF1;BRAF;ARAF;MAP2K1;MAP2K2;MAPK1;MAPK3,pathway,NF1,Other,1,abstract only,0,0,0,1,0,0,False,0,0,,,23875798,23875798:full_text,False,False,,False,"RAS/MAPK is the core signaling output of NF1 loss itself, druggable directly (e.g. MEK inhibitors like selumetinib), acting on the tumour cell, relevant to essentially all NF1 patients.",model
RECQL4,RECQL4,gene,NF1,High grade glioma,1,full text - partial,0,1,0,1,0,0,False,1,0,RECQL4 knockdown in U251 glioma cells increased apoptosis and susceptibility to ATR inhibitors; RECQL4 expression higher in HGG generally.,cell line,41317405,41317405:full_text,False,False,,False,"RECQL4 knockdown directly sensitizes MPNST/glioma tumor cells to ATR inhibitors, a genuine synthetic-lethal pharmacological vulnerability, not just a stratification marker.",model
SCF,KITLG,gene,NF1,Plexiform neurofibroma,1,abstract only,0,0,0,0,1,0,False,0,0,,,29596064,29596064:abstract_only,False,False,,True,SCF/KIT signaling drives mast cell recruitment in plexiform neurofibroma stroma; imatinib targets this KIT axis therapeutically.,model
SCN9A,SCN9A,gene,NF1,Pain,1,abstract only,0,0,0,1,0,0,False,0,0,,,29655575,29655575:full_text,False,False,,False,"SCN9A (Nav1.7) is a validated direct drug target for pain signaling in sensory neurons, relevant to NF1 pain broadly, not tumor microenvironment or a mutation subset.",model
SERPINB4,SERPINB4,gene,NF1,Malignant peripheral nerve sheath tumor (MPNST),1,full text - partial,0,1,0,1,0,0,False,1,0,,human tissue,33831431,33831431:full_text (PDF supplied),True,False,,False,"SERPINB4 is a serpin overexpressed in MPNST tissue, useful as a diagnostic/classification marker of tumor cells; no established direct inhibitor exists.",model
SFK members,SRC;FYN;LYN;LCK;HCK;FGR;BLK;YES1,family,NF2-SWN,Vestibular schwannoma,1,full text - partial,0,1,0,1,0,0,False,1,0,"pSrc/SFK (Y416) phosphorylation is elevated in primary human VS tumors and mouse allograft tumors and reduced by dasatinib treatment, independent of mTORC1/2 signaling.",human tissue,32144278,32144278:full_text,False,False,,False,"SFKs are directly druggable (dasatinib) in Schwann-cell-lineage VS tumor cells, relevant to essentially all NF2 patients, not a specific tumor microenvironment mechanism.",model
SGK1,SGK1,gene,NF2-SWN,Meningioma,1,full text - partial,0,1,0,1,0,0,False,1,0,"SGK1 (mTORC2 target) is constitutively activated with NF2 loss in meningioma, cited from prior work; this paper's own new data on SGK1 activation is in NF2-null Schwann cells/VS, not meningioma.",review,32144278,32144278:full_text,False,False,,False,"SGK1 is an mTORC2-driven kinase druggable by SGK1 inhibitors, acting in NF2-null tumour cells themselves, not restricted to a patient subgroup or the microenvironment.",model
SHH,SHH,gene,NF1,Other,1,abstract only,0,0,0,1,0,0,False,0,0,,,30306639,30306639:full_text,False,True,"PRC2-deficient (SUZ12/EED-loss) NF1-mutant MPNST subgroup, a minority of MPNSTs",False,"SHH/SMO is druggable (vismodegib/sonidegib precedent) and acts on the Schwann-lineage tumor cell, but activation is restricted to PRC2-deficient NF1 MPNST subgroup.",model
SOX10,SOX10,gene,NF1,ANNUBP / atypical neurofibroma,1,full text - partial,0,1,0,1,0,0,False,1,0,"SOX10 silencing via chromatin closure occurs in 3KO NC model representing early MPNST-like stage; ANNUBP samples show high SOX10 expression in glial component, not silencing.",human tissue,42310314,42310314:full_text,True,False,,False,SOX10 is a lineage/cell-of-origin and chromatin-state marker (loss marks MPNST progression) rather than a directly druggable transcription factor target.,model
SPRED1/2,SPRED1;SPRED2,family,NF1,Plexiform neurofibroma,1,full text - partial,0,1,0,1,0,0,False,1,0,"SPRED1/2 loss phenocopies NF1 loss; both cooperate to regulate RAS-independent MAPK-AKT signaling and downstream EMT-associated gene signatures (CDH11, COL1A1, IGFBP2, SEMA3C) in MEF and NF1 patient Schwann/nerve cells.",cell line,42201959,42201959:full_text,True,False,,False,SPRED1/2 are tumour suppressors whose loss (not an inhibitable protein) phenocopies NF1 loss in Schwann-lineage cells; loss status is more useful as a classifier/marker than a drug target.,model
TBK1,TBK1,gene,NF2-SWN,Vestibular schwannoma,1,full text - partial,0,1,0,1,0,0,False,1,0,,human tissue,34453890,34453890:full_text (PDF supplied),False,False,,False,"TBK1 is a druggable kinase with clinical-stage inhibitors; acts directly on NF2-null schwannoma cells (e.g. via Hippo/YAP survival signaling), not restricted to a subgenotype or the microenvironment.",model
TEAD1,TEAD1,gene,NF2-SWN,Vestibular schwannoma,1,abstract only,0,0,0,1,0,1,True,0,0,,,41293003,41293003:full_text,False,False,,False,"TEAD1 is a druggable Hippo-pathway transcription factor (TEAD/YAP-TAZ inhibitors in clinical development) acting directly on MPNST/schwannoma tumor cells, relevant across NF1/NF2 patients, not a specific subclone marker.",model
TGFBR3,TGFBR3,gene,NF1,Plexiform neurofibroma,1,full text - partial,0,1,0,1,0,0,False,1,0,"TGFBR3 expression elevated in NF1 fibroblasts and plasma, decreased in ataluren-responsive cells; proposed as monitoring biomarker, not a therapeutic target.",human tissue,41256734,41256734:full_text,True,False,,True,"Explicitly proposed as a monitoring/pharmacodynamic biomarker in fibroblasts and plasma, not a drug target; where relevant it reflects fibroblast/stromal rather than Schwann-cell biology.",model
TGFBR3,TGFBR3,gene,NF1,Malignant peripheral nerve sheath tumor (MPNST),1,full text - partial,0,1,0,1,0,0,False,1,0,"TGFBR3 expression elevated in NF1 fibroblasts and plasma, decreased in ataluren-responsive cells; proposed as monitoring biomarker, not a therapeutic target.",human tissue,41256734,41256734:full_text,True,False,,True,"Explicitly proposed as a monitoring/pharmacodynamic biomarker in fibroblasts and plasma, not a drug target; where relevant it reflects fibroblast/stromal rather than Schwann-cell biology.",model
TP53,TP53,gene,NF1,Cognition / Behavioral / Learning,1,full text - partial,0,1,0,1,0,0,False,1,0,,mouse model,29925695,29925695:full_text (PDF supplied),True,True,"TP53 inactivating mutation/deletion in TP53-altered MPNST, a subset of NF1-associated MPNST (not present in benign neurofibromas or germline NF1 loss)",False,"TP53 loss is undruggable directly and serves as a diagnostic/prognostic marker restricted to the TP53-altered MPNST subset, acting tumor-cell-intrinsically.",model
TP53,TP53,gene,NF1,Cutaneous neurofibroma,1,full text - partial,0,1,0,1,0,0,False,1,0,,cell line,29925695,29925695:full_text (PDF supplied),True,True,"TP53 inactivating mutation/deletion in TP53-altered MPNST, a subset of NF1-associated MPNST (not present in benign neurofibromas or germline NF1 loss)",False,"TP53 loss is undruggable directly and serves as a diagnostic/prognostic marker restricted to the TP53-altered MPNST subset, acting tumor-cell-intrinsically.",model
VEGFA,VEGFA,gene,NF2-SWN,Ependymoma,1,abstract only,0,0,0,0,1,0,False,0,0,,,41250253,41250253:abstract_only,False,False,,True,"VEGFA is directly druggable (bevacizumab shows clinical efficacy in NF2 schwannoma) and acts via anti-angiogenic effects on tumor endothelium, not the Schwann-lineage tumor cell.",model
WWTR1,WWTR1,gene,NF1,Malignant peripheral nerve sheath tumor (MPNST),1,full text - partial,0,1,0,1,0,0,False,1,0,,cell line,35261809,35261809:full_text (PDF supplied),True,False,,False,"WWTR1/TAZ is an undruggable transcriptional coactivator activated by Hippo pathway loss in Schwann-lineage MPNST cells, more useful as a pathway-activity marker than a direct drug target.",model
XPO1,XPO1,gene,NF1,Malignant peripheral nerve sheath tumor (MPNST),1,abstract only,0,0,0,0,1,0,False,0,0,,,28314790,28314790:abstract_only,False,False,,False,"XPO1 is a nuclear export protein with an approved inhibitor (selinexor) acting directly on MPNST tumor cells, relevant broadly, not a specific subtype.",model
YAP1-TEAD,YAP1;TEAD1;TEAD2;TEAD3;TEAD4,complex,NF1,Cutaneous neurofibroma,1,abstract only,0,0,0,1,0,0,False,0,0,,,30348677,30348677:full_text,False,False,,False,TEAD has clinical-stage direct inhibitors (e.g. VT3989); acts on Schwann-lineage tumor cells downstream of germline Merlin/NF2 loss present in essentially all NF2-SWN patients.,model
YAP1-TEAD,YAP1;TEAD1;TEAD2;TEAD3;TEAD4,complex,NF1,Plexiform neurofibroma,1,abstract only,0,0,0,1,0,0,False,0,0,,,30348677,30348677:full_text,False,False,,False,TEAD has clinical-stage direct inhibitors (e.g. VT3989); acts on Schwann-lineage tumor cells downstream of germline Merlin/NF2 loss present in essentially all NF2-SWN patients.,model
YAP1-TEAD,YAP1;TEAD1;TEAD2;TEAD3;TEAD4,complex,NF2-SWN,Meningioma,1,full text - partial,0,1,0,1,0,1,True,1,0,,mouse model,42620117,42620117:full_text (PDF supplied),False,False,,False,TEAD has clinical-stage direct inhibitors (e.g. VT3989); acts on Schwann-lineage tumor cells downstream of germline Merlin/NF2 loss present in essentially all NF2-SWN patients.,model
ZNF331,ZNF331,gene,NF1,Malignant peripheral nerve sheath tumor (MPNST),1,full text - partial,0,1,0,1,0,0,False,1,0,,human tissue,33831431,33831431:full_text (PDF supplied),True,False,,False,"ZNF331 appears as an epigenetically silenced candidate tumor suppressor in MPNST, not a druggable node, best used as a diagnostic/prognostic methylation biomarker.",model
