series,sample_id,title,annotation,de_role,use_in_phase2,reason,decided_by,date
GSE163071,GSM4971650,PA_1,source=Human tumor tissue; nf1=No; tumor=PA,excluded_sporadic,False,sporadic pilocytic astrocytoma (nf1=No); removed per Kara 2026-10-05,Kara,2026-10-05
GSE163071,GSM4971651,PA_2,source=Human tumor tissue; nf1=No; tumor=PA,excluded_sporadic,False,sporadic pilocytic astrocytoma (nf1=No); removed per Kara 2026-10-05,Kara,2026-10-05
GSE163071,GSM4971652,PA_3,source=Human tumor tissue; nf1=Yes; tumor=PA,case,True,NF1-associated pilocytic astrocytoma,agent,2026-10-05
GSE163071,GSM4971653,PA_4,source=Human tumor tissue; nf1=No; tumor=PA,excluded_sporadic,False,sporadic pilocytic astrocytoma (nf1=No); removed per Kara 2026-10-05,Kara,2026-10-05
GSE163071,GSM4971654,PA_5,source=Human tumor tissue; nf1=No; tumor=PA,excluded_sporadic,False,sporadic pilocytic astrocytoma (nf1=No); removed per Kara 2026-10-05,Kara,2026-10-05
GSE163071,GSM4971655,PA_6,source=Human tumor tissue; nf1=Yes; tumor=PA,case,True,NF1-associated pilocytic astrocytoma,agent,2026-10-05
GSE163071,GSM4971656,PA_7,source=Human tumor tissue; nf1=No; tumor=PA,excluded_sporadic,False,sporadic pilocytic astrocytoma (nf1=No); removed per Kara 2026-10-05,Kara,2026-10-05
GSE163071,GSM4971657,PA_8,source=Human tumor tissue; nf1=No; tumor=Glioblastoma,excluded_comparator,False,"glioblastoma comparator, not an NF manifestation here",agent,2026-10-05
GSE163071,GSM4971658,PA_9,source=Human tumor tissue; nf1=No; tumor=Glioblastoma,excluded_comparator,False,"glioblastoma comparator, not an NF manifestation here",agent,2026-10-05
GSE163071,GSM4971659,PA_10,source=Human tumor tissue; nf1=No; tumor=Glioblastoma,excluded_comparator,False,"glioblastoma comparator, not an NF manifestation here",agent,2026-10-05
GSE163071,GSM4971660,PA_11,source=Human tumor tissue; nf1=No; tumor=PA,excluded_sporadic,False,sporadic pilocytic astrocytoma (nf1=No); removed per Kara 2026-10-05,Kara,2026-10-05
GSE163071,GSM4971661,PA_12,source=Human tumor tissue; nf1=Yes; tumor=PA,case,True,NF1-associated pilocytic astrocytoma,agent,2026-10-05
GSE163071,GSM4971662,PA_13,source=Human tumor tissue; nf1=No; tumor=Glioblastoma,excluded_comparator,False,"glioblastoma comparator, not an NF manifestation here",agent,2026-10-05
GSE163071,GSM4971663,PA_14,source=Human tumor tissue; nf1=No; tumor=PA,excluded_sporadic,False,sporadic pilocytic astrocytoma (nf1=No); removed per Kara 2026-10-05,Kara,2026-10-05
GSE163071,GSM4971664,PA_15,source=Human tumor tissue; nf1=No; tumor=PA,excluded_sporadic,False,sporadic pilocytic astrocytoma (nf1=No); removed per Kara 2026-10-05,Kara,2026-10-05
GSE163071,GSM4971665,CTL_8,source=Human tumor tissue; nf1=No; tumor=PA,excluded_sporadic,False,"sporadic pilocytic astrocytoma (nf1=No); removed per Kara 2026-10-05 - note the CTL_* title is misleading, the annotation is tumour tissue",Kara,2026-10-05
GSE163071,GSM4971666,CTL_9,source=Human tumor tissue; nf1=No; tumor=PA,excluded_sporadic,False,"sporadic pilocytic astrocytoma (nf1=No); removed per Kara 2026-10-05 - note the CTL_* title is misleading, the annotation is tumour tissue",Kara,2026-10-05
GSE163071,GSM4971667,CTL_10,source=Human tumor tissue; nf1=No; tumor=PA,excluded_sporadic,False,"sporadic pilocytic astrocytoma (nf1=No); removed per Kara 2026-10-05 - note the CTL_* title is misleading, the annotation is tumour tissue",Kara,2026-10-05
GSE163071,GSM4971668,PA_16,source=Human tumor tissue; nf1=Yes; tumor=PA,case,True,NF1-associated pilocytic astrocytoma,agent,2026-10-05
GSE163071,GSM4971669,PA_17,source=Human tumor tissue; nf1=Yes; tumor=PA,case,True,NF1-associated pilocytic astrocytoma,agent,2026-10-05
GSE163071,GSM4971670,PA_18,source=Human tumor tissue; nf1=Yes; tumor=PA,case,True,NF1-associated pilocytic astrocytoma,agent,2026-10-05
GSE163071,GSM4971671,PA_19,source=Human tumor tissue; nf1=No; tumor=PA,excluded_sporadic,False,sporadic pilocytic astrocytoma (nf1=No); removed per Kara 2026-10-05,Kara,2026-10-05
GSE163071,GSM4971672,PA_20,source=Human tumor tissue; nf1=No; tumor=PA,excluded_sporadic,False,sporadic pilocytic astrocytoma (nf1=No); removed per Kara 2026-10-05,Kara,2026-10-05
GSE163071,GSM4971673,PA_21,source=Human tumor tissue; nf1=No; tumor=PA,excluded_sporadic,False,sporadic pilocytic astrocytoma (nf1=No); removed per Kara 2026-10-05,Kara,2026-10-05
GSE163071,GSM4971674,PA_22,source=Human tumor tissue; nf1=Yes; tumor=PA,case,True,NF1-associated pilocytic astrocytoma,agent,2026-10-05
GSE163071,GSM4971675,PA_23,source=Human tumor tissue; nf1=No; tumor=PA,excluded_sporadic,False,sporadic pilocytic astrocytoma (nf1=No); removed per Kara 2026-10-05,Kara,2026-10-05
GSE163071,GSM4971676,PA_24,source=Human tumor tissue; nf1=Yes; tumor=PA,case,True,NF1-associated pilocytic astrocytoma,agent,2026-10-05
GSE163071,GSM4971677,PA_25,source=Human tumor tissue; nf1=Yes; tumor=PA,case,True,NF1-associated pilocytic astrocytoma,agent,2026-10-05
GSE163071,GSM4971678,PA_26,source=Human tumor tissue; nf1=No; tumor=PA,excluded_sporadic,False,sporadic pilocytic astrocytoma (nf1=No); removed per Kara 2026-10-05,Kara,2026-10-05
GSE163071,GSM4971679,PA_27,source=Human tumor tissue; nf1=Yes; tumor=PA,case,True,NF1-associated pilocytic astrocytoma,agent,2026-10-05
GSE163071,GSM4971680,CTL_11,source=Human control tissue; nf1=CTL; tumor=PA,excluded_ambiguous,False,"self-inconsistent in GEO: source='Human control tissue', nf1=CTL, tumor=PA; excluded per Kara 2026-10-05, same logic as PA_33",Kara,2026-10-05
GSE163071,GSM4971681,PA_28,source=Human tumor tissue; nf1=Yes; tumor=PA,case,True,NF1-associated pilocytic astrocytoma,agent,2026-10-05
GSE163071,GSM4971682,PA_29,source=Human tumor tissue; nf1=Yes; tumor=PA,case,True,NF1-associated pilocytic astrocytoma,agent,2026-10-05
GSE163071,GSM4971683,PA_30,source=Human tumor tissue; nf1=Yes; tumor=PA,case,True,NF1-associated pilocytic astrocytoma,agent,2026-10-05
GSE163071,GSM4971684,PA_31,source=Human tumor tissue; nf1=No; tumor=PA,excluded_sporadic,False,sporadic pilocytic astrocytoma (nf1=No); removed per Kara 2026-10-05,Kara,2026-10-05
GSE163071,GSM4971685,PA_32,source=Human tumor tissue; nf1=No; tumor=PA,excluded_sporadic,False,sporadic pilocytic astrocytoma (nf1=No); removed per Kara 2026-10-05,Kara,2026-10-05
GSE163071,GSM4971686,PA_33,source=Human control tissue; nf1=CTL; tumor=CTL,excluded_ambiguous,False,"annotated control tissue (nf1=CTL, tumor=CTL) but titled PA; removed as ambiguous per Kara 2026-10-05",Kara,2026-10-05
GSE163071,GSM4971687,CTL_1,source=Human control tissue; nf1=CTL; tumor=CTL,control,True,non-neoplastic brain (see control_types correction: mostly DIPG frontal cortex),agent,2026-10-05
GSE163071,GSM4971688,CTL_2,source=Human control tissue; nf1=CTL; tumor=CTL,control,True,non-neoplastic brain (see control_types correction: mostly DIPG frontal cortex),agent,2026-10-05
GSE163071,GSM4971689,CTL_3,source=Human control tissue; nf1=CTL; tumor=CTL,control,True,non-neoplastic brain (see control_types correction: mostly DIPG frontal cortex),agent,2026-10-05
GSE163071,GSM4971690,CTL_4,source=Human control tissue; nf1=CTL; tumor=CTL,control,True,non-neoplastic brain (see control_types correction: mostly DIPG frontal cortex),agent,2026-10-05
GSE163071,GSM4971691,CTL_5,source=Human control tissue; nf1=CTL; tumor=CTL,control,True,non-neoplastic brain (see control_types correction: mostly DIPG frontal cortex),agent,2026-10-05
GSE163071,GSM4971692,CTL_6,source=Human control tissue; nf1=CTL; tumor=CTL,control,True,non-neoplastic brain (see control_types correction: mostly DIPG frontal cortex),agent,2026-10-05
GSE163071,GSM4971693,CTL_7,source=Human control tissue; nf1=CTL; tumor=CTL,control,True,non-neoplastic brain (see control_types correction: mostly DIPG frontal cortex),agent,2026-10-05
GSE172221,GSM5244239,NP-Plp Tumor 1 Grade UD,organism=Mus musculus; mouse_line=NP-Plp; diagnosis=GEM PNST/UD (grade undetermined),case_mouse_deferred,False,"Nf1;Trp53-driven GEM-MPNST (NP-Plp); genuine NF-genotype model but mouse, deferred with the mouse track in this first pass","agent, from full text",2026-10-05
GSE172221,GSM5244240,NP-Plp Tumor 2 Grade UD,organism=Mus musculus; mouse_line=NP-Plp; diagnosis=GEM PNST/UD (grade undetermined),case_mouse_deferred,False,"Nf1;Trp53-driven GEM-MPNST (NP-Plp); genuine NF-genotype model but mouse, deferred with the mouse track in this first pass","agent, from full text",2026-10-05
GSE172221,GSM5244241,NP-Plp Tumor 3 Grade UD,organism=Mus musculus; mouse_line=NP-Plp; diagnosis=GEM PNST/UD (grade undetermined),case_mouse_deferred,False,"Nf1;Trp53-driven GEM-MPNST (NP-Plp); genuine NF-genotype model but mouse, deferred with the mouse track in this first pass","agent, from full text",2026-10-05
GSE172221,GSM5244242,NP-Plp Tumor 4 Grade III,organism=Mus musculus; mouse_line=NP-Plp; diagnosis=GEM PNST/Grade III,case_mouse_deferred,False,"Nf1;Trp53-driven GEM-MPNST (NP-Plp); genuine NF-genotype model but mouse, deferred with the mouse track in this first pass","agent, from full text",2026-10-05
GSE172221,GSM5244243,NP-Plp Tumor 5 Grade III,organism=Mus musculus; mouse_line=NP-Plp; diagnosis=GEM PNST/Grade III,case_mouse_deferred,False,"Nf1;Trp53-driven GEM-MPNST (NP-Plp); genuine NF-genotype model but mouse, deferred with the mouse track in this first pass","agent, from full text",2026-10-05
GSE172221,GSM5244244,NP-Plp Tumor 6 Grade III,organism=Mus musculus; mouse_line=NP-Plp; diagnosis=GEM PNST/Grade III,case_mouse_deferred,False,"Nf1;Trp53-driven GEM-MPNST (NP-Plp); genuine NF-genotype model but mouse, deferred with the mouse track in this first pass","agent, from full text",2026-10-05
GSE172221,GSM5244245,NP-Plp Tumor 7 Grade UD,organism=Mus musculus; mouse_line=NP-Plp; diagnosis=GEM PNST/UD (grade undetermined),case_mouse_deferred,False,"Nf1;Trp53-driven GEM-MPNST (NP-Plp); genuine NF-genotype model but mouse, deferred with the mouse track in this first pass","agent, from full text",2026-10-05
GSE172221,GSM5244246,NP-Plp Tumor 8 Grade III,organism=Mus musculus; mouse_line=NP-Plp; diagnosis=GEM PNST/Grade III,case_mouse_deferred,False,"Nf1;Trp53-driven GEM-MPNST (NP-Plp); genuine NF-genotype model but mouse, deferred with the mouse track in this first pass","agent, from full text",2026-10-05
GSE172221,GSM5244247,NP-Plp Tumor 9 Grade UD,organism=Mus musculus; mouse_line=NP-Plp; diagnosis=GEM PNST/UD (grade undetermined),case_mouse_deferred,False,"Nf1;Trp53-driven GEM-MPNST (NP-Plp); genuine NF-genotype model but mouse, deferred with the mouse track in this first pass","agent, from full text",2026-10-05
GSE172221,GSM5244248,NPcis Tumor 1 Grade III,organism=Mus musculus; mouse_line=NPcis; diagnosis=GEM PNST/Grade III,case_mouse_deferred,False,"Nf1;Trp53-driven GEM-MPNST (NPcis); genuine NF-genotype model but mouse, deferred with the mouse track in this first pass","agent, from full text",2026-10-05
GSE172221,GSM5244249,NPcis Tumor 2 Grade III,organism=Mus musculus; mouse_line=NPcis; diagnosis=GEM PNST/Grade III,case_mouse_deferred,False,"Nf1;Trp53-driven GEM-MPNST (NPcis); genuine NF-genotype model but mouse, deferred with the mouse track in this first pass","agent, from full text",2026-10-05
GSE172221,GSM5244250,NPcis Tumor 3 Grade III,organism=Mus musculus; mouse_line=NPcis; diagnosis=GEM PNST/Grade III,case_mouse_deferred,False,"Nf1;Trp53-driven GEM-MPNST (NPcis); genuine NF-genotype model but mouse, deferred with the mouse track in this first pass","agent, from full text",2026-10-05
GSE172221,GSM5244251,Lats-Nes Tumor 1 Grade UD,organism=Mus musculus; mouse_line=Lats-Nes; diagnosis=GEM PNST/UD (grade undetermined),excluded_not_nf_model,False,"Lats1;2 conditional knockout (Lats-Nes): the paper states Hippo pathway mutations are rarely found in MPNST, and its central result is that Lats-driven tumours are transcriptomically distinct from Nf1;p53-driven tumours, clustering with GEM-neurofibroma and human PNF/NF rather than human MPNST - a comparator, not an NF-pathway model","agent, from full text",2026-10-05
GSE172221,GSM5244252,Lats-Nes Tumor 2 Grade UD,organism=Mus musculus; mouse_line=Lats-Nes; diagnosis=GEM PNST/UD (grade undetermined),excluded_not_nf_model,False,"Lats1;2 conditional knockout (Lats-Nes): the paper states Hippo pathway mutations are rarely found in MPNST, and its central result is that Lats-driven tumours are transcriptomically distinct from Nf1;p53-driven tumours, clustering with GEM-neurofibroma and human PNF/NF rather than human MPNST - a comparator, not an NF-pathway model","agent, from full text",2026-10-05
GSE172221,GSM5244253,Lats-Nes Tumor 3 Grade III,organism=Mus musculus; mouse_line=Lats-Nes; diagnosis=GEM PNST/Grade III,excluded_not_nf_model,False,"Lats1;2 conditional knockout (Lats-Nes): the paper states Hippo pathway mutations are rarely found in MPNST, and its central result is that Lats-driven tumours are transcriptomically distinct from Nf1;p53-driven tumours, clustering with GEM-neurofibroma and human PNF/NF rather than human MPNST - a comparator, not an NF-pathway model","agent, from full text",2026-10-05
GSE172221,GSM5244254,Lats-Nes Tumor 4 Grade UD,organism=Mus musculus; mouse_line=Lats-Nes; diagnosis=GEM PNST/UD (grade undetermined),excluded_not_nf_model,False,"Lats1;2 conditional knockout (Lats-Nes): the paper states Hippo pathway mutations are rarely found in MPNST, and its central result is that Lats-driven tumours are transcriptomically distinct from Nf1;p53-driven tumours, clustering with GEM-neurofibroma and human PNF/NF rather than human MPNST - a comparator, not an NF-pathway model","agent, from full text",2026-10-05
GSE172221,GSM5244255,Lats-Nes Tumor 5 Grade III,organism=Mus musculus; mouse_line=Lats-Nes; diagnosis=GEM PNST/Grade III,excluded_not_nf_model,False,"Lats1;2 conditional knockout (Lats-Nes): the paper states Hippo pathway mutations are rarely found in MPNST, and its central result is that Lats-driven tumours are transcriptomically distinct from Nf1;p53-driven tumours, clustering with GEM-neurofibroma and human PNF/NF rather than human MPNST - a comparator, not an NF-pathway model","agent, from full text",2026-10-05
GSE172221,GSM5244256,Lats-Nes Tumor 6 Grade III,organism=Mus musculus; mouse_line=Lats-Nes; diagnosis=GEM PNST/Grade III,excluded_not_nf_model,False,"Lats1;2 conditional knockout (Lats-Nes): the paper states Hippo pathway mutations are rarely found in MPNST, and its central result is that Lats-driven tumours are transcriptomically distinct from Nf1;p53-driven tumours, clustering with GEM-neurofibroma and human PNF/NF rather than human MPNST - a comparator, not an NF-pathway model","agent, from full text",2026-10-05
GSE172221,GSM5244257,Lats-Nes Tumor 7 Grade III,organism=Mus musculus; mouse_line=Lats-Nes; diagnosis=GEM PNST/Grade III,excluded_not_nf_model,False,"Lats1;2 conditional knockout (Lats-Nes): the paper states Hippo pathway mutations are rarely found in MPNST, and its central result is that Lats-driven tumours are transcriptomically distinct from Nf1;p53-driven tumours, clustering with GEM-neurofibroma and human PNF/NF rather than human MPNST - a comparator, not an NF-pathway model","agent, from full text",2026-10-05
GSE172221,GSM5244258,Lats-Plp Tumor 1 Grade II,organism=Mus musculus; mouse_line=Lats-Plp; diagnosis=GEM PNST/Grade II,excluded_not_nf_model,False,"Lats1;2 conditional knockout (Lats-Plp): the paper states Hippo pathway mutations are rarely found in MPNST, and its central result is that Lats-driven tumours are transcriptomically distinct from Nf1;p53-driven tumours, clustering with GEM-neurofibroma and human PNF/NF rather than human MPNST - a comparator, not an NF-pathway model","agent, from full text",2026-10-05
GSE172221,GSM5244259,Lats-Plp Tumor 2 Grade II,organism=Mus musculus; mouse_line=Lats-Plp; diagnosis=GEM PNST/Grade II,excluded_not_nf_model,False,"Lats1;2 conditional knockout (Lats-Plp): the paper states Hippo pathway mutations are rarely found in MPNST, and its central result is that Lats-driven tumours are transcriptomically distinct from Nf1;p53-driven tumours, clustering with GEM-neurofibroma and human PNF/NF rather than human MPNST - a comparator, not an NF-pathway model","agent, from full text",2026-10-05
GSE172221,GSM5244260,Lats-Plp Tumor 3 Grade II,organism=Mus musculus; mouse_line=Lats-Plp; diagnosis=GEM PNST/Grade II,excluded_not_nf_model,False,"Lats1;2 conditional knockout (Lats-Plp): the paper states Hippo pathway mutations are rarely found in MPNST, and its central result is that Lats-driven tumours are transcriptomically distinct from Nf1;p53-driven tumours, clustering with GEM-neurofibroma and human PNF/NF rather than human MPNST - a comparator, not an NF-pathway model","agent, from full text",2026-10-05
GSE172221,GSM5244261,MPNST 1,organism=Homo sapiens; mouse_line=-; diagnosis=MPNST,excluded_nf_status_unstated,False,"human MPNST from the St Jude collection; GEO carries only diagnosis= and the paper gives no patient table, NF1 status or germline annotation, so it cannot be admitted under the germline-only rule","agent, from full text",2026-10-05
GSE172221,GSM5244262,MPNST 2,organism=Homo sapiens; mouse_line=-; diagnosis=MPNST,excluded_nf_status_unstated,False,"human MPNST from the St Jude collection; GEO carries only diagnosis= and the paper gives no patient table, NF1 status or germline annotation, so it cannot be admitted under the germline-only rule","agent, from full text",2026-10-05
GSE172221,GSM5244263,MPNST 3,organism=Homo sapiens; mouse_line=-; diagnosis=MPNST,excluded_nf_status_unstated,False,"human MPNST from the St Jude collection; GEO carries only diagnosis= and the paper gives no patient table, NF1 status or germline annotation, so it cannot be admitted under the germline-only rule","agent, from full text",2026-10-05
GSE172221,GSM5244264,MPNST 4,organism=Homo sapiens; mouse_line=-; diagnosis=MPNST,excluded_nf_status_unstated,False,"human MPNST from the St Jude collection; GEO carries only diagnosis= and the paper gives no patient table, NF1 status or germline annotation, so it cannot be admitted under the germline-only rule","agent, from full text",2026-10-05
GSE172221,GSM5244265,MPNST 5,organism=Homo sapiens; mouse_line=-; diagnosis=MPNST,excluded_nf_status_unstated,False,"human MPNST from the St Jude collection; GEO carries only diagnosis= and the paper gives no patient table, NF1 status or germline annotation, so it cannot be admitted under the germline-only rule","agent, from full text",2026-10-05
GSE172221,GSM5244266,MPNST 6,organism=Homo sapiens; mouse_line=-; diagnosis=MPNST,excluded_nf_status_unstated,False,"human MPNST from the St Jude collection; GEO carries only diagnosis= and the paper gives no patient table, NF1 status or germline annotation, so it cannot be admitted under the germline-only rule","agent, from full text",2026-10-05
GSE172221,GSM5244267,PNF 1,organism=Homo sapiens; mouse_line=-; diagnosis=PNF,excluded_nf_status_unstated,False,"human PNF from the St Jude collection; GEO carries only diagnosis= and the paper gives no patient table, NF1 status or germline annotation, so it cannot be admitted under the germline-only rule","agent, from full text",2026-10-05
GSE172221,GSM5244268,NF 1,organism=Homo sapiens; mouse_line=-; diagnosis=NF,excluded_nf_status_unstated,False,"human NF from the St Jude collection; GEO carries only diagnosis= and the paper gives no patient table, NF1 status or germline annotation, so it cannot be admitted under the germline-only rule","agent, from full text",2026-10-05
GSE172221,GSM5244269,NF 2,organism=Homo sapiens; mouse_line=-; diagnosis=NF,excluded_nf_status_unstated,False,"human NF from the St Jude collection; GEO carries only diagnosis= and the paper gives no patient table, NF1 status or germline annotation, so it cannot be admitted under the germline-only rule","agent, from full text",2026-10-05
GSE172221,GSM5244270,MPNST 7,organism=Homo sapiens; mouse_line=-; diagnosis=MPNST,excluded_nf_status_unstated,False,"human MPNST from the St Jude collection; GEO carries only diagnosis= and the paper gives no patient table, NF1 status or germline annotation, so it cannot be admitted under the germline-only rule","agent, from full text",2026-10-05
GSE172221,GSM5244271,PNF 2,organism=Homo sapiens; mouse_line=-; diagnosis=PNF,excluded_nf_status_unstated,False,"human PNF from the St Jude collection; GEO carries only diagnosis= and the paper gives no patient table, NF1 status or germline annotation, so it cannot be admitted under the germline-only rule","agent, from full text",2026-10-05
GSE172221,GSM5244272,PNF 3,organism=Homo sapiens; mouse_line=-; diagnosis=PNF,excluded_nf_status_unstated,False,"human PNF from the St Jude collection; GEO carries only diagnosis= and the paper gives no patient table, NF1 status or germline annotation, so it cannot be admitted under the germline-only rule","agent, from full text",2026-10-05
GSE172221,GSM5244273,NF 3,organism=Homo sapiens; mouse_line=-; diagnosis=NF,excluded_nf_status_unstated,False,"human NF from the St Jude collection; GEO carries only diagnosis= and the paper gives no patient table, NF1 status or germline annotation, so it cannot be admitted under the germline-only rule","agent, from full text",2026-10-05
GSE172221,GSM5244274,PNF 4,organism=Homo sapiens; mouse_line=-; diagnosis=PNF,excluded_nf_status_unstated,False,"human PNF from the St Jude collection; GEO carries only diagnosis= and the paper gives no patient table, NF1 status or germline annotation, so it cannot be admitted under the germline-only rule","agent, from full text",2026-10-05
GSE172221,GSM5244275,PNF 5,organism=Homo sapiens; mouse_line=-; diagnosis=PNF,excluded_nf_status_unstated,False,"human PNF from the St Jude collection; GEO carries only diagnosis= and the paper gives no patient table, NF1 status or germline annotation, so it cannot be admitted under the germline-only rule","agent, from full text",2026-10-05
GSE172221,GSM5244276,NF 4,organism=Homo sapiens; mouse_line=-; diagnosis=NF,excluded_nf_status_unstated,False,"human NF from the St Jude collection; GEO carries only diagnosis= and the paper gives no patient table, NF1 status or germline annotation, so it cannot be admitted under the germline-only rule","agent, from full text",2026-10-05
GSE172221,GSM5244277,NF 5,organism=Homo sapiens; mouse_line=-; diagnosis=NF,excluded_nf_status_unstated,False,"human NF from the St Jude collection; GEO carries only diagnosis= and the paper gives no patient table, NF1 status or germline annotation, so it cannot be admitted under the germline-only rule","agent, from full text",2026-10-05
GSE172221,GSM5244278,NF 6,organism=Homo sapiens; mouse_line=-; diagnosis=NF,excluded_nf_status_unstated,False,"human NF from the St Jude collection; GEO carries only diagnosis= and the paper gives no patient table, NF1 status or germline annotation, so it cannot be admitted under the germline-only rule","agent, from full text",2026-10-05
GSE172221,GSM5244279,NF 7,organism=Homo sapiens; mouse_line=-; diagnosis=NF,excluded_nf_status_unstated,False,"human NF from the St Jude collection; GEO carries only diagnosis= and the paper gives no patient table, NF1 status or germline annotation, so it cannot be admitted under the germline-only rule","agent, from full text",2026-10-05
GSE172221,GSM5244280,NF 8,organism=Homo sapiens; mouse_line=-; diagnosis=NF,excluded_nf_status_unstated,False,"human NF from the St Jude collection; GEO carries only diagnosis= and the paper gives no patient table, NF1 status or germline annotation, so it cannot be admitted under the germline-only rule","agent, from full text",2026-10-05
GSE172221,GSM5244281,MPNST 8,organism=Homo sapiens; mouse_line=-; diagnosis=MPNST,excluded_nf_status_unstated,False,"human MPNST from the St Jude collection; GEO carries only diagnosis= and the paper gives no patient table, NF1 status or germline annotation, so it cannot be admitted under the germline-only rule","agent, from full text",2026-10-05
GSE172221,GSM5244282,MPNST 9,organism=Homo sapiens; mouse_line=-; diagnosis=MPNST,excluded_nf_status_unstated,False,"human MPNST from the St Jude collection; GEO carries only diagnosis= and the paper gives no patient table, NF1 status or germline annotation, so it cannot be admitted under the germline-only rule","agent, from full text",2026-10-05
GSE120687,GSM3408214,HuR_D1,library=array; treatment=HuR IP; cell_type=dermal neurofibroma; genotype=-,excluded_rip_not_abundance,False,"RIP-chip (HuR IP on dermal neurofibroma): the measured quantity is HuR-bound transcript enrichment, not transcript abundance, and the series has no total-RNA or input array arm","agent, from GEO characteristics",2026-10-06
GSE120687,GSM3408215,HuR_D2,library=array; treatment=HuR IP; cell_type=dermal neurofibroma; genotype=-,excluded_rip_not_abundance,False,"RIP-chip (HuR IP on dermal neurofibroma): the measured quantity is HuR-bound transcript enrichment, not transcript abundance, and the series has no total-RNA or input array arm","agent, from GEO characteristics",2026-10-06
GSE120687,GSM3408216,HuR_D4,library=array; treatment=HuR IP; cell_type=dermal neurofibroma; genotype=-,excluded_rip_not_abundance,False,"RIP-chip (HuR IP on dermal neurofibroma): the measured quantity is HuR-bound transcript enrichment, not transcript abundance, and the series has no total-RNA or input array arm","agent, from GEO characteristics",2026-10-06
GSE120687,GSM3408217,HuR_D5,library=array; treatment=HuR IP; cell_type=dermal neurofibroma; genotype=-,excluded_rip_not_abundance,False,"RIP-chip (HuR IP on dermal neurofibroma): the measured quantity is HuR-bound transcript enrichment, not transcript abundance, and the series has no total-RNA or input array arm","agent, from GEO characteristics",2026-10-06
GSE120687,GSM3408218,HuR_E2,library=array; treatment=HuR IP; cell_type=plexiform neurofibroma; genotype=-,excluded_rip_not_abundance,False,"RIP-chip (HuR IP on plexiform neurofibroma): the measured quantity is HuR-bound transcript enrichment, not transcript abundance, and the series has no total-RNA or input array arm","agent, from GEO characteristics",2026-10-06
GSE120687,GSM3408219,HuR_E3,library=array; treatment=HuR IP; cell_type=plexiform neurofibroma; genotype=-,excluded_rip_not_abundance,False,"RIP-chip (HuR IP on plexiform neurofibroma): the measured quantity is HuR-bound transcript enrichment, not transcript abundance, and the series has no total-RNA or input array arm","agent, from GEO characteristics",2026-10-06
GSE120687,GSM3408220,HuR_E4,library=array; treatment=HuR IP; cell_type=plexiform neurofibroma; genotype=-,excluded_rip_not_abundance,False,"RIP-chip (HuR IP on plexiform neurofibroma): the measured quantity is HuR-bound transcript enrichment, not transcript abundance, and the series has no total-RNA or input array arm","agent, from GEO characteristics",2026-10-06
GSE120687,GSM3408221,HuR_E5,library=array; treatment=HuR IP; cell_type=plexiform neurofibroma; genotype=-,excluded_rip_not_abundance,False,"RIP-chip (HuR IP on plexiform neurofibroma): the measured quantity is HuR-bound transcript enrichment, not transcript abundance, and the series has no total-RNA or input array arm","agent, from GEO characteristics",2026-10-06
GSE120687,GSM3408222,HuR_F1,library=array; treatment=HuR IP; cell_type=MPNST_NF1-derived; genotype=-,excluded_rip_not_abundance,False,"RIP-chip (HuR IP on MPNST_NF1-derived): the measured quantity is HuR-bound transcript enrichment, not transcript abundance, and the series has no total-RNA or input array arm","agent, from GEO characteristics",2026-10-06
GSE120687,GSM3408223,HuR_F2,library=array; treatment=HuR IP; cell_type=MPNST_NF1-derived; genotype=-,excluded_rip_not_abundance,False,"RIP-chip (HuR IP on MPNST_NF1-derived): the measured quantity is HuR-bound transcript enrichment, not transcript abundance, and the series has no total-RNA or input array arm","agent, from GEO characteristics",2026-10-06
GSE120687,GSM3408224,HuR_F3,library=array; treatment=HuR IP; cell_type=MPNST_NF1-derived; genotype=-,excluded_rip_not_abundance,False,"RIP-chip (HuR IP on MPNST_NF1-derived): the measured quantity is HuR-bound transcript enrichment, not transcript abundance, and the series has no total-RNA or input array arm","agent, from GEO characteristics",2026-10-06
GSE120687,GSM3408225,HuR_F4,library=array; treatment=HuR IP; cell_type=MPNST_NF1-derived; genotype=-,excluded_rip_not_abundance,False,"RIP-chip (HuR IP on MPNST_NF1-derived): the measured quantity is HuR-bound transcript enrichment, not transcript abundance, and the series has no total-RNA or input array arm","agent, from GEO characteristics",2026-10-06
GSE120687,GSM3408226,HuR_F6,library=array; treatment=HuR IP; cell_type=MPNST_NF1-derived; genotype=-,excluded_rip_not_abundance,False,"RIP-chip (HuR IP on MPNST_NF1-derived): the measured quantity is HuR-bound transcript enrichment, not transcript abundance, and the series has no total-RNA or input array arm","agent, from GEO characteristics",2026-10-06
GSE120687,GSM3408227,HuR_F7,library=array; treatment=HuR IP; cell_type=MPNST_NF1-derived; genotype=-,excluded_rip_not_abundance,False,"RIP-chip (HuR IP on MPNST_NF1-derived): the measured quantity is HuR-bound transcript enrichment, not transcript abundance, and the series has no total-RNA or input array arm","agent, from GEO characteristics",2026-10-06
GSE120687,GSM3408228,HuR_G2,library=array; treatment=HuR IP; cell_type=MPNST_sporadic; genotype=-,excluded_rip_not_abundance,False,"RIP-chip (HuR IP on MPNST_sporadic): the measured quantity is HuR-bound transcript enrichment, not transcript abundance, and the series has no total-RNA or input array arm","agent, from GEO characteristics",2026-10-06
GSE120687,GSM3408229,HuR_G3,library=array; treatment=HuR IP; cell_type=MPNST_sporadic; genotype=-,excluded_rip_not_abundance,False,"RIP-chip (HuR IP on MPNST_sporadic): the measured quantity is HuR-bound transcript enrichment, not transcript abundance, and the series has no total-RNA or input array arm","agent, from GEO characteristics",2026-10-06
GSE120687,GSM3408230,HuR_G4,library=array; treatment=HuR IP; cell_type=MPNST_sporadic; genotype=-,excluded_rip_not_abundance,False,"RIP-chip (HuR IP on MPNST_sporadic): the measured quantity is HuR-bound transcript enrichment, not transcript abundance, and the series has no total-RNA or input array arm","agent, from GEO characteristics",2026-10-06
GSE120687,GSM3408231,HuR_G5,library=array; treatment=HuR IP; cell_type=MPNST_sporadic; genotype=-,excluded_rip_not_abundance,False,"RIP-chip (HuR IP on MPNST_sporadic): the measured quantity is HuR-bound transcript enrichment, not transcript abundance, and the series has no total-RNA or input array arm","agent, from GEO characteristics",2026-10-06
GSE120687,GSM3408232,HuR_G6,library=array; treatment=HuR IP; cell_type=MPNST_sporadic; genotype=-,excluded_rip_not_abundance,False,"RIP-chip (HuR IP on MPNST_sporadic): the measured quantity is HuR-bound transcript enrichment, not transcript abundance, and the series has no total-RNA or input array arm","agent, from GEO characteristics",2026-10-06
GSE120687,GSM3408233,HuR_G7,library=array; treatment=HuR IP; cell_type=MPNST_sporadic; genotype=-,excluded_rip_not_abundance,False,"RIP-chip (HuR IP on MPNST_sporadic): the measured quantity is HuR-bound transcript enrichment, not transcript abundance, and the series has no total-RNA or input array arm","agent, from GEO characteristics",2026-10-06
GSE120687,GSM3408234,IgG_D1,library=array; treatment=IgG IP; cell_type=dermal neurofibroma; genotype=-,excluded_rip_not_abundance,False,"RIP-chip (IgG IP on dermal neurofibroma): the measured quantity is HuR-bound transcript enrichment, not transcript abundance, and the series has no total-RNA or input array arm","agent, from GEO characteristics",2026-10-06
GSE120687,GSM3408235,IgG_D2,library=array; treatment=IgG IP; cell_type=dermal neurofibroma; genotype=-,excluded_rip_not_abundance,False,"RIP-chip (IgG IP on dermal neurofibroma): the measured quantity is HuR-bound transcript enrichment, not transcript abundance, and the series has no total-RNA or input array arm","agent, from GEO characteristics",2026-10-06
GSE120687,GSM3408236,IgG_D4,library=array; treatment=IgG IP; cell_type=dermal neurofibroma; genotype=-,excluded_rip_not_abundance,False,"RIP-chip (IgG IP on dermal neurofibroma): the measured quantity is HuR-bound transcript enrichment, not transcript abundance, and the series has no total-RNA or input array arm","agent, from GEO characteristics",2026-10-06
GSE120687,GSM3408237,IgG_D5,library=array; treatment=IgG IP; cell_type=dermal neurofibroma; genotype=-,excluded_rip_not_abundance,False,"RIP-chip (IgG IP on dermal neurofibroma): the measured quantity is HuR-bound transcript enrichment, not transcript abundance, and the series has no total-RNA or input array arm","agent, from GEO characteristics",2026-10-06
GSE120687,GSM3408238,IgG_E2,library=array; treatment=IgG IP; cell_type=plexiform neurofibroma; genotype=-,excluded_rip_not_abundance,False,"RIP-chip (IgG IP on plexiform neurofibroma): the measured quantity is HuR-bound transcript enrichment, not transcript abundance, and the series has no total-RNA or input array arm","agent, from GEO characteristics",2026-10-06
GSE120687,GSM3408239,IgG_E3,library=array; treatment=IgG IP; cell_type=plexiform neurofibroma; genotype=-,excluded_rip_not_abundance,False,"RIP-chip (IgG IP on plexiform neurofibroma): the measured quantity is HuR-bound transcript enrichment, not transcript abundance, and the series has no total-RNA or input array arm","agent, from GEO characteristics",2026-10-06
GSE120687,GSM3408240,IgG_E4,library=array; treatment=IgG IP; cell_type=plexiform neurofibroma; genotype=-,excluded_rip_not_abundance,False,"RIP-chip (IgG IP on plexiform neurofibroma): the measured quantity is HuR-bound transcript enrichment, not transcript abundance, and the series has no total-RNA or input array arm","agent, from GEO characteristics",2026-10-06
GSE120687,GSM3408241,IgG_E5,library=array; treatment=IgG IP; cell_type=plexiform neurofibroma; genotype=-,excluded_rip_not_abundance,False,"RIP-chip (IgG IP on plexiform neurofibroma): the measured quantity is HuR-bound transcript enrichment, not transcript abundance, and the series has no total-RNA or input array arm","agent, from GEO characteristics",2026-10-06
GSE120687,GSM3408242,IgG_F1,library=array; treatment=IgG IP; cell_type=MPNST_NF1-derived; genotype=-,excluded_rip_not_abundance,False,"RIP-chip (IgG IP on MPNST_NF1-derived): the measured quantity is HuR-bound transcript enrichment, not transcript abundance, and the series has no total-RNA or input array arm","agent, from GEO characteristics",2026-10-06
GSE120687,GSM3408243,IgG_F2,library=array; treatment=IgG IP; cell_type=MPNST_NF1-derived; genotype=-,excluded_rip_not_abundance,False,"RIP-chip (IgG IP on MPNST_NF1-derived): the measured quantity is HuR-bound transcript enrichment, not transcript abundance, and the series has no total-RNA or input array arm","agent, from GEO characteristics",2026-10-06
GSE120687,GSM3408244,IgG_F3,library=array; treatment=IgG IP; cell_type=MPNST_NF1-derived; genotype=-,excluded_rip_not_abundance,False,"RIP-chip (IgG IP on MPNST_NF1-derived): the measured quantity is HuR-bound transcript enrichment, not transcript abundance, and the series has no total-RNA or input array arm","agent, from GEO characteristics",2026-10-06
GSE120687,GSM3408245,IgG_F4,library=array; treatment=IgG IP; cell_type=MPNST_NF1-derived; genotype=-,excluded_rip_not_abundance,False,"RIP-chip (IgG IP on MPNST_NF1-derived): the measured quantity is HuR-bound transcript enrichment, not transcript abundance, and the series has no total-RNA or input array arm","agent, from GEO characteristics",2026-10-06
GSE120687,GSM3408246,IgG_F6,library=array; treatment=IgG IP; cell_type=MPNST_NF1-derived; genotype=-,excluded_rip_not_abundance,False,"RIP-chip (IgG IP on MPNST_NF1-derived): the measured quantity is HuR-bound transcript enrichment, not transcript abundance, and the series has no total-RNA or input array arm","agent, from GEO characteristics",2026-10-06
GSE120687,GSM3408247,IgG_F7,library=array; treatment=IgG IP; cell_type=MPNST_NF1-derived; genotype=-,excluded_rip_not_abundance,False,"RIP-chip (IgG IP on MPNST_NF1-derived): the measured quantity is HuR-bound transcript enrichment, not transcript abundance, and the series has no total-RNA or input array arm","agent, from GEO characteristics",2026-10-06
GSE120687,GSM3408248,IgG_G2,library=array; treatment=IgG IP; cell_type=MPNST_sporadic; genotype=-,excluded_rip_not_abundance,False,"RIP-chip (IgG IP on MPNST_sporadic): the measured quantity is HuR-bound transcript enrichment, not transcript abundance, and the series has no total-RNA or input array arm","agent, from GEO characteristics",2026-10-06
GSE120687,GSM3408249,IgG_G3,library=array; treatment=IgG IP; cell_type=MPNST_sporadic; genotype=-,excluded_rip_not_abundance,False,"RIP-chip (IgG IP on MPNST_sporadic): the measured quantity is HuR-bound transcript enrichment, not transcript abundance, and the series has no total-RNA or input array arm","agent, from GEO characteristics",2026-10-06
GSE120687,GSM3408250,IgG_G4,library=array; treatment=IgG IP; cell_type=MPNST_sporadic; genotype=-,excluded_rip_not_abundance,False,"RIP-chip (IgG IP on MPNST_sporadic): the measured quantity is HuR-bound transcript enrichment, not transcript abundance, and the series has no total-RNA or input array arm","agent, from GEO characteristics",2026-10-06
GSE120687,GSM3408251,IgG_G5,library=array; treatment=IgG IP; cell_type=MPNST_sporadic; genotype=-,excluded_rip_not_abundance,False,"RIP-chip (IgG IP on MPNST_sporadic): the measured quantity is HuR-bound transcript enrichment, not transcript abundance, and the series has no total-RNA or input array arm","agent, from GEO characteristics",2026-10-06
GSE120687,GSM3408252,IgG_G6,library=array; treatment=IgG IP; cell_type=MPNST_sporadic; genotype=-,excluded_rip_not_abundance,False,"RIP-chip (IgG IP on MPNST_sporadic): the measured quantity is HuR-bound transcript enrichment, not transcript abundance, and the series has no total-RNA or input array arm","agent, from GEO characteristics",2026-10-06
GSE120687,GSM3408253,IgG_G7,library=array; treatment=IgG IP; cell_type=MPNST_sporadic; genotype=-,excluded_rip_not_abundance,False,"RIP-chip (IgG IP on MPNST_sporadic): the measured quantity is HuR-bound transcript enrichment, not transcript abundance, and the series has no total-RNA or input array arm","agent, from GEO characteristics",2026-10-06
GSE120687,GSM3408254,RNA-seq_MPNST cell ST88-14 number 1 sh Ctr,library=RNA-Seq; treatment=-; cell_type=NF1-derived MPNST; genotype=sh Ctr,perturbation_arm_deferred,False,"ST88-14 sh Ctr: a 3-vs-3 shHuR knockdown contrast on one NF1-derived MPNST line, retained in the logs as later target-validation evidence rather than as a Phase 2 case/control input","agent, from GEO characteristics",2026-10-06
GSE120687,GSM3408255,RNA-seq_MPNST cell ST88-14 number 2 sh Ctr,library=RNA-Seq; treatment=-; cell_type=NF1-derived MPNST; genotype=sh Ctr,perturbation_arm_deferred,False,"ST88-14 sh Ctr: a 3-vs-3 shHuR knockdown contrast on one NF1-derived MPNST line, retained in the logs as later target-validation evidence rather than as a Phase 2 case/control input","agent, from GEO characteristics",2026-10-06
GSE120687,GSM3408256,RNA-seq_MPNST cell ST88-14 number 3 sh Ctr,library=RNA-Seq; treatment=-; cell_type=NF1-derived MPNST; genotype=sh Ctr,perturbation_arm_deferred,False,"ST88-14 sh Ctr: a 3-vs-3 shHuR knockdown contrast on one NF1-derived MPNST line, retained in the logs as later target-validation evidence rather than as a Phase 2 case/control input","agent, from GEO characteristics",2026-10-06
GSE120687,GSM3408257,RNA-seq_MPNST cell ST88-14 number 1 shHuR#1,library=RNA-Seq; treatment=-; cell_type=NF1-derived MPNST; genotype=sh HuR,perturbation_arm_deferred,False,"ST88-14 sh HuR: a 3-vs-3 shHuR knockdown contrast on one NF1-derived MPNST line, retained in the logs as later target-validation evidence rather than as a Phase 2 case/control input","agent, from GEO characteristics",2026-10-06
GSE120687,GSM3408258,RNA-seq_MPNST cell ST88-14 number 2  shHuR#1,library=RNA-Seq; treatment=-; cell_type=NF1-derived MPNST; genotype=sh HuR,perturbation_arm_deferred,False,"ST88-14 sh HuR: a 3-vs-3 shHuR knockdown contrast on one NF1-derived MPNST line, retained in the logs as later target-validation evidence rather than as a Phase 2 case/control input","agent, from GEO characteristics",2026-10-06
GSE120687,GSM3408259,RNA-seq_MPNST cell ST88-14 number 3  shHuR#1,library=RNA-Seq; treatment=-; cell_type=NF1-derived MPNST; genotype=sh HuR,perturbation_arm_deferred,False,"ST88-14 sh HuR: a 3-vs-3 shHuR knockdown contrast on one NF1-derived MPNST line, retained in the logs as later target-validation evidence rather than as a Phase 2 case/control input","agent, from GEO characteristics",2026-10-06
GSE120687,GSM3408260,"ST88 cell, Input, sh HuR#1, number 3",library=ChIP-Seq; treatment=sh HuR; cell_type=NF1-derived MPNST; genotype=-,excluded_chip,False,"chromatin immunoprecipitation (none (input)); not expression data, excluded per Kara 2026-10-06",Kara,2026-10-06
GSE120687,GSM3408261,"ST88 cell, Input, sh HuR#1, number 2",library=ChIP-Seq; treatment=sh HuR; cell_type=NF1-derived MPNST; genotype=-,excluded_chip,False,"chromatin immunoprecipitation (none (input)); not expression data, excluded per Kara 2026-10-06",Kara,2026-10-06
GSE120687,GSM3408262,"ST88 cell, Input, sh HuR#1, number 1",library=ChIP-Seq; treatment=sh HuR; cell_type=NF1-derived MPNST; genotype=-,excluded_chip,False,"chromatin immunoprecipitation (none (input)); not expression data, excluded per Kara 2026-10-06",Kara,2026-10-06
GSE120687,GSM3408263,"ST88 cell, Input, sh Ctr, number 3",library=ChIP-Seq; treatment=sh Ctr; cell_type=NF1-derived MPNST; genotype=-,excluded_chip,False,"chromatin immunoprecipitation (none (input)); not expression data, excluded per Kara 2026-10-06",Kara,2026-10-06
GSE120687,GSM3408264,"ST88 cell, Input, sh Ctr, number 2",library=ChIP-Seq; treatment=sh Ctr; cell_type=NF1-derived MPNST; genotype=-,excluded_chip,False,"chromatin immunoprecipitation (none (input)); not expression data, excluded per Kara 2026-10-06",Kara,2026-10-06
GSE120687,GSM3408265,"ST88 cell, Input, sh Ctr, number 1",library=ChIP-Seq; treatment=sh Ctr; cell_type=NF1-derived MPNST; genotype=-,excluded_chip,False,"chromatin immunoprecipitation (none (input)); not expression data, excluded per Kara 2026-10-06",Kara,2026-10-06
GSE120687,GSM3408266,"ST88 cell, H3K4me3 ChIP, sh HuR#1, number 3",library=ChIP-Seq; treatment=sh HuR; cell_type=NF1-derived MPNST; genotype=-,excluded_chip,False,"chromatin immunoprecipitation (Anti-Histone H3 (tri methy); not expression data, excluded per Kara 2026-10-06",Kara,2026-10-06
GSE120687,GSM3408267,"ST88 cell, H3K4me3 ChIP, sh HuR#1, number 2",library=ChIP-Seq; treatment=sh HuR; cell_type=NF1-derived MPNST; genotype=-,excluded_chip,False,"chromatin immunoprecipitation (Anti-Histone H3 (tri methy); not expression data, excluded per Kara 2026-10-06",Kara,2026-10-06
GSE120687,GSM3408268,"ST88 cell, H3K4me3 ChIP, sh HuR#1, number 1",library=ChIP-Seq; treatment=sh HuR; cell_type=NF1-derived MPNST; genotype=-,excluded_chip,False,"chromatin immunoprecipitation (Anti-Histone H3 (tri methy); not expression data, excluded per Kara 2026-10-06",Kara,2026-10-06
GSE120687,GSM3408269,"ST88 cell, H3K4me3 ChIP, sh Ctr, number 3",library=ChIP-Seq; treatment=sh Ctr; cell_type=NF1-derived MPNST; genotype=-,excluded_chip,False,"chromatin immunoprecipitation (Anti-Histone H3 (tri methy); not expression data, excluded per Kara 2026-10-06",Kara,2026-10-06
GSE120687,GSM3408270,"ST88 cell, H3K4me3 ChIP, sh Ctr, number 1",library=ChIP-Seq; treatment=sh Ctr; cell_type=NF1-derived MPNST; genotype=-,excluded_chip,False,"chromatin immunoprecipitation (Anti-Histone H3 (tri methy); not expression data, excluded per Kara 2026-10-06",Kara,2026-10-06
GSE120687,GSM3408271,"ST88 cell, H3K4me1 ChIP, sh HuR#1, number 3",library=ChIP-Seq; treatment=sh HuR; cell_type=NF1-derived MPNST; genotype=-,excluded_chip,False,"chromatin immunoprecipitation (Anti-Histone H3, monomethy); not expression data, excluded per Kara 2026-10-06",Kara,2026-10-06
GSE120687,GSM3408272,"ST88 cell, H3K4me1 ChIP, sh HuR#1, number 2",library=ChIP-Seq; treatment=sh HuR; cell_type=NF1-derived MPNST; genotype=-,excluded_chip,False,"chromatin immunoprecipitation (Anti-Histone H3, monomethy); not expression data, excluded per Kara 2026-10-06",Kara,2026-10-06
GSE120687,GSM3408273,"ST88 cell, H3K4me1 ChIP, sh Ctr, number 3",library=ChIP-Seq; treatment=sh Ctr; cell_type=NF1-derived MPNST; genotype=-,excluded_chip,False,"chromatin immunoprecipitation (Anti-Histone H3, monomethy); not expression data, excluded per Kara 2026-10-06",Kara,2026-10-06
GSE120687,GSM3408274,"ST88 cell, H3K4me1 ChIP, sh Ctr, number 2",library=ChIP-Seq; treatment=sh Ctr; cell_type=NF1-derived MPNST; genotype=-,excluded_chip,False,"chromatin immunoprecipitation (Anti-Histone H3, monomethy); not expression data, excluded per Kara 2026-10-06",Kara,2026-10-06
GSE120687,GSM3408275,"ST88 cell, H3K4me1 ChIP, sh Ctr, number 1",library=ChIP-Seq; treatment=sh Ctr; cell_type=NF1-derived MPNST; genotype=-,excluded_chip,False,"chromatin immunoprecipitation (Anti-Histone H3, monomethy); not expression data, excluded per Kara 2026-10-06",Kara,2026-10-06
GSE120687,GSM3408276,"ST88 cell, H3K27Ac  ChIP, sh HuR#1, number 3",library=ChIP-Seq; treatment=sh HuR; cell_type=NF1-derived MPNST; genotype=-,excluded_chip,False,"chromatin immunoprecipitation (Anti-H3K27Ac-human antibod); not expression data, excluded per Kara 2026-10-06",Kara,2026-10-06
GSE120687,GSM3408277,"ST88 cell, H3K27Ac  ChIP, sh HuR#1, number 2",library=ChIP-Seq; treatment=sh HuR; cell_type=NF1-derived MPNST; genotype=-,excluded_chip,False,"chromatin immunoprecipitation (Anti-H3K27Ac-human antibod); not expression data, excluded per Kara 2026-10-06",Kara,2026-10-06
GSE120687,GSM3408278,"ST88 cell, H3K27Ac  ChIP, sh HuR#1, number 1",library=ChIP-Seq; treatment=sh HuR; cell_type=NF1-derived MPNST; genotype=-,excluded_chip,False,"chromatin immunoprecipitation (Anti-H3K27Ac-human antibod); not expression data, excluded per Kara 2026-10-06",Kara,2026-10-06
GSE120687,GSM3408279,"ST88 cell, H3K27Ac  ChIP, sh Ctr, number 3",library=ChIP-Seq; treatment=sh Ctr; cell_type=NF1-derived MPNST; genotype=-,excluded_chip,False,"chromatin immunoprecipitation (Anti-H3K27Ac-human antibod); not expression data, excluded per Kara 2026-10-06",Kara,2026-10-06
GSE120687,GSM3408280,"ST88 cell, H3K27Ac  ChIP, sh Ctr, number 2",library=ChIP-Seq; treatment=sh Ctr; cell_type=NF1-derived MPNST; genotype=-,excluded_chip,False,"chromatin immunoprecipitation (Anti-H3K27Ac-human antibod); not expression data, excluded per Kara 2026-10-06",Kara,2026-10-06
GSE120687,GSM3408281,"ST88 cell, H3K27Ac  ChIP, sh Ctr, number 1",library=ChIP-Seq; treatment=sh Ctr; cell_type=NF1-derived MPNST; genotype=-,excluded_chip,False,"chromatin immunoprecipitation (Anti-H3K27Ac-human antibod); not expression data, excluded per Kara 2026-10-06",Kara,2026-10-06
GSE120687,GSM3408282,"ST88 cell, BRD4  ChIP, sh HuR#1, number 3",library=ChIP-Seq; treatment=sh HuR; cell_type=NF1-derived MPNST; genotype=-,excluded_chip,False,"chromatin immunoprecipitation (Anti-BRD4 Antibody  Rabbit); not expression data, excluded per Kara 2026-10-06",Kara,2026-10-06
GSE120687,GSM3408283,"ST88 cell, BRD4  ChIP, sh HuR#1, number 2",library=ChIP-Seq; treatment=sh HuR; cell_type=NF1-derived MPNST; genotype=-,excluded_chip,False,"chromatin immunoprecipitation (Anti-BRD4 Antibody  Rabbit); not expression data, excluded per Kara 2026-10-06",Kara,2026-10-06
GSE120687,GSM3408284,"ST88 cell, BRD4  ChIP, sh HuR#1, number 1",library=ChIP-Seq; treatment=sh HuR; cell_type=NF1-derived MPNST; genotype=-,excluded_chip,False,"chromatin immunoprecipitation (Anti-BRD4 Antibody  Rabbit); not expression data, excluded per Kara 2026-10-06",Kara,2026-10-06
GSE120687,GSM3408285,"ST88 cell, BRD4  ChIP, sh Ctr, number 3",library=ChIP-Seq; treatment=sh Ctr; cell_type=NF1-derived MPNST; genotype=-,excluded_chip,False,"chromatin immunoprecipitation (Anti-BRD4 Antibody  Rabbit); not expression data, excluded per Kara 2026-10-06",Kara,2026-10-06
GSE120687,GSM3408286,"ST88 cell, BRD4  ChIP, sh Ctr, number 2",library=ChIP-Seq; treatment=sh Ctr; cell_type=NF1-derived MPNST; genotype=-,excluded_chip,False,"chromatin immunoprecipitation (Anti-BRD4 Antibody  Rabbit); not expression data, excluded per Kara 2026-10-06",Kara,2026-10-06
GSE120687,GSM3408287,"ST88 cell, BRD4  ChIP, sh Ctr, number 1",library=ChIP-Seq; treatment=sh Ctr; cell_type=NF1-derived MPNST; genotype=-,excluded_chip,False,"chromatin immunoprecipitation (Anti-BRD4 Antibody  Rabbit); not expression data, excluded per Kara 2026-10-06",Kara,2026-10-06
GSE120687,GSM3408288,"ST88 cell, BRD3  ChIP, sh HuR#1, number 3",library=ChIP-Seq; treatment=sh HuR; cell_type=NF1-derived MPNST; genotype=-,excluded_chip,False,"chromatin immunoprecipitation (Anti-BRD3  Rabbit polyclon); not expression data, excluded per Kara 2026-10-06",Kara,2026-10-06
GSE120687,GSM3408289,"ST88 cell, BRD3  ChIP, sh HuR#1, number 2",library=ChIP-Seq; treatment=sh HuR; cell_type=NF1-derived MPNST; genotype=-,excluded_chip,False,"chromatin immunoprecipitation (Anti-BRD3  Rabbit polyclon); not expression data, excluded per Kara 2026-10-06",Kara,2026-10-06
GSE120687,GSM3408290,"ST88 cell, BRD3  ChIP, sh HuR#1, number 1",library=ChIP-Seq; treatment=sh HuR; cell_type=NF1-derived MPNST; genotype=-,excluded_chip,False,"chromatin immunoprecipitation (Anti-BRD3  Rabbit polyclon); not expression data, excluded per Kara 2026-10-06",Kara,2026-10-06
GSE120687,GSM3408291,"ST88 cell, BRD3  ChIP, sh Ctr, number 3",library=ChIP-Seq; treatment=sh Ctr; cell_type=NF1-derived MPNST; genotype=-,excluded_chip,False,"chromatin immunoprecipitation (Anti-BRD3  Rabbit polyclon); not expression data, excluded per Kara 2026-10-06",Kara,2026-10-06
GSE120687,GSM3408292,"ST88 cell, BRD3  ChIP, sh Ctr, number 2",library=ChIP-Seq; treatment=sh Ctr; cell_type=NF1-derived MPNST; genotype=-,excluded_chip,False,"chromatin immunoprecipitation (Anti-BRD3  Rabbit polyclon); not expression data, excluded per Kara 2026-10-06",Kara,2026-10-06
GSE120687,GSM3408293,"ST88 cell, BRD3  ChIP, sh Ctr, number 1",library=ChIP-Seq; treatment=sh Ctr; cell_type=NF1-derived MPNST; genotype=-,excluded_chip,False,"chromatin immunoprecipitation (Anti-BRD3  Rabbit polyclon); not expression data, excluded per Kara 2026-10-06",Kara,2026-10-06
GSE120687,GSM3408294,"ST88 cell, BRD2  ChIP, sh HuR#1, number 3",library=ChIP-Seq; treatment=sh HuR; cell_type=NF1-derived MPNST; genotype=-,excluded_chip,False,"chromatin immunoprecipitation (Anti-BRD2  Rabbit polyclon); not expression data, excluded per Kara 2026-10-06",Kara,2026-10-06
GSE120687,GSM3408295,"ST88 cell, BRD2  ChIP, sh HuR#1, number 2",library=ChIP-Seq; treatment=sh HuR; cell_type=NF1-derived MPNST; genotype=-,excluded_chip,False,"chromatin immunoprecipitation (Anti-BRD2  Rabbit polyclon); not expression data, excluded per Kara 2026-10-06",Kara,2026-10-06
GSE120687,GSM3408296,"ST88 cell, BRD2  ChIP, sh HuR#1, number 1",library=ChIP-Seq; treatment=sh HuR; cell_type=NF1-derived MPNST; genotype=-,excluded_chip,False,"chromatin immunoprecipitation (Anti-BRD2  Rabbit polyclon); not expression data, excluded per Kara 2026-10-06",Kara,2026-10-06
GSE120687,GSM3408297,"ST88 cell, BRD2  ChIP, sh Ctr, number 3",library=ChIP-Seq; treatment=sh Ctr; cell_type=NF1-derived MPNST; genotype=-,excluded_chip,False,"chromatin immunoprecipitation (Anti-BRD2  Rabbit polyclon); not expression data, excluded per Kara 2026-10-06",Kara,2026-10-06
GSE120687,GSM3408298,"ST88 cell, BRD2  ChIP, sh Ctr, number 2",library=ChIP-Seq; treatment=sh Ctr; cell_type=NF1-derived MPNST; genotype=-,excluded_chip,False,"chromatin immunoprecipitation (Anti-BRD2  Rabbit polyclon); not expression data, excluded per Kara 2026-10-06",Kara,2026-10-06
GSE120687,GSM3408299,"ST88 cell, BRD2  ChIP, sh Ctr, number 1",library=ChIP-Seq; treatment=sh Ctr; cell_type=NF1-derived MPNST; genotype=-,excluded_chip,False,"chromatin immunoprecipitation (Anti-BRD2  Rabbit polyclon); not expression data, excluded per Kara 2026-10-06",Kara,2026-10-06
GSE207400,GSM6285494,Tumor Sample M1014,cell line=tumor cells; cell type=MPNST; genotype=NF1; Sex=F; disease state=MPNST_G1,case,True,"GEO per-sample genotype=NF1 (method of assignment not stated in Suppiah et al. 2023, PMC10172395)","agent, from GEO + source checks",2026-10-08
GSE207400,GSM6285495,Tumor Sample M1508,cell line=tumor cells; cell type=Low-Grade MPNST; genotype=NF1; Sex=M; disease state=PremalignantNF_G3,case,True,"GEO per-sample genotype=NF1 (method of assignment not stated in Suppiah et al. 2023, PMC10172395)","agent, from GEO + source checks",2026-10-08
GSE207400,GSM6285496,Tumor Sample M1677,cell line=tumor cells; cell type=MPNST; genotype=NF1; Sex=M; disease state=MPNST_G2,case,True,"GEO per-sample genotype=NF1 (method of assignment not stated in Suppiah et al. 2023, PMC10172395)","agent, from GEO + source checks",2026-10-08
GSE207400,GSM6285497,Tumor Sample M2252,cell line=tumor cells; cell type=MPNST; genotype=Sporadic; Sex=F; disease state=MPNST_G1,excluded_sporadic,False,GEO per-sample genotype=Sporadic; sporadic material is out of scope project-wide,"agent, from GEO + source checks",2026-10-08
GSE207400,GSM6285498,Tumor Sample M2297,cell line=tumor cells; cell type=Low-Grade MPNST; genotype=NF1; Sex=M; disease state=PremalignantNF_G3,case,True,"GEO per-sample genotype=NF1 (method of assignment not stated in Suppiah et al. 2023, PMC10172395)","agent, from GEO + source checks",2026-10-08
GSE207400,GSM6285499,Tumor Sample M2325,cell line=tumor cells; cell type=MPNST; genotype=Sporadic; Sex=F; disease state=MPNST_G2,excluded_sporadic,False,GEO per-sample genotype=Sporadic; sporadic material is out of scope project-wide,"agent, from GEO + source checks",2026-10-08
GSE207400,GSM6285500,Tumor Sample M2346,cell line=tumor cells; cell type=MPNST; genotype=NF1; Sex=M; disease state=MPNST_G1,case,True,"GEO per-sample genotype=NF1 (method of assignment not stated in Suppiah et al. 2023, PMC10172395)","agent, from GEO + source checks",2026-10-08
GSE207400,GSM6285501,Tumor Sample M2372,cell line=tumor cells; cell type=MPNST; genotype=Sporadic; Sex=F; disease state=MPNST_G1,excluded_sporadic,False,GEO per-sample genotype=Sporadic; sporadic material is out of scope project-wide,"agent, from GEO + source checks",2026-10-08
GSE207400,GSM6285502,Tumor Sample M2377,cell line=tumor cells; cell type=MPNST; genotype=NF1; Sex=M; disease state=MPNST_G2,case,True,"GEO per-sample genotype=NF1 (method of assignment not stated in Suppiah et al. 2023, PMC10172395)","agent, from GEO + source checks",2026-10-08
GSE207400,GSM6285503,Tumor Sample M2491,cell line=tumor cells; cell type=MPNST; genotype=NF1; Sex=M; disease state=MPNST_G2,case,True,"GEO per-sample genotype=NF1 (method of assignment not stated in Suppiah et al. 2023, PMC10172395)","agent, from GEO + source checks",2026-10-08
GSE207400,GSM6285504,Tumor Sample M3048,cell line=tumor cells; cell type=MPNST; genotype=NF1; Sex=M; disease state=MPNST_G1,case,True,"GEO per-sample genotype=NF1 (method of assignment not stated in Suppiah et al. 2023, PMC10172395)","agent, from GEO + source checks",2026-10-08
GSE207400,GSM6285505,Tumor Sample M4719,cell line=tumor cells; cell type=MPNST; genotype=NF1; Sex=M; disease state=MPNST_G2,case,True,"GEO per-sample genotype=NF1 (method of assignment not stated in Suppiah et al. 2023, PMC10172395)","agent, from GEO + source checks",2026-10-08
GSE207400,GSM6285506,Tumor Sample M803,cell line=tumor cells; cell type=MPNST; genotype=Sporadic; Sex=M; disease state=MPNST_G1,excluded_sporadic,False,GEO per-sample genotype=Sporadic; sporadic material is out of scope project-wide,"agent, from GEO + source checks",2026-10-08
GSE207400,GSM6285507,Tumor Sample M9413,cell line=tumor cells; cell type=MPNST; genotype=NF1; Sex=M; disease state=MPNST_G2,case,True,"GEO per-sample genotype=NF1 (method of assignment not stated in Suppiah et al. 2023, PMC10172395)","agent, from GEO + source checks",2026-10-08
GSE207400,GSM6285508,Tumor Sample NF1059,cell line=tumor cells; cell type=Neurofibroma; genotype=NF1; Sex=F; disease state=Benign_NF-G4,case,True,"GEO per-sample genotype=NF1 (method of assignment not stated in Suppiah et al. 2023, PMC10172395)","agent, from GEO + source checks",2026-10-08
GSE207400,GSM6285509,Tumor Sample NF1083,cell line=tumor cells; cell type=Atypical_NF; genotype=Sporadic; Sex=F; disease state=PremalignantNF_G3,excluded_sporadic,False,GEO per-sample genotype=Sporadic; sporadic material is out of scope project-wide,"agent, from GEO + source checks",2026-10-08
GSE207400,GSM6285510,Tumor Sample NF1117,cell line=tumor cells; cell type=Atypical_NF; genotype=NF1; Sex=F; disease state=PremalignantNF_G3,case,True,"GEO per-sample genotype=NF1 (method of assignment not stated in Suppiah et al. 2023, PMC10172395)","agent, from GEO + source checks",2026-10-08
GSE207400,GSM6285511,Tumor Sample NF1301,cell line=tumor cells; cell type=Neurofibroma; genotype=Sporadic; Sex=M; disease state=Benign_NF-G4,excluded_sporadic,False,GEO per-sample genotype=Sporadic; sporadic material is out of scope project-wide,"agent, from GEO + source checks",2026-10-08
GSE207400,GSM6285512,Tumor Sample NF1349,cell line=tumor cells; cell type=Atypical_NF; genotype=NF1; Sex=F; disease state=PremalignantNF_G3,case,True,"GEO per-sample genotype=NF1 (method of assignment not stated in Suppiah et al. 2023, PMC10172395)","agent, from GEO + source checks",2026-10-08
GSE207400,GSM6285513,Tumor Sample NF1377,cell line=tumor cells; cell type=Neurofibroma; genotype=Sporadic; Sex=F; disease state=PremalignantNF_G3,excluded_sporadic,False,GEO per-sample genotype=Sporadic; sporadic material is out of scope project-wide,"agent, from GEO + source checks",2026-10-08
GSE207400,GSM6285514,Tumor Sample NF1397,cell line=tumor cells; cell type=Neurofibroma; genotype=Sporadic; Sex=F; disease state=Sporadic Spinal NF_G5,excluded_sporadic,False,GEO per-sample genotype=Sporadic; sporadic material is out of scope project-wide,"agent, from GEO + source checks",2026-10-08
GSE207400,GSM6285515,Tumor Sample NF1467,cell line=tumor cells; cell type=Neurofibroma; genotype=Sporadic; Sex=F; disease state=PremalignantNF_G3,excluded_sporadic,False,GEO per-sample genotype=Sporadic; sporadic material is out of scope project-wide,"agent, from GEO + source checks",2026-10-08
GSE207400,GSM6285516,Tumor Sample NF1537,cell line=tumor cells; cell type=Neurofibroma; genotype=NF1; Sex=M; disease state=Benign_NF-G4,case,True,"GEO per-sample genotype=NF1 (method of assignment not stated in Suppiah et al. 2023, PMC10172395)","agent, from GEO + source checks",2026-10-08
GSE207400,GSM6285517,Tumor Sample NF1547,cell line=tumor cells; cell type=Neurofibroma; genotype=Sporadic; Sex=M; disease state=Sporadic Spinal NF_G5,excluded_sporadic,False,GEO per-sample genotype=Sporadic; sporadic material is out of scope project-wide,"agent, from GEO + source checks",2026-10-08
GSE207400,GSM6285518,Tumor Sample NF1682,cell line=tumor cells; cell type=Neurofibroma; genotype=Sporadic; Sex=F; disease state=Benign_NF-G4,excluded_sporadic,False,GEO per-sample genotype=Sporadic; sporadic material is out of scope project-wide,"agent, from GEO + source checks",2026-10-08
GSE207400,GSM6285519,Tumor Sample NF1693,cell line=tumor cells; cell type=Neurofibroma; genotype=NF1; Sex=M; disease state=Benign_NF-G4,case,True,"GEO per-sample genotype=NF1 (method of assignment not stated in Suppiah et al. 2023, PMC10172395)","agent, from GEO + source checks",2026-10-08
GSE207400,GSM6285520,Tumor Sample NF1783,cell line=tumor cells; cell type=Atypical_NF; genotype=NF1; Sex=F; disease state=PremalignantNF_G3,case,True,"GEO per-sample genotype=NF1 (method of assignment not stated in Suppiah et al. 2023, PMC10172395)","agent, from GEO + source checks",2026-10-08
GSE207400,GSM6285521,Tumor Sample NF1799,cell line=tumor cells; cell type=Atypical_NF; genotype=NF1; Sex=F; disease state=PremalignantNF_G3,case,True,"GEO per-sample genotype=NF1 (method of assignment not stated in Suppiah et al. 2023, PMC10172395)","agent, from GEO + source checks",2026-10-08
GSE207400,GSM6285522,Tumor Sample NF1847,cell line=tumor cells; cell type=Neurofibroma; genotype=NF1; Sex=M; disease state=Benign_NF-G4,case,True,"GEO per-sample genotype=NF1 (method of assignment not stated in Suppiah et al. 2023, PMC10172395)","agent, from GEO + source checks",2026-10-08
GSE207400,GSM6285523,Tumor Sample NF1856,cell line=tumor cells; cell type=Atypical_NF; genotype=Sporadic; Sex=F; disease state=PremalignantNF_G3,excluded_sporadic,False,GEO per-sample genotype=Sporadic; sporadic material is out of scope project-wide,"agent, from GEO + source checks",2026-10-08
GSE207400,GSM6285524,Tumor Sample NF1886,cell line=tumor cells; cell type=Neurofibroma; genotype=Sporadic; Sex=F; disease state=PremalignantNF_G3,excluded_sporadic,False,GEO per-sample genotype=Sporadic; sporadic material is out of scope project-wide,"agent, from GEO + source checks",2026-10-08
GSE207400,GSM6285525,Tumor Sample NF1890,cell line=tumor cells; cell type=Neurofibroma; genotype=Sporadic; Sex=F; disease state=Sporadic Spinal NF_G5,excluded_sporadic,False,GEO per-sample genotype=Sporadic; sporadic material is out of scope project-wide,"agent, from GEO + source checks",2026-10-08
GSE207400,GSM6285526,Tumor Sample NF1901,cell line=tumor cells; cell type=Atypical_NF; genotype=NF1; Sex=F; disease state=PremalignantNF_G3,case,True,"GEO per-sample genotype=NF1 (method of assignment not stated in Suppiah et al. 2023, PMC10172395)","agent, from GEO + source checks",2026-10-08
GSE207400,GSM6285527,Tumor Sample NF2130,cell line=tumor cells; cell type=Atypical_NF; genotype=NF1; Sex=M; disease state=PremalignantNF_G3,case,True,"GEO per-sample genotype=NF1 (method of assignment not stated in Suppiah et al. 2023, PMC10172395)","agent, from GEO + source checks",2026-10-08
GSE207400,GSM6285528,Tumor Sample NF2166,cell line=tumor cells; cell type=Neurofibroma; genotype=NF1; Sex=M; disease state=Benign_NF-G4,case,True,"GEO per-sample genotype=NF1 (method of assignment not stated in Suppiah et al. 2023, PMC10172395)","agent, from GEO + source checks",2026-10-08
GSE207400,GSM6285529,Tumor Sample NF2179,cell line=tumor cells; cell type=Atypical_NF; genotype=NF1; Sex=F; disease state=PremalignantNF_G3,case,True,"GEO per-sample genotype=NF1 (method of assignment not stated in Suppiah et al. 2023, PMC10172395)","agent, from GEO + source checks",2026-10-08
GSE207400,GSM6285530,Tumor Sample NF2300,cell line=tumor cells; cell type=Neurofibroma; genotype=Sporadic; Sex=M; disease state=Sporadic Spinal NF_G5,excluded_sporadic,False,GEO per-sample genotype=Sporadic; sporadic material is out of scope project-wide,"agent, from GEO + source checks",2026-10-08
GSE207400,GSM6285531,Tumor Sample NF2314,cell line=tumor cells; cell type=Neurofibroma; genotype=Sporadic; Sex=F; disease state=Sporadic Spinal NF_G5,excluded_sporadic,False,GEO per-sample genotype=Sporadic; sporadic material is out of scope project-wide,"agent, from GEO + source checks",2026-10-08
GSE207400,GSM6285532,Tumor Sample NF2401,cell line=tumor cells; cell type=Atypical_NF; genotype=NF1; Sex=F; disease state=PremalignantNF_G3,case,True,"GEO per-sample genotype=NF1 (method of assignment not stated in Suppiah et al. 2023, PMC10172395)","agent, from GEO + source checks",2026-10-08
GSE207400,GSM6285533,Tumor Sample NF2414,cell line=tumor cells; cell type=Neurofibroma; genotype=Sporadic; Sex=M; disease state=Sporadic Spinal NF_G5,excluded_sporadic,False,GEO per-sample genotype=Sporadic; sporadic material is out of scope project-wide,"agent, from GEO + source checks",2026-10-08
GSE207400,GSM6285534,Tumor Sample NF2474,cell line=tumor cells; cell type=Neurofibroma; genotype=NF1; Sex=F; disease state=Benign_NF-G4,case,True,"GEO per-sample genotype=NF1 (method of assignment not stated in Suppiah et al. 2023, PMC10172395)","agent, from GEO + source checks",2026-10-08
GSE207400,GSM6285535,Tumor Sample NF2525,cell line=tumor cells; cell type=Neurofibroma; genotype=Sporadic; Sex=F; disease state=Sporadic Spinal NF_G5,excluded_sporadic,False,GEO per-sample genotype=Sporadic; sporadic material is out of scope project-wide,"agent, from GEO + source checks",2026-10-08
GSE207400,GSM6285536,Tumor Sample NF2797,cell line=tumor cells; cell type=Atypical_NF; genotype=NF1; Sex=M; disease state=PremalignantNF_G3,case,True,"GEO per-sample genotype=NF1 (method of assignment not stated in Suppiah et al. 2023, PMC10172395)","agent, from GEO + source checks",2026-10-08
GSE207400,GSM6285537,Tumor Sample NF3011,cell line=tumor cells; cell type=Neurofibroma; genotype=NF1; Sex=M; disease state=Benign_NF-G4,case,True,"GEO per-sample genotype=NF1 (method of assignment not stated in Suppiah et al. 2023, PMC10172395)","agent, from GEO + source checks",2026-10-08
GSE207400,GSM6285538,Tumor Sample NF3175,cell line=tumor cells; cell type=Atypical_NF; genotype=Sporadic; Sex=M; disease state=Sporadic Spinal NF_G5,excluded_sporadic,False,GEO per-sample genotype=Sporadic; sporadic material is out of scope project-wide,"agent, from GEO + source checks",2026-10-08
GSE207400,GSM6285539,Tumor Sample NF453,cell line=tumor cells; cell type=Atypical_NF; genotype=Sporadic; Sex=M; disease state=PremalignantNF_G3,excluded_sporadic,False,GEO per-sample genotype=Sporadic; sporadic material is out of scope project-wide,"agent, from GEO + source checks",2026-10-08
GSE207400,GSM6285540,Tumor Sample NF882,cell line=tumor cells; cell type=Neurofibroma; genotype=Sporadic; Sex=M; disease state=Sporadic Spinal NF_G5,excluded_sporadic,False,GEO per-sample genotype=Sporadic; sporadic material is out of scope project-wide,"agent, from GEO + source checks",2026-10-08
GSE207400,GSM6285541,Tumor Sample NF990,cell line=tumor cells; cell type=Atypical_NF; genotype=Sporadic; Sex=F; disease state=PremalignantNF_G3,excluded_sporadic,False,GEO per-sample genotype=Sporadic; sporadic material is out of scope project-wide,"agent, from GEO + source checks",2026-10-08
GSE66743,GSM1631274,Patient 20 MPNST,patient id=Patient 20; gender=female; age at diagnosis=19 years; status of disease 5 years=Alive; hereditary status=Neurofibromatosis type 1; tissue type analyzed=primary tumor,case,True,GEO per-sample hereditary status = Neurofibromatosis type 1,"agent, from GEO + source checks",2026-10-08
GSE66743,GSM1631275,Patient 24 MPNST,patient id=Patient 24; gender=male; age at diagnosis=41 years; status of disease 5 years=Alive; hereditary status=Neurofibromatosis type 1; tissue type analyzed=primary tumor,case,True,GEO per-sample hereditary status = Neurofibromatosis type 1,"agent, from GEO + source checks",2026-10-08
GSE66743,GSM1631276,Patient 26 MPNST,patient id=Patient 26; gender=male; age at diagnosis=22 years; status of disease 5 years=Dead of disease 20 months; hereditary status=Sporadic; tissue type analyzed=primary tumor,excluded_sporadic,False,GEO per-sample hereditary status = Sporadic,"agent, from GEO + source checks",2026-10-08
GSE66743,GSM1631277,Patient 29 MPNST,patient id=Patient 29; gender=male; age at diagnosis=33 years; status of disease 5 years=Dead of disease 14 months; hereditary status=Neurofibromatosis type 1; tissue type analyzed=primary tumor,case,True,GEO per-sample hereditary status = Neurofibromatosis type 1,"agent, from GEO + source checks",2026-10-08
GSE66743,GSM1631278,Patient 32 MPNST,patient id=Patient 32; gender=female; age at diagnosis=77 years; status of disease 5 years=Dead of disease 12 months; hereditary status=Sporadic; tissue type analyzed=primary tumor,excluded_sporadic,False,GEO per-sample hereditary status = Sporadic,"agent, from GEO + source checks",2026-10-08
GSE66743,GSM1631279,Patient 34 MPNST,patient id=Patient 34; gender=male; age at diagnosis=15 years; status of disease 5 years=Alive; hereditary status=Neurofibromatosis type 1; tissue type analyzed=primary tumor,case,True,GEO per-sample hereditary status = Neurofibromatosis type 1,"agent, from GEO + source checks",2026-10-08
GSE66743,GSM1631280,Patient 35 MPNST,patient id=Patient 35; gender=male; age at diagnosis=42 years; status of disease 5 years=Dead of disease 12 months; hereditary status=Sporadic; tissue type analyzed=primary tumor,excluded_sporadic,False,GEO per-sample hereditary status = Sporadic,"agent, from GEO + source checks",2026-10-08
GSE66743,GSM1631281,Patient 37 MPNST,patient id=Patient 37; gender=female; age at diagnosis=33 years; status of disease 5 years=Dead of disease 16 months; hereditary status=Neurofibromatosis type 1; tissue type analyzed=primary tumor,case,True,GEO per-sample hereditary status = Neurofibromatosis type 1,"agent, from GEO + source checks",2026-10-08
GSE66743,GSM1631282,Patient 38 MPNST,patient id=Patient 38; gender=female; age at diagnosis=70 years; status of disease 5 years=Alive; hereditary status=Neurofibromatosis type 1; tissue type analyzed=primary tumor,case,True,GEO per-sample hereditary status = Neurofibromatosis type 1,"agent, from GEO + source checks",2026-10-08
GSE66743,GSM1631283,Patient 40 MPNST,patient id=Patient 40; gender=female; age at diagnosis=50 years; status of disease 5 years=Alive; hereditary status=Sporadic; tissue type analyzed=primary tumor,excluded_sporadic,False,GEO per-sample hereditary status = Sporadic,"agent, from GEO + source checks",2026-10-08
GSE66743,GSM1631284,Patient 43 MPNST,patient id=Patient 43; gender=male; age at diagnosis=14 years; status of disease 5 years=Alive; hereditary status=Neurofibromatosis type 1; tissue type analyzed=primary tumor,case,True,GEO per-sample hereditary status = Neurofibromatosis type 1,"agent, from GEO + source checks",2026-10-08
GSE66743,GSM1631285,Patient 44 MPNST,patient id=Patient 44; gender=male; age at diagnosis=17 years; status of disease 5 years=Dead of disease 5 months; hereditary status=Neurofibromatosis type 1; tissue type analyzed=primary tumor,case,True,GEO per-sample hereditary status = Neurofibromatosis type 1,"agent, from GEO + source checks",2026-10-08
GSE66743,GSM1631286,Patient 46 MPNST,patient id=Patient 46; gender=male; age at diagnosis=45 years; status of disease 5 years=Alive; hereditary status=Neurofibromatosis type 1; tissue type analyzed=recurrence,case,True,GEO per-sample hereditary status = Neurofibromatosis type 1,"agent, from GEO + source checks",2026-10-08
GSE66743,GSM1631287,Patient 48 MPNST,patient id=Patient 48; gender=female; age at diagnosis=35 years; status of disease 5 years=Dead of disease 11 months; hereditary status=Neurofibromatosis type 1; tissue type analyzed=primary tumor,case,True,GEO per-sample hereditary status = Neurofibromatosis type 1,"agent, from GEO + source checks",2026-10-08
GSE66743,GSM1631288,Patient 49 MPNST,patient id=Patient 49; gender=male; age at diagnosis=27 years; status of disease 5 years=Alive; hereditary status=Sporadic; tissue type analyzed=primary tumor,excluded_sporadic,False,GEO per-sample hereditary status = Sporadic,"agent, from GEO + source checks",2026-10-08
GSE66743,GSM1631289,Patient 50 MPNST,patient id=Patient 50; gender=male; age at diagnosis=30 years; status of disease 5 years=Alive; hereditary status=Sporadic; tissue type analyzed=primary tumor,excluded_sporadic,False,GEO per-sample hereditary status = Sporadic,"agent, from GEO + source checks",2026-10-08
GSE66743,GSM1631290,Patient 51 MPNST,patient id=Patient 51; gender=female; age at diagnosis=73 years; status of disease 5 years=Dead of disease 8 months; hereditary status=Sporadic; tissue type analyzed=primary tumor,excluded_sporadic,False,GEO per-sample hereditary status = Sporadic,"agent, from GEO + source checks",2026-10-08
GSE66743,GSM1631291,Patient 52 MPNST,patient id=Patient 52; gender=female; age at diagnosis=36 years; status of disease 5 years=Alive; hereditary status=Sporadic; tissue type analyzed=primary tumor,excluded_sporadic,False,GEO per-sample hereditary status = Sporadic,"agent, from GEO + source checks",2026-10-08
GSE66743,GSM1631292,Patient 53 MPNST,patient id=Patient 53; gender=female; age at diagnosis=15 years; status of disease 5 years=Dead of disease 19 months; hereditary status=Neurofibromatosis type 1; tissue type analyzed=primary tumor,case,True,GEO per-sample hereditary status = Neurofibromatosis type 1,"agent, from GEO + source checks",2026-10-08
GSE66743,GSM1631293,Patient 56 MPNST,patient id=Patient 56; gender=male; age at diagnosis=24 years; status of disease 5 years=Alive; hereditary status=Neurofibromatosis type 1; tissue type analyzed=primary tumor,case,True,GEO per-sample hereditary status = Neurofibromatosis type 1,"agent, from GEO + source checks",2026-10-08
GSE66743,GSM1631294,Patient 57 MPNST,patient id=Patient 57; gender=female; age at diagnosis=24 years; status of disease 5 years=Dead of disease 32 months; hereditary status=Neurofibromatosis type 1; tissue type analyzed=primary tumor,case,True,GEO per-sample hereditary status = Neurofibromatosis type 1,"agent, from GEO + source checks",2026-10-08
GSE66743,GSM1631295,Patient 58 MPNST,patient id=Patient 58; gender=female; age at diagnosis=26 years; status of disease 5 years=Alive with disease 10 months; hereditary status=Neurofibromatosis type 1; tissue type analyzed=primary tumor,case,True,GEO per-sample hereditary status = Neurofibromatosis type 1,"agent, from GEO + source checks",2026-10-08
GSE66743,GSM1631296,Patient 60 MPNST,patient id=Patient 60; gender=male; age at diagnosis=20 years; status of disease 5 years=Alive; hereditary status=Neurofibromatosis type 1; tissue type analyzed=recurrence,case,True,GEO per-sample hereditary status = Neurofibromatosis type 1,"agent, from GEO + source checks",2026-10-08
GSE66743,GSM1631297,Patient 61 MPNST,patient id=Patient 61; gender=female; age at diagnosis=59 years; status of disease 5 years=Alive; hereditary status=Sporadic; tissue type analyzed=primary tumor,excluded_sporadic,False,GEO per-sample hereditary status = Sporadic,"agent, from GEO + source checks",2026-10-08
GSE66743,GSM1631298,Patient 91 MPNST,patient id=Patient 91; gender=female; age at diagnosis=45 years; status of disease 5 years=Alive; hereditary status=Sporadic; tissue type analyzed=primary tumor,excluded_sporadic,False,GEO per-sample hereditary status = Sporadic,"agent, from GEO + source checks",2026-10-08
GSE66743,GSM1631299,Patient 96 MPNST,patient id=Patient 96; gender=female; age at diagnosis=14 years; status of disease 5 years=ND; hereditary status=Neurofibromatosis type 1; tissue type analyzed=primary tumor,case,True,GEO per-sample hereditary status = Neurofibromatosis type 1,"agent, from GEO + source checks",2026-10-08
GSE66743,GSM1631300,Patient 116 MPNST,patient id=Patient 116; gender=female; age at diagnosis=30 years; status of disease 5 years=Alive; hereditary status=Neurofibromatosis type 1; tissue type analyzed=primary tumor,case,True,GEO per-sample hereditary status = Neurofibromatosis type 1,"agent, from GEO + source checks",2026-10-08
GSE66743,GSM1631301,Patient 117 MPNST,patient id=Patient 117; gender=male; age at diagnosis=79 years; status of disease 5 years=Dead other cause 6 months; hereditary status=Sporadic; tissue type analyzed=primary tumor,excluded_sporadic,False,GEO per-sample hereditary status = Sporadic,"agent, from GEO + source checks",2026-10-08
GSE66743,GSM1631302,Patient 119 MPNST,patient id=Patient 119; gender=male; age at diagnosis=54 years; status of disease 5 years=Alive; hereditary status=Sporadic; tissue type analyzed=primary tumor,excluded_sporadic,False,GEO per-sample hereditary status = Sporadic,"agent, from GEO + source checks",2026-10-08
GSE66743,GSM1631303,Patient 120 MPNST,patient id=Patient 120; gender=female; age at diagnosis=32 years; status of disease 5 years=Dead of disease 53 months; hereditary status=Sporadic; tissue type analyzed=metastasis,excluded_sporadic,False,GEO per-sample hereditary status = Sporadic,"agent, from GEO + source checks",2026-10-08
GSE66743,GSM1631304,Patient  neurofibroma [NF_020],patient id=patient 020; gender=female; hereditary status=Neurofibromatosis type 1; tissue type analyzed=dermal neurofibroma,case,True,GEO per-sample hereditary status = Neurofibromatosis type 1,"agent, from GEO + source checks",2026-10-08
GSE66743,GSM1631305,Patient  neurofibroma [NF_029],patient id=patient 029; gender=male; hereditary status=Neurofibromatosis type 1; tissue type analyzed=dermal neurofibroma,case,True,GEO per-sample hereditary status = Neurofibromatosis type 1,"agent, from GEO + source checks",2026-10-08
GSE66743,GSM1631306,Patient  neurofibroma [NF_037],patient id=patient 037; gender=female; hereditary status=Neurofibromatosis type 1; tissue type analyzed=dermal neurofibroma,case,True,GEO per-sample hereditary status = Neurofibromatosis type 1,"agent, from GEO + source checks",2026-10-08
GSE66743,GSM1631307,Patient  neurofibroma [NF_043],patient id=patient 043; gender=male; hereditary status=Neurofibromatosis type 1; tissue type analyzed=dermal neurofibroma,case,True,GEO per-sample hereditary status = Neurofibromatosis type 1,"agent, from GEO + source checks",2026-10-08
GSE66743,GSM1631308,Patient  neurofibroma [NF_044],patient id=patient 044; gender=male; hereditary status=Neurofibromatosis type 1; tissue type analyzed=dermal neurofibroma,case,True,GEO per-sample hereditary status = Neurofibromatosis type 1,"agent, from GEO + source checks",2026-10-08
GSE66743,GSM1631309,Patient  neurofibroma [NF_100],patient id=patient 100; gender=female; hereditary status=Neurofibromatosis type 1; tissue type analyzed=dermal neurofibroma,case,True,GEO per-sample hereditary status = Neurofibromatosis type 1,"agent, from GEO + source checks",2026-10-08
GSE66743,GSM1631310,Patient  neurofibroma [NF_111],patient id=patient 111; gender=female; hereditary status=Neurofibromatosis type 1; tissue type analyzed=plexiform neurofibroma,case,True,GEO per-sample hereditary status = Neurofibromatosis type 1,"agent, from GEO + source checks",2026-10-08
GSE66743,GSM1631311,Patient  neurofibroma [NF_114],patient id=patient 114; gender=male; hereditary status=Neurofibromatosis type 1; tissue type analyzed=dermal neurofibroma,case,True,GEO per-sample hereditary status = Neurofibromatosis type 1,"agent, from GEO + source checks",2026-10-08
GSE292071,GSM8848407,SCHW001-P2_,tissue=Schwannoma; tissue type=tumor,case,True,"Patient SCHW001, Table S1 (Genome Medicine 2025, PMC11992879, Additional file 1): NF2-SWN","agent, from GEO + source checks",2026-10-08
GSE292071,GSM8848408,SCHW001-P5_,tissue=Schwannoma; tissue type=tumor,case,True,"Patient SCHW001, Table S1 (Genome Medicine 2025, PMC11992879, Additional file 1): NF2-SWN","agent, from GEO + source checks",2026-10-08
GSE292071,GSM8848409,SCHW001-P6_,tissue=Schwannoma; tissue type=tumor,case,True,"Patient SCHW001, Table S1 (Genome Medicine 2025, PMC11992879, Additional file 1): NF2-SWN","agent, from GEO + source checks",2026-10-08
GSE292071,GSM8848410,SCHW001-P7_,tissue=Schwannoma; tissue type=tumor,case,True,"Patient SCHW001, Table S1 (Genome Medicine 2025, PMC11992879, Additional file 1): NF2-SWN","agent, from GEO + source checks",2026-10-08
GSE292071,GSM8848411,SCHW2_P1_,tissue=Schwannoma; tissue type=tumor,case,True,"Patient SCHW2, Table S1 (Genome Medicine 2025, PMC11992879, Additional file 1): SWN","agent, from GEO + source checks",2026-10-08
GSE292071,GSM8848412,SCHW2_P10_,tissue=Schwannoma; tissue type=tumor,case,True,"Patient SCHW2, Table S1 (Genome Medicine 2025, PMC11992879, Additional file 1): SWN","agent, from GEO + source checks",2026-10-08
GSE292071,GSM8848413,SCHW2_P11_,tissue=Schwannoma; tissue type=tumor,case,True,"Patient SCHW2, Table S1 (Genome Medicine 2025, PMC11992879, Additional file 1): SWN","agent, from GEO + source checks",2026-10-08
GSE292071,GSM8848414,SCHW2_P12_,tissue=Schwannoma; tissue type=tumor,case,True,"Patient SCHW2, Table S1 (Genome Medicine 2025, PMC11992879, Additional file 1): SWN","agent, from GEO + source checks",2026-10-08
GSE292071,GSM8848415,SCHW2_P3_,tissue=Schwannoma; tissue type=tumor,case,True,"Patient SCHW2, Table S1 (Genome Medicine 2025, PMC11992879, Additional file 1): SWN","agent, from GEO + source checks",2026-10-08
GSE292071,GSM8848416,SCHW2_P5_,tissue=Schwannoma; tissue type=tumor,case,True,"Patient SCHW2, Table S1 (Genome Medicine 2025, PMC11992879, Additional file 1): SWN","agent, from GEO + source checks",2026-10-08
GSE292071,GSM8848417,SCHW2_P6_,tissue=Schwannoma; tissue type=tumor,case,True,"Patient SCHW2, Table S1 (Genome Medicine 2025, PMC11992879, Additional file 1): SWN","agent, from GEO + source checks",2026-10-08
GSE292071,GSM8848418,SCHW2_P7_,tissue=Schwannoma; tissue type=tumor,case,True,"Patient SCHW2, Table S1 (Genome Medicine 2025, PMC11992879, Additional file 1): SWN","agent, from GEO + source checks",2026-10-08
GSE292071,GSM8848419,SCHW2_P8_,tissue=Schwannoma; tissue type=tumor,case,True,"Patient SCHW2, Table S1 (Genome Medicine 2025, PMC11992879, Additional file 1): SWN","agent, from GEO + source checks",2026-10-08
GSE292071,GSM8848420,SCHW2_P9_,tissue=Schwannoma; tissue type=tumor,case,True,"Patient SCHW2, Table S1 (Genome Medicine 2025, PMC11992879, Additional file 1): SWN","agent, from GEO + source checks",2026-10-08
GSE292071,GSM8848421,SCHW3_P1_,tissue=Schwannoma; tissue type=tumor,case,True,"Patient SCHW3, Table S1 (Genome Medicine 2025, PMC11992879, Additional file 1): SWN","agent, from GEO + source checks",2026-10-08
GSE292071,GSM8848422,SCHW3_P2_,tissue=Schwannoma; tissue type=tumor,case,True,"Patient SCHW3, Table S1 (Genome Medicine 2025, PMC11992879, Additional file 1): SWN","agent, from GEO + source checks",2026-10-08
GSE292071,GSM8848423,SCHW4_P1_,tissue=Schwannoma; tissue type=tumor,case,True,"Patient SCHW4, Table S1 (Genome Medicine 2025, PMC11992879, Additional file 1): NF2-SWN","agent, from GEO + source checks",2026-10-08
GSE292071,GSM8848424,SCHW4_P2_,tissue=Schwannoma; tissue type=tumor,case,True,"Patient SCHW4, Table S1 (Genome Medicine 2025, PMC11992879, Additional file 1): NF2-SWN","agent, from GEO + source checks",2026-10-08
GSE292071,GSM8848425,SCHW4_P3_,tissue=Schwannoma; tissue type=tumor,case,True,"Patient SCHW4, Table S1 (Genome Medicine 2025, PMC11992879, Additional file 1): NF2-SWN","agent, from GEO + source checks",2026-10-08
GSE292071,GSM8848426,SCHW4_P4_,tissue=Schwannoma; tissue type=tumor,case,True,"Patient SCHW4, Table S1 (Genome Medicine 2025, PMC11992879, Additional file 1): NF2-SWN","agent, from GEO + source checks",2026-10-08
GSE292071,GSM8848427,SCHW4_P5_,tissue=Schwannoma; tissue type=tumor,case,True,"Patient SCHW4, Table S1 (Genome Medicine 2025, PMC11992879, Additional file 1): NF2-SWN","agent, from GEO + source checks",2026-10-08
GSE292071,GSM8848428,SCHW4_P6_,tissue=Schwannoma; tissue type=tumor,case,True,"Patient SCHW4, Table S1 (Genome Medicine 2025, PMC11992879, Additional file 1): NF2-SWN","agent, from GEO + source checks",2026-10-08
GSE292071,GSM8848429,SCHW4_P7_,tissue=Schwannoma; tissue type=tumor,case,True,"Patient SCHW4, Table S1 (Genome Medicine 2025, PMC11992879, Additional file 1): NF2-SWN","agent, from GEO + source checks",2026-10-08
GSE292071,GSM8848430,SCHW4_P8_,tissue=Schwannoma; tissue type=tumor,case,True,"Patient SCHW4, Table S1 (Genome Medicine 2025, PMC11992879, Additional file 1): NF2-SWN","agent, from GEO + source checks",2026-10-08
GSE292071,GSM8848431,SCHW5_P1_,tissue=Schwannoma; tissue type=tumor,case,True,"Patient SCHW5, Table S1 (Genome Medicine 2025, PMC11992879, Additional file 1): NF2-SWN","agent, from GEO + source checks",2026-10-08
GSE292071,GSM8848432,SCHW5_P10_,tissue=Schwannoma; tissue type=tumor,case,True,"Patient SCHW5, Table S1 (Genome Medicine 2025, PMC11992879, Additional file 1): NF2-SWN","agent, from GEO + source checks",2026-10-08
GSE292071,GSM8848433,SCHW5_P2_,tissue=Schwannoma; tissue type=tumor,case,True,"Patient SCHW5, Table S1 (Genome Medicine 2025, PMC11992879, Additional file 1): NF2-SWN","agent, from GEO + source checks",2026-10-08
GSE292071,GSM8848434,SCHW5_P4_,tissue=Schwannoma; tissue type=tumor,case,True,"Patient SCHW5, Table S1 (Genome Medicine 2025, PMC11992879, Additional file 1): NF2-SWN","agent, from GEO + source checks",2026-10-08
GSE292071,GSM8848435,SCHW5_P5_,tissue=Schwannoma; tissue type=tumor,case,True,"Patient SCHW5, Table S1 (Genome Medicine 2025, PMC11992879, Additional file 1): NF2-SWN","agent, from GEO + source checks",2026-10-08
GSE292071,GSM8848436,SCHW5_P6_,tissue=Schwannoma; tissue type=tumor,case,True,"Patient SCHW5, Table S1 (Genome Medicine 2025, PMC11992879, Additional file 1): NF2-SWN","agent, from GEO + source checks",2026-10-08
GSE292071,GSM8848437,SCHW5_P7_,tissue=Schwannoma; tissue type=tumor,case,True,"Patient SCHW5, Table S1 (Genome Medicine 2025, PMC11992879, Additional file 1): NF2-SWN","agent, from GEO + source checks",2026-10-08
GSE292071,GSM8848438,SCHW5_P8_,tissue=Schwannoma; tissue type=tumor,case,True,"Patient SCHW5, Table S1 (Genome Medicine 2025, PMC11992879, Additional file 1): NF2-SWN","agent, from GEO + source checks",2026-10-08
GSE292071,GSM8848439,SCHW5_P9_,tissue=Schwannoma; tissue type=tumor,case,True,"Patient SCHW5, Table S1 (Genome Medicine 2025, PMC11992879, Additional file 1): NF2-SWN","agent, from GEO + source checks",2026-10-08
GSE292071,GSM8848440,SCHW6_P1_,tissue=Schwannoma; tissue type=tumor,case,True,"Patient SCHW6, Table S1 (Genome Medicine 2025, PMC11992879, Additional file 1): NF2-SWN","agent, from GEO + source checks",2026-10-08
GSE292071,GSM8848441,SCHW6_P10_,tissue=Schwannoma; tissue type=tumor,case,True,"Patient SCHW6, Table S1 (Genome Medicine 2025, PMC11992879, Additional file 1): NF2-SWN","agent, from GEO + source checks",2026-10-08
GSE292071,GSM8848442,SCHW6_P2_,tissue=Schwannoma; tissue type=tumor,case,True,"Patient SCHW6, Table S1 (Genome Medicine 2025, PMC11992879, Additional file 1): NF2-SWN","agent, from GEO + source checks",2026-10-08
GSE292071,GSM8848443,SCHW6_P3_,tissue=Schwannoma; tissue type=tumor,case,True,"Patient SCHW6, Table S1 (Genome Medicine 2025, PMC11992879, Additional file 1): NF2-SWN","agent, from GEO + source checks",2026-10-08
GSE292071,GSM8848444,SCHW6_P5_,tissue=Schwannoma; tissue type=tumor,case,True,"Patient SCHW6, Table S1 (Genome Medicine 2025, PMC11992879, Additional file 1): NF2-SWN","agent, from GEO + source checks",2026-10-08
GSE292071,GSM8848445,SCHW6_P6_,tissue=Schwannoma; tissue type=tumor,case,True,"Patient SCHW6, Table S1 (Genome Medicine 2025, PMC11992879, Additional file 1): NF2-SWN","agent, from GEO + source checks",2026-10-08
GSE292071,GSM8848446,SCHW6_P7_,tissue=Schwannoma; tissue type=tumor,case,True,"Patient SCHW6, Table S1 (Genome Medicine 2025, PMC11992879, Additional file 1): NF2-SWN","agent, from GEO + source checks",2026-10-08
GSE292071,GSM8848447,SCHW6_P9_,tissue=Schwannoma; tissue type=tumor,case,True,"Patient SCHW6, Table S1 (Genome Medicine 2025, PMC11992879, Additional file 1): NF2-SWN","agent, from GEO + source checks",2026-10-08
GSE292071,GSM8848448,SCHW7_P1_,tissue=Schwannoma; tissue type=tumor,case,True,"Patient SCHW7, Table S1 (Genome Medicine 2025, PMC11992879, Additional file 1): NF2-SWN","agent, from GEO + source checks",2026-10-08
GSE292071,GSM8848449,SCHW7_P2_,tissue=Schwannoma; tissue type=tumor,case,True,"Patient SCHW7, Table S1 (Genome Medicine 2025, PMC11992879, Additional file 1): NF2-SWN","agent, from GEO + source checks",2026-10-08
GSE292071,GSM8848450,SCHW7_P3_,tissue=Schwannoma; tissue type=tumor,case,True,"Patient SCHW7, Table S1 (Genome Medicine 2025, PMC11992879, Additional file 1): NF2-SWN","agent, from GEO + source checks",2026-10-08
GSE292071,GSM8848451,SCHW7_P4_,tissue=Schwannoma; tissue type=tumor,case,True,"Patient SCHW7, Table S1 (Genome Medicine 2025, PMC11992879, Additional file 1): NF2-SWN","agent, from GEO + source checks",2026-10-08
GSE292071,GSM8848452,SCHW7_P5_,tissue=Schwannoma; tissue type=tumor,case,True,"Patient SCHW7, Table S1 (Genome Medicine 2025, PMC11992879, Additional file 1): NF2-SWN","agent, from GEO + source checks",2026-10-08
GSE292071,GSM8848453,SCHW7_P8_,tissue=Schwannoma; tissue type=tumor,case,True,"Patient SCHW7, Table S1 (Genome Medicine 2025, PMC11992879, Additional file 1): NF2-SWN","agent, from GEO + source checks",2026-10-08
GSE292071,GSM8848454,SCHW9_P1_,tissue=Schwannoma; tissue type=tumor,excluded_nf_status_unstated,False,"Patient SCHW9, Table S1 (Genome Medicine 2025, PMC11992879, Additional file 1): no predisposition data","agent, from GEO + source checks",2026-10-08
GSE292071,GSM8848455,SCHW9_P3_,tissue=Schwannoma; tissue type=tumor,excluded_nf_status_unstated,False,"Patient SCHW9, Table S1 (Genome Medicine 2025, PMC11992879, Additional file 1): no predisposition data","agent, from GEO + source checks",2026-10-08
GSE292071,GSM8848456,SCHW9_P7_,tissue=Schwannoma; tissue type=tumor,excluded_nf_status_unstated,False,"Patient SCHW9, Table S1 (Genome Medicine 2025, PMC11992879, Additional file 1): no predisposition data","agent, from GEO + source checks",2026-10-08
GSE292071,GSM8848457,SCHW10_P10_,tissue=Schwannoma; tissue type=tumor,case,True,"Patient SCHW10, Table S1 (Genome Medicine 2025, PMC11992879, Additional file 1): NF2-SWN","agent, from GEO + source checks",2026-10-08
GSE292071,GSM8848458,SCHW10_P11_,tissue=Schwannoma; tissue type=tumor,case,True,"Patient SCHW10, Table S1 (Genome Medicine 2025, PMC11992879, Additional file 1): NF2-SWN","agent, from GEO + source checks",2026-10-08
GSE292071,GSM8848459,SCHW10_P12_,tissue=Schwannoma; tissue type=tumor,case,True,"Patient SCHW10, Table S1 (Genome Medicine 2025, PMC11992879, Additional file 1): NF2-SWN","agent, from GEO + source checks",2026-10-08
GSE292071,GSM8848460,SCHW10_P13_,tissue=Schwannoma; tissue type=tumor,case,True,"Patient SCHW10, Table S1 (Genome Medicine 2025, PMC11992879, Additional file 1): NF2-SWN","agent, from GEO + source checks",2026-10-08
GSE292071,GSM8848461,SCHW10_P7_,tissue=Schwannoma; tissue type=tumor,case,True,"Patient SCHW10, Table S1 (Genome Medicine 2025, PMC11992879, Additional file 1): NF2-SWN","agent, from GEO + source checks",2026-10-08
GSE292071,GSM8848462,SCHW10_P8_,tissue=Schwannoma; tissue type=tumor,case,True,"Patient SCHW10, Table S1 (Genome Medicine 2025, PMC11992879, Additional file 1): NF2-SWN","agent, from GEO + source checks",2026-10-08
GSE292071,GSM8848463,SCHW10_P9_,tissue=Schwannoma; tissue type=tumor,case,True,"Patient SCHW10, Table S1 (Genome Medicine 2025, PMC11992879, Additional file 1): NF2-SWN","agent, from GEO + source checks",2026-10-08
GSE292071,GSM8848464,SCHW11_P10_,tissue=Schwannoma; tissue type=tumor,excluded_nf_status_unstated,False,"Patient SCHW11, Table S1 (Genome Medicine 2025, PMC11992879, Additional file 1): no predisposition data","agent, from GEO + source checks",2026-10-08
GSE292071,GSM8848465,SCHW11_P11_,tissue=Schwannoma; tissue type=tumor,excluded_nf_status_unstated,False,"Patient SCHW11, Table S1 (Genome Medicine 2025, PMC11992879, Additional file 1): no predisposition data","agent, from GEO + source checks",2026-10-08
GSE292071,GSM8848466,SCHW11_P4_,tissue=Schwannoma; tissue type=tumor,excluded_nf_status_unstated,False,"Patient SCHW11, Table S1 (Genome Medicine 2025, PMC11992879, Additional file 1): no predisposition data","agent, from GEO + source checks",2026-10-08
GSE292071,GSM8848467,SCHW11_P5_,tissue=Schwannoma; tissue type=tumor,excluded_nf_status_unstated,False,"Patient SCHW11, Table S1 (Genome Medicine 2025, PMC11992879, Additional file 1): no predisposition data","agent, from GEO + source checks",2026-10-08
GSE292071,GSM8848468,SCHW11_P6_,tissue=Schwannoma; tissue type=tumor,excluded_nf_status_unstated,False,"Patient SCHW11, Table S1 (Genome Medicine 2025, PMC11992879, Additional file 1): no predisposition data","agent, from GEO + source checks",2026-10-08
GSE292071,GSM8848469,SCHW11_P7_,tissue=Schwannoma; tissue type=tumor,excluded_nf_status_unstated,False,"Patient SCHW11, Table S1 (Genome Medicine 2025, PMC11992879, Additional file 1): no predisposition data","agent, from GEO + source checks",2026-10-08
GSE292071,GSM8848470,SCHW11_P8_,tissue=Schwannoma; tissue type=tumor,excluded_nf_status_unstated,False,"Patient SCHW11, Table S1 (Genome Medicine 2025, PMC11992879, Additional file 1): no predisposition data","agent, from GEO + source checks",2026-10-08
GSE292071,GSM8848471,SCHW11_P9_,tissue=Schwannoma; tissue type=tumor,excluded_nf_status_unstated,False,"Patient SCHW11, Table S1 (Genome Medicine 2025, PMC11992879, Additional file 1): no predisposition data","agent, from GEO + source checks",2026-10-08
GSE292071,GSM8848472,SCHW13_P1_,tissue=Schwannoma; tissue type=tumor,case,True,"Patient SCHW13, Table S1 (Genome Medicine 2025, PMC11992879, Additional file 1): NF2-SWN","agent, from GEO + source checks",2026-10-08
GSE292071,GSM8848473,SCHW13_P11_,tissue=Schwannoma; tissue type=tumor,case,True,"Patient SCHW13, Table S1 (Genome Medicine 2025, PMC11992879, Additional file 1): NF2-SWN","agent, from GEO + source checks",2026-10-08
GSE292071,GSM8848474,SCHW13_P12_,tissue=Schwannoma; tissue type=tumor,case,True,"Patient SCHW13, Table S1 (Genome Medicine 2025, PMC11992879, Additional file 1): NF2-SWN","agent, from GEO + source checks",2026-10-08
GSE292071,GSM8848475,SCHW13_P13_,tissue=Schwannoma; tissue type=tumor,case,True,"Patient SCHW13, Table S1 (Genome Medicine 2025, PMC11992879, Additional file 1): NF2-SWN","agent, from GEO + source checks",2026-10-08
GSE292071,GSM8848476,SCHW13_P14_,tissue=Schwannoma; tissue type=tumor,case,True,"Patient SCHW13, Table S1 (Genome Medicine 2025, PMC11992879, Additional file 1): NF2-SWN","agent, from GEO + source checks",2026-10-08
GSE292071,GSM8848477,SCHW13_P2_,tissue=Schwannoma; tissue type=tumor,case,True,"Patient SCHW13, Table S1 (Genome Medicine 2025, PMC11992879, Additional file 1): NF2-SWN","agent, from GEO + source checks",2026-10-08
GSE292071,GSM8848478,SCHW13_P3_,tissue=Schwannoma; tissue type=tumor,case,True,"Patient SCHW13, Table S1 (Genome Medicine 2025, PMC11992879, Additional file 1): NF2-SWN","agent, from GEO + source checks",2026-10-08
GSE292071,GSM8848479,SCHW13_P4_,tissue=Schwannoma; tissue type=tumor,case,True,"Patient SCHW13, Table S1 (Genome Medicine 2025, PMC11992879, Additional file 1): NF2-SWN","agent, from GEO + source checks",2026-10-08
GSE292071,GSM8848480,SCHW13_P5_,tissue=Schwannoma; tissue type=tumor,case,True,"Patient SCHW13, Table S1 (Genome Medicine 2025, PMC11992879, Additional file 1): NF2-SWN","agent, from GEO + source checks",2026-10-08
GSE292071,GSM8848481,SCHW13_P7_,tissue=Schwannoma; tissue type=tumor,case,True,"Patient SCHW13, Table S1 (Genome Medicine 2025, PMC11992879, Additional file 1): NF2-SWN","agent, from GEO + source checks",2026-10-08
GSE292071,GSM8848482,SCHW13_P9_,tissue=Schwannoma; tissue type=tumor,case,True,"Patient SCHW13, Table S1 (Genome Medicine 2025, PMC11992879, Additional file 1): NF2-SWN","agent, from GEO + source checks",2026-10-08
GSE292071,GSM8848483,SCHW14_P11_,tissue=Schwannoma; tissue type=tumor,case,True,"Patient SCHW14, Table S1 (Genome Medicine 2025, PMC11992879, Additional file 1): NF2-SWN","agent, from GEO + source checks",2026-10-08
GSE292071,GSM8848484,SCHW14_P12_,tissue=Schwannoma; tissue type=tumor,case,True,"Patient SCHW14, Table S1 (Genome Medicine 2025, PMC11992879, Additional file 1): NF2-SWN","agent, from GEO + source checks",2026-10-08
GSE292071,GSM8848485,SCHW14_P13_,tissue=Schwannoma; tissue type=tumor,case,True,"Patient SCHW14, Table S1 (Genome Medicine 2025, PMC11992879, Additional file 1): NF2-SWN","agent, from GEO + source checks",2026-10-08
GSE292071,GSM8848486,SCHW14_P14_,tissue=Schwannoma; tissue type=tumor,case,True,"Patient SCHW14, Table S1 (Genome Medicine 2025, PMC11992879, Additional file 1): NF2-SWN","agent, from GEO + source checks",2026-10-08
GSE292071,GSM8848487,SCHW14_P15_,tissue=Schwannoma; tissue type=tumor,case,True,"Patient SCHW14, Table S1 (Genome Medicine 2025, PMC11992879, Additional file 1): NF2-SWN","agent, from GEO + source checks",2026-10-08
GSE292071,GSM8848488,SCHW14_P2_,tissue=Schwannoma; tissue type=tumor,case,True,"Patient SCHW14, Table S1 (Genome Medicine 2025, PMC11992879, Additional file 1): NF2-SWN","agent, from GEO + source checks",2026-10-08
GSE292071,GSM8848489,SCHW14_P3_,tissue=Schwannoma; tissue type=tumor,case,True,"Patient SCHW14, Table S1 (Genome Medicine 2025, PMC11992879, Additional file 1): NF2-SWN","agent, from GEO + source checks",2026-10-08
GSE292071,GSM8848490,SCHW14_P5_,tissue=Schwannoma; tissue type=tumor,case,True,"Patient SCHW14, Table S1 (Genome Medicine 2025, PMC11992879, Additional file 1): NF2-SWN","agent, from GEO + source checks",2026-10-08
GSE292071,GSM8848491,SCHW14_P7_,tissue=Schwannoma; tissue type=tumor,case,True,"Patient SCHW14, Table S1 (Genome Medicine 2025, PMC11992879, Additional file 1): NF2-SWN","agent, from GEO + source checks",2026-10-08
GSE292071,GSM8848492,SCHW14_P8_,tissue=Schwannoma; tissue type=tumor,case,True,"Patient SCHW14, Table S1 (Genome Medicine 2025, PMC11992879, Additional file 1): NF2-SWN","agent, from GEO + source checks",2026-10-08
GSE292071,GSM8848493,SCHW15_P1_,tissue=Schwannoma; tissue type=tumor,case,True,"Patient SCHW15, Table S1 (Genome Medicine 2025, PMC11992879, Additional file 1): NF2-SWN","agent, from GEO + source checks",2026-10-08
GSE292071,GSM8848494,SCHW15_P2_,tissue=Schwannoma; tissue type=tumor,case,True,"Patient SCHW15, Table S1 (Genome Medicine 2025, PMC11992879, Additional file 1): NF2-SWN","agent, from GEO + source checks",2026-10-08
GSE292071,GSM8848495,SCHW15_P3_,tissue=Schwannoma; tissue type=tumor,case,True,"Patient SCHW15, Table S1 (Genome Medicine 2025, PMC11992879, Additional file 1): NF2-SWN","agent, from GEO + source checks",2026-10-08
GSE292071,GSM8848496,SCHW16_P1_,tissue=Schwannoma; tissue type=tumor,excluded_nf_status_unstated,False,"Patient SCHW16, Table S1 (Genome Medicine 2025, PMC11992879, Additional file 1): no predisposition data; radiated tumour","agent, from GEO + source checks",2026-10-08
GSE292071,GSM8848497,SCHW16_P10_,tissue=Schwannoma; tissue type=tumor,excluded_nf_status_unstated,False,"Patient SCHW16, Table S1 (Genome Medicine 2025, PMC11992879, Additional file 1): no predisposition data; radiated tumour","agent, from GEO + source checks",2026-10-08
GSE292071,GSM8848498,SCHW16_P2_,tissue=Schwannoma; tissue type=tumor,excluded_nf_status_unstated,False,"Patient SCHW16, Table S1 (Genome Medicine 2025, PMC11992879, Additional file 1): no predisposition data; radiated tumour","agent, from GEO + source checks",2026-10-08
GSE292071,GSM8848499,SCHW16_P3_,tissue=Schwannoma; tissue type=tumor,excluded_nf_status_unstated,False,"Patient SCHW16, Table S1 (Genome Medicine 2025, PMC11992879, Additional file 1): no predisposition data; radiated tumour","agent, from GEO + source checks",2026-10-08
GSE292071,GSM8848500,SCHW16_P4_,tissue=Schwannoma; tissue type=tumor,excluded_nf_status_unstated,False,"Patient SCHW16, Table S1 (Genome Medicine 2025, PMC11992879, Additional file 1): no predisposition data; radiated tumour","agent, from GEO + source checks",2026-10-08
GSE292071,GSM8848501,SCHW16_P5_,tissue=Schwannoma; tissue type=tumor,excluded_nf_status_unstated,False,"Patient SCHW16, Table S1 (Genome Medicine 2025, PMC11992879, Additional file 1): no predisposition data; radiated tumour","agent, from GEO + source checks",2026-10-08
GSE292071,GSM8848502,SCHW16_P7_,tissue=Schwannoma; tissue type=tumor,excluded_nf_status_unstated,False,"Patient SCHW16, Table S1 (Genome Medicine 2025, PMC11992879, Additional file 1): no predisposition data; radiated tumour","agent, from GEO + source checks",2026-10-08
GSE292071,GSM8848503,SCHW16_P8_,tissue=Schwannoma; tissue type=tumor,excluded_nf_status_unstated,False,"Patient SCHW16, Table S1 (Genome Medicine 2025, PMC11992879, Additional file 1): no predisposition data; radiated tumour","agent, from GEO + source checks",2026-10-08
GSE292071,GSM8848504,SCHW16_P9_,tissue=Schwannoma; tissue type=tumor,excluded_nf_status_unstated,False,"Patient SCHW16, Table S1 (Genome Medicine 2025, PMC11992879, Additional file 1): no predisposition data; radiated tumour","agent, from GEO + source checks",2026-10-08
GSE292071,GSM8848505,SCHW17_P11_,tissue=Schwannoma; tissue type=tumor,case,True,"Patient SCHW17, Table S1 (Genome Medicine 2025, PMC11992879, Additional file 1): SWN","agent, from GEO + source checks",2026-10-08
GSE292071,GSM8848506,SCHW17_P12_,tissue=Schwannoma; tissue type=tumor,case,True,"Patient SCHW17, Table S1 (Genome Medicine 2025, PMC11992879, Additional file 1): SWN","agent, from GEO + source checks",2026-10-08
GSE292071,GSM8848507,SCHW17_P13_,tissue=Schwannoma; tissue type=tumor,case,True,"Patient SCHW17, Table S1 (Genome Medicine 2025, PMC11992879, Additional file 1): SWN","agent, from GEO + source checks",2026-10-08
GSE292071,GSM8848508,SCHW17_P14_,tissue=Schwannoma; tissue type=tumor,case,True,"Patient SCHW17, Table S1 (Genome Medicine 2025, PMC11992879, Additional file 1): SWN","agent, from GEO + source checks",2026-10-08
GSE292071,GSM8848509,SCHW17_P15_,tissue=Schwannoma; tissue type=tumor,case,True,"Patient SCHW17, Table S1 (Genome Medicine 2025, PMC11992879, Additional file 1): SWN","agent, from GEO + source checks",2026-10-08
GSE292071,GSM8848510,SCHW17_P16_,tissue=Schwannoma; tissue type=tumor,case,True,"Patient SCHW17, Table S1 (Genome Medicine 2025, PMC11992879, Additional file 1): SWN","agent, from GEO + source checks",2026-10-08
GSE292071,GSM8848511,SCHW17_P2_,tissue=Schwannoma; tissue type=tumor,case,True,"Patient SCHW17, Table S1 (Genome Medicine 2025, PMC11992879, Additional file 1): SWN","agent, from GEO + source checks",2026-10-08
GSE292071,GSM8848512,SCHW19_CD45n_P1_,tissue=Schwannoma; tissue type=tumor,excluded_nf_status_unstated,False,"Patient SCHW19, Table S1 (Genome Medicine 2025, PMC11992879, Additional file 1): no predisposition data; prior craniospinal irradiation","agent, from GEO + source checks",2026-10-08
GSE292071,GSM8848513,SCHW19_CD45n_P2_,tissue=Schwannoma; tissue type=tumor,excluded_nf_status_unstated,False,"Patient SCHW19, Table S1 (Genome Medicine 2025, PMC11992879, Additional file 1): no predisposition data; prior craniospinal irradiation","agent, from GEO + source checks",2026-10-08
GSE292071,GSM8848514,SCHW19_CD45n_P3_,tissue=Schwannoma; tissue type=tumor,excluded_nf_status_unstated,False,"Patient SCHW19, Table S1 (Genome Medicine 2025, PMC11992879, Additional file 1): no predisposition data; prior craniospinal irradiation","agent, from GEO + source checks",2026-10-08
GSE292071,GSM8848515,SCHW19_CD45n_P5_,tissue=Schwannoma; tissue type=tumor,excluded_nf_status_unstated,False,"Patient SCHW19, Table S1 (Genome Medicine 2025, PMC11992879, Additional file 1): no predisposition data; prior craniospinal irradiation","agent, from GEO + source checks",2026-10-08
GSE292071,GSM8848516,SCHW19_CD45n_P7_,tissue=Schwannoma; tissue type=tumor,excluded_nf_status_unstated,False,"Patient SCHW19, Table S1 (Genome Medicine 2025, PMC11992879, Additional file 1): no predisposition data; prior craniospinal irradiation","agent, from GEO + source checks",2026-10-08
GSE292071,GSM8848517,SCHW19_CD45n_P8_,tissue=Schwannoma; tissue type=tumor,excluded_nf_status_unstated,False,"Patient SCHW19, Table S1 (Genome Medicine 2025, PMC11992879, Additional file 1): no predisposition data; prior craniospinal irradiation","agent, from GEO + source checks",2026-10-08
GSE292071,GSM8848518,SCHW19_CD45p_P1_,tissue=Schwannoma; tissue type=tumor,excluded_nf_status_unstated,False,"Patient SCHW19, Table S1 (Genome Medicine 2025, PMC11992879, Additional file 1): no predisposition data; prior craniospinal irradiation","agent, from GEO + source checks",2026-10-08
GSE292071,GSM8848519,SCHW19_CD45p_P2_,tissue=Schwannoma; tissue type=tumor,excluded_nf_status_unstated,False,"Patient SCHW19, Table S1 (Genome Medicine 2025, PMC11992879, Additional file 1): no predisposition data; prior craniospinal irradiation","agent, from GEO + source checks",2026-10-08
GSE292071,GSM8848520,SCHW19_P4_,tissue=Schwannoma; tissue type=tumor,excluded_nf_status_unstated,False,"Patient SCHW19, Table S1 (Genome Medicine 2025, PMC11992879, Additional file 1): no predisposition data; prior craniospinal irradiation","agent, from GEO + source checks",2026-10-08
GSE292071,GSM8848521,SCHW19_P6_,tissue=Schwannoma; tissue type=tumor,excluded_nf_status_unstated,False,"Patient SCHW19, Table S1 (Genome Medicine 2025, PMC11992879, Additional file 1): no predisposition data; prior craniospinal irradiation","agent, from GEO + source checks",2026-10-08
GSE292071,GSM8848522,SCHW19_P9_,tissue=Schwannoma; tissue type=tumor,excluded_nf_status_unstated,False,"Patient SCHW19, Table S1 (Genome Medicine 2025, PMC11992879, Additional file 1): no predisposition data; prior craniospinal irradiation","agent, from GEO + source checks",2026-10-08
GSE292071,GSM8848523,SCHW20_CD45n_P1_,tissue=Schwannoma; tissue type=tumor,excluded_sporadic,False,"Patient SCHW20, Table S1 (Genome Medicine 2025, PMC11992879, Additional file 1): sporadic","agent, from GEO + source checks",2026-10-08
GSE292071,GSM8848524,SCHW20_CD45N_P2_,tissue=Schwannoma; tissue type=tumor,excluded_sporadic,False,"Patient SCHW20, Table S1 (Genome Medicine 2025, PMC11992879, Additional file 1): sporadic","agent, from GEO + source checks",2026-10-08
GSE292071,GSM8848525,SCHW20_CD45N_P3_,tissue=Schwannoma; tissue type=tumor,excluded_sporadic,False,"Patient SCHW20, Table S1 (Genome Medicine 2025, PMC11992879, Additional file 1): sporadic","agent, from GEO + source checks",2026-10-08
GSE292071,GSM8848526,SCHW20_CD45n_P5_,tissue=Schwannoma; tissue type=tumor,excluded_sporadic,False,"Patient SCHW20, Table S1 (Genome Medicine 2025, PMC11992879, Additional file 1): sporadic","agent, from GEO + source checks",2026-10-08
GSE292071,GSM8848527,SCHW20_CD45N_P6_,tissue=Schwannoma; tissue type=tumor,excluded_sporadic,False,"Patient SCHW20, Table S1 (Genome Medicine 2025, PMC11992879, Additional file 1): sporadic","agent, from GEO + source checks",2026-10-08
GSE292071,GSM8848528,SCHW20_CD45p_P1_,tissue=Schwannoma; tissue type=tumor,excluded_sporadic,False,"Patient SCHW20, Table S1 (Genome Medicine 2025, PMC11992879, Additional file 1): sporadic","agent, from GEO + source checks",2026-10-08
GSE292071,GSM8848529,SCHW20_CD45P_P2_,tissue=Schwannoma; tissue type=tumor,excluded_sporadic,False,"Patient SCHW20, Table S1 (Genome Medicine 2025, PMC11992879, Additional file 1): sporadic","agent, from GEO + source checks",2026-10-08
GSE292071,GSM8848530,SCHW20_P10_,tissue=Schwannoma; tissue type=tumor,excluded_sporadic,False,"Patient SCHW20, Table S1 (Genome Medicine 2025, PMC11992879, Additional file 1): sporadic","agent, from GEO + source checks",2026-10-08
GSE292071,GSM8848531,SCHW20_P4_,tissue=Schwannoma; tissue type=tumor,excluded_sporadic,False,"Patient SCHW20, Table S1 (Genome Medicine 2025, PMC11992879, Additional file 1): sporadic","agent, from GEO + source checks",2026-10-08
GSE292071,GSM8848532,SCHW20_P7_,tissue=Schwannoma; tissue type=tumor,excluded_sporadic,False,"Patient SCHW20, Table S1 (Genome Medicine 2025, PMC11992879, Additional file 1): sporadic","agent, from GEO + source checks",2026-10-08
GSE292071,GSM8848533,SCHW20_P8_,tissue=Schwannoma; tissue type=tumor,excluded_sporadic,False,"Patient SCHW20, Table S1 (Genome Medicine 2025, PMC11992879, Additional file 1): sporadic","agent, from GEO + source checks",2026-10-08
GSE292071,GSM8848534,SCHW20_P9_,tissue=Schwannoma; tissue type=tumor,excluded_sporadic,False,"Patient SCHW20, Table S1 (Genome Medicine 2025, PMC11992879, Additional file 1): sporadic","agent, from GEO + source checks",2026-10-08
GSE292071,GSM8848535,SCHW21_CD45N_P1_,tissue=Schwannoma; tissue type=tumor,excluded_sporadic,False,"Patient SCHW21, Table S1 (Genome Medicine 2025, PMC11992879, Additional file 1): sporadic, prior radiotherapy","agent, from GEO + source checks",2026-10-08
GSE292071,GSM8848536,SCHW21_CD45N_P2_,tissue=Schwannoma; tissue type=tumor,excluded_sporadic,False,"Patient SCHW21, Table S1 (Genome Medicine 2025, PMC11992879, Additional file 1): sporadic, prior radiotherapy","agent, from GEO + source checks",2026-10-08
GSE292071,GSM8848537,SCHW21_CD45N_P3_,tissue=Schwannoma; tissue type=tumor,excluded_sporadic,False,"Patient SCHW21, Table S1 (Genome Medicine 2025, PMC11992879, Additional file 1): sporadic, prior radiotherapy","agent, from GEO + source checks",2026-10-08
GSE292071,GSM8848538,SCHW21_CD45N_P6_,tissue=Schwannoma; tissue type=tumor,excluded_sporadic,False,"Patient SCHW21, Table S1 (Genome Medicine 2025, PMC11992879, Additional file 1): sporadic, prior radiotherapy","agent, from GEO + source checks",2026-10-08
GSE292071,GSM8848539,SCHW22_CD45n_P1_,tissue=Schwannoma; tissue type=tumor,case,True,"Patient SCHW22, Table S1 (Genome Medicine 2025, PMC11992879, Additional file 1): NF2-SWN","agent, from GEO + source checks",2026-10-08
GSE292071,GSM8848540,SCHW22_CD45n_P2_,tissue=Schwannoma; tissue type=tumor,case,True,"Patient SCHW22, Table S1 (Genome Medicine 2025, PMC11992879, Additional file 1): NF2-SWN","agent, from GEO + source checks",2026-10-08
GSE292071,GSM8848541,SCHW22_CD45n_P3_,tissue=Schwannoma; tissue type=tumor,case,True,"Patient SCHW22, Table S1 (Genome Medicine 2025, PMC11992879, Additional file 1): NF2-SWN","agent, from GEO + source checks",2026-10-08
GSE292071,GSM8848542,SCHW22_CD45n_P4_,tissue=Schwannoma; tissue type=tumor,case,True,"Patient SCHW22, Table S1 (Genome Medicine 2025, PMC11992879, Additional file 1): NF2-SWN","agent, from GEO + source checks",2026-10-08
GSE292071,GSM8848543,SCHW22_CD45n_P5_,tissue=Schwannoma; tissue type=tumor,case,True,"Patient SCHW22, Table S1 (Genome Medicine 2025, PMC11992879, Additional file 1): NF2-SWN","agent, from GEO + source checks",2026-10-08
GSE292071,GSM8848544,SCHW23CD45neg_p1_,tissue=Schwannoma; tissue type=tumor,case,True,"Patient SCHW23, Table S1 (Genome Medicine 2025, PMC11992879, Additional file 1): NF2-SWN","agent, from GEO + source checks",2026-10-08
GSE292071,GSM8848545,SCHW23CD45neg_p2_,tissue=Schwannoma; tissue type=tumor,case,True,"Patient SCHW23, Table S1 (Genome Medicine 2025, PMC11992879, Additional file 1): NF2-SWN","agent, from GEO + source checks",2026-10-08
GSE292071,GSM8848546,SCHW23CD45neg_p3_,tissue=Schwannoma; tissue type=tumor,case,True,"Patient SCHW23, Table S1 (Genome Medicine 2025, PMC11992879, Additional file 1): NF2-SWN","agent, from GEO + source checks",2026-10-08
GSE292071,GSM8848547,SCHW23CD45neg_p4_,tissue=Schwannoma; tissue type=tumor,case,True,"Patient SCHW23, Table S1 (Genome Medicine 2025, PMC11992879, Additional file 1): NF2-SWN","agent, from GEO + source checks",2026-10-08
GSE292071,GSM8848548,SCHW23CD45neg_p5_,tissue=Schwannoma; tissue type=tumor,case,True,"Patient SCHW23, Table S1 (Genome Medicine 2025, PMC11992879, Additional file 1): NF2-SWN","agent, from GEO + source checks",2026-10-08
GSE292071,GSM8848549,SCHW23CD45pos_p1_,tissue=Schwannoma; tissue type=tumor,case,True,"Patient SCHW23, Table S1 (Genome Medicine 2025, PMC11992879, Additional file 1): NF2-SWN","agent, from GEO + source checks",2026-10-08
GSE292071,GSM8848550,SCHW24_CD45neg_p1_,tissue=Schwannoma; tissue type=tumor,case,True,"Patient SCHW24, Table S1 (Genome Medicine 2025, PMC11992879, Additional file 1): SWN","agent, from GEO + source checks",2026-10-08
GSE292071,GSM8848551,SCHW24_CD45neg_p2_,tissue=Schwannoma; tissue type=tumor,case,True,"Patient SCHW24, Table S1 (Genome Medicine 2025, PMC11992879, Additional file 1): SWN","agent, from GEO + source checks",2026-10-08
GSE292071,GSM8848552,SCHW24_CD45neg_p3_,tissue=Schwannoma; tissue type=tumor,case,True,"Patient SCHW24, Table S1 (Genome Medicine 2025, PMC11992879, Additional file 1): SWN","agent, from GEO + source checks",2026-10-08
GSE292071,GSM8848553,SCHW24_CD45pos_p1_,tissue=Schwannoma; tissue type=tumor,case,True,"Patient SCHW24, Table S1 (Genome Medicine 2025, PMC11992879, Additional file 1): SWN","agent, from GEO + source checks",2026-10-08
GSE292071,GSM8848554,SCHW25_CD45neg_p1_,tissue=Schwannoma; tissue type=tumor,case,True,"Patient SCHW25, Table S1 (Genome Medicine 2025, PMC11992879, Additional file 1): SWN","agent, from GEO + source checks",2026-10-08
GSE292071,GSM8848555,SCHW25_CD45neg_p2_,tissue=Schwannoma; tissue type=tumor,case,True,"Patient SCHW25, Table S1 (Genome Medicine 2025, PMC11992879, Additional file 1): SWN","agent, from GEO + source checks",2026-10-08
GSE292071,GSM8848556,SCHW25_CD45neg_p3_,tissue=Schwannoma; tissue type=tumor,case,True,"Patient SCHW25, Table S1 (Genome Medicine 2025, PMC11992879, Additional file 1): SWN","agent, from GEO + source checks",2026-10-08
GSE292071,GSM8848557,SCHW25_CD45pos_p1_,tissue=Schwannoma; tissue type=tumor,case,True,"Patient SCHW25, Table S1 (Genome Medicine 2025, PMC11992879, Additional file 1): SWN","agent, from GEO + source checks",2026-10-08
GSE179043,GSM5402770,P115Lats1mutparaspinal,tissue=paraspinal tumor; strain=Lats1/2-def; ccGFP; age=16 weeks,excluded_not_nf_model,False,"Lats1/2-deficient mouse PNST, presented in the paper as a YAP/TAZ comparator model rather than an NF model (same ruling as GSE172221)","agent, from GEO + source checks",2026-10-08
GSE179043,GSM5402771,NF_2-004,tissue=plexiform neurofibroma,excluded_non_expression_assay,False,"human ATAC-seq sample, not an abundance measurement","agent, from GEO + source checks",2026-10-08
GSE179043,GSM5402772,MPNST_2-084,tissue=MPNST,excluded_non_expression_assay,False,"human ATAC-seq sample, not an abundance measurement","agent, from GEO + source checks",2026-10-08
GSE179043,GSM5402773,NF1-6,tissue=Peripheral nerve tumor; age=30; gender=F; tumor type=benign NF,case,True,"human NF1-associated tumour; cohort-level NF1 status only (Wu et al., PMID 36322658)","agent, from GEO + source checks",2026-10-08
GSE179043,GSM5402774,NF1-8,tissue=Peripheral nerve tumor; age=7; gender=M; tumor type=benign NF,case,True,"human NF1-associated tumour; cohort-level NF1 status only (Wu et al., PMID 36322658)","agent, from GEO + source checks",2026-10-08
GSE179043,GSM5402775,NF1-10,tissue=Peripheral nerve tumor; age=17; gender=F; tumor type=benign NF,case,True,"human NF1-associated tumour; cohort-level NF1 status only (Wu et al., PMID 36322658)","agent, from GEO + source checks",2026-10-08
GSE179043,GSM5402776,NF1-11,tissue=Peripheral nerve tumor; age=15; gender=F; tumor type=benign NF,case,True,"human NF1-associated tumour; cohort-level NF1 status only (Wu et al., PMID 36322658)","agent, from GEO + source checks",2026-10-08
GSE179043,GSM5402777,NF1-12,tissue=Peripheral nerve tumor; age=10; gender=M; tumor type=benign NF,case,True,"human NF1-associated tumour; cohort-level NF1 status only (Wu et al., PMID 36322658)","agent, from GEO + source checks",2026-10-08
GSE179043,GSM5402778,NF1-14,tissue=Peripheral nerve tumor; age=0.75; gender=F; tumor type=benign NF,case,True,"human NF1-associated tumour; cohort-level NF1 status only (Wu et al., PMID 36322658)","agent, from GEO + source checks",2026-10-08
GSE179043,GSM5402779,NF1-15,tissue=Peripheral nerve tumor; age=6; gender=F; tumor type=benign NF,case,True,"human NF1-associated tumour; cohort-level NF1 status only (Wu et al., PMID 36322658)","agent, from GEO + source checks",2026-10-08
GSE179043,GSM5402780,NF1-16,tissue=Peripheral nerve tumor; age=10; gender=F; tumor type=benign NF,case,True,"human NF1-associated tumour; cohort-level NF1 status only (Wu et al., PMID 36322658)","agent, from GEO + source checks",2026-10-08
GSE179043,GSM5402781,MPNST-2,tissue=Peripheral nerve tumor; age=5; gender=F; tumor type=MPNST,case,True,"human NF1-associated tumour; cohort-level NF1 status only (Wu et al., PMID 36322658)","agent, from GEO + source checks",2026-10-08
GSE179043,GSM5402782,MPNST-3,tissue=Peripheral nerve tumor; age=27; gender=F; tumor type=MPNST,case,True,"human NF1-associated tumour; cohort-level NF1 status only (Wu et al., PMID 36322658)","agent, from GEO + source checks",2026-10-08
GSE179043,GSM5402783,MPNST-4,tissue=Peripheral nerve tumor; age=25; gender=F; tumor type=MPNST,case,True,"human NF1-associated tumour; cohort-level NF1 status only (Wu et al., PMID 36322658)","agent, from GEO + source checks",2026-10-08
GSE179043,GSM5402784,MPNST-5,tissue=Peripheral nerve tumor; age=n/a; tumor type=MPNST,case,True,"human NF1-associated tumour; cohort-level NF1 status only (Wu et al., PMID 36322658)","agent, from GEO + source checks",2026-10-08
GSE179043,GSM5402785,MPNST-6,tissue=Peripheral nerve tumor; age=16; gender=M; tumor type=MPNST,case,True,"human NF1-associated tumour; cohort-level NF1 status only (Wu et al., PMID 36322658)","agent, from GEO + source checks",2026-10-08
GSE179043,GSM5402786,MPNST-7,tissue=Peripheral nerve tumor; age=25; gender=M; tumor type=MPNST,case,True,"human NF1-associated tumour; cohort-level NF1 status only (Wu et al., PMID 36322658)","agent, from GEO + source checks",2026-10-08
GSE179043,GSM5402787,MPNST-8,tissue=Peripheral nerve tumor; age=23; gender=M; tumor type=MPNST,case,True,"human NF1-associated tumour; cohort-level NF1 status only (Wu et al., PMID 36322658)","agent, from GEO + source checks",2026-10-08
GSE179043,GSM5402788,MPNST-11,tissue=Peripheral nerve tumor; age=25; gender=M; tumor type=MPNST,case,True,"human NF1-associated tumour; cohort-level NF1 status only (Wu et al., PMID 36322658)","agent, from GEO + source checks",2026-10-08
GSE179043,GSM5402789,MPNST-12,tissue=Peripheral nerve tumor; age=35; gender=M; tumor type=MPNST,case,True,"human NF1-associated tumour; cohort-level NF1 status only (Wu et al., PMID 36322658)","agent, from GEO + source checks",2026-10-08
GSE179043,GSM5404031,pNF-2-021,tissue=plexiform neurofibroma,case,True,"human NF1-associated tumour; cohort-level NF1 status only (Wu et al., PMID 36322658)","agent, from GEO + source checks",2026-10-08
GSE179043,GSM5404032,pNF-2-004,tissue=plexiform neurofibroma,case,True,"human NF1-associated tumour; cohort-level NF1 status only (Wu et al., PMID 36322658)","agent, from GEO + source checks",2026-10-08
GSE179043,GSM5404033,pNF-2-003,tissue=plexiform neurofibroma,case,True,"human NF1-associated tumour; cohort-level NF1 status only (Wu et al., PMID 36322658)","agent, from GEO + source checks",2026-10-08
GSE179043,GSM5404034,pNF-2-006,tissue=plexiform neurofibroma,case,True,"human NF1-associated tumour; cohort-level NF1 status only (Wu et al., PMID 36322658)","agent, from GEO + source checks",2026-10-08
GSE179043,GSM5404035,pNF-2-013,tissue=plexiform neurofibroma,case,True,"human NF1-associated tumour; cohort-level NF1 status only (Wu et al., PMID 36322658)","agent, from GEO + source checks",2026-10-08
GSE179043,GSM5404036,pNF-2-084,tissue=plexiform neurofibroma,case,True,"human NF1-associated tumour; cohort-level NF1 status only (Wu et al., PMID 36322658)","agent, from GEO + source checks",2026-10-08
GSE179043,GSM5404037,pNF-2-017,tissue=plexiform neurofibroma,case,True,"human NF1-associated tumour; cohort-level NF1 status only (Wu et al., PMID 36322658)","agent, from GEO + source checks",2026-10-08
GSE179043,GSM5404038,pNF-2-019,tissue=plexiform neurofibroma,case,True,"human NF1-associated tumour; cohort-level NF1 status only (Wu et al., PMID 36322658)","agent, from GEO + source checks",2026-10-08
GSE179043,GSM5404039,pNF-2-026,tissue=plexiform neurofibroma,case,True,"human NF1-associated tumour; cohort-level NF1 status only (Wu et al., PMID 36322658)","agent, from GEO + source checks",2026-10-08
GSE179043,GSM5404040,pNF-2-090,tissue=plexiform neurofibroma,case,True,"human NF1-associated tumour; cohort-level NF1 status only (Wu et al., PMID 36322658)","agent, from GEO + source checks",2026-10-08
GSE179043,GSM5404041,MPNST-2-023,tissue=MPNST,case,True,"human NF1-associated tumour; cohort-level NF1 status only (Wu et al., PMID 36322658)","agent, from GEO + source checks",2026-10-08
GSE179043,GSM5404042,MPNST-2-015,tissue=MPNST,case,True,"human NF1-associated tumour; cohort-level NF1 status only (Wu et al., PMID 36322658)","agent, from GEO + source checks",2026-10-08
GSE179043,GSM5404043,MPNST-2-016,tissue=MPNST,case,True,"human NF1-associated tumour; cohort-level NF1 status only (Wu et al., PMID 36322658)","agent, from GEO + source checks",2026-10-08
GSE179043,GSM5404044,MPNST-2-084,tissue=MPNST,case,True,"human NF1-associated tumour; cohort-level NF1 status only (Wu et al., PMID 36322658)","agent, from GEO + source checks",2026-10-08
GSE179043,GSM5404411,1.5 mo Lats1/2-def dermal1,tissue=Peripheral nerve tumor:dermal; strain=Lats1/2-def; ccGFP (Lats1fl/fl;Lats2fl/+;Dhh-Cre;ccGFP or Lats1fl/+;Lats2fl/+;Dhh-Cre;ccGFP); age=6 weeks,excluded_not_nf_model,False,"Lats1/2-deficient mouse PNST, presented in the paper as a YAP/TAZ comparator model rather than an NF model (same ruling as GSE172221)","agent, from GEO + source checks",2026-10-08
GSE179043,GSM5404412,1.5 mo Lats1/2-def dermal2,tissue=Peripheral nerve tumor:dermal; strain=Lats1/2-def; ccGFP; age=6 weeks,excluded_not_nf_model,False,"Lats1/2-deficient mouse PNST, presented in the paper as a YAP/TAZ comparator model rather than an NF model (same ruling as GSE172221)","agent, from GEO + source checks",2026-10-08
GSE179043,GSM5404413,4 mo Lats1/2-def dermal1,tissue=Peripheral nerve tumor:dermal; strain=Lats1/2-def; ccGFP; age=16 weeks,excluded_not_nf_model,False,"Lats1/2-deficient mouse PNST, presented in the paper as a YAP/TAZ comparator model rather than an NF model (same ruling as GSE172221)","agent, from GEO + source checks",2026-10-08
GSE179043,GSM5404414,4 mo Lats1/2-def dermal2,tissue=Peripheral nerve tumor:dermal; strain=Lats1/2-def; ccGFP; age=16 weeks,excluded_not_nf_model,False,"Lats1/2-deficient mouse PNST, presented in the paper as a YAP/TAZ comparator model rather than an NF model (same ruling as GSE172221)","agent, from GEO + source checks",2026-10-08
GSE179043,GSM5404415,1.5 mo Lats1/2-def paraspinal1,tissue=Peripheral nerve tumor:paraspinal; strain=Lats1/2-def; ccGFP; age=6 weeks,excluded_not_nf_model,False,"Lats1/2-deficient mouse PNST, presented in the paper as a YAP/TAZ comparator model rather than an NF model (same ruling as GSE172221)","agent, from GEO + source checks",2026-10-08
GSE179043,GSM5404416,1.5 mo Lats1/2-def paraspinal2,tissue=Peripheral nerve tumor:paraspinal; strain=Lats1/2-def; ccGFP; age=6 weeks,excluded_not_nf_model,False,"Lats1/2-deficient mouse PNST, presented in the paper as a YAP/TAZ comparator model rather than an NF model (same ruling as GSE172221)","agent, from GEO + source checks",2026-10-08
GSE179043,GSM5404417,4 mo Lats1/2-def paraspinal1,tissue=Peripheral nerve tumor:paraspinal; strain=Lats1/2-def; ccGFP; age=16 weeks,excluded_not_nf_model,False,"Lats1/2-deficient mouse PNST, presented in the paper as a YAP/TAZ comparator model rather than an NF model (same ruling as GSE172221)","agent, from GEO + source checks",2026-10-08
GSE179043,GSM5404418,4 mo Lats1/2-def paraspinal2,tissue=Peripheral nerve tumor:paraspinal; strain=Lats1/2-def; ccGFP; age=16 weeks,excluded_not_nf_model,False,"Lats1/2-deficient mouse PNST, presented in the paper as a YAP/TAZ comparator model rather than an NF model (same ruling as GSE172221)","agent, from GEO + source checks",2026-10-08
GSE179043,GSM5404419,1.5 mo Lats1/2-def SN1,tissue=Peripheral nerve tumor:sciatic nerves; strain=Lats1/2-def; ccGFP; age=6 weeks,excluded_not_nf_model,False,"Lats1/2-deficient mouse PNST, presented in the paper as a YAP/TAZ comparator model rather than an NF model (same ruling as GSE172221)","agent, from GEO + source checks",2026-10-08
GSE179043,GSM5404420,1.5 mo Lats1/2-def SN2,tissue=Peripheral nerve tumor:sciatic nerves; strain=Lats1/2-def; ccGFP; age=6 weeks,excluded_not_nf_model,False,"Lats1/2-deficient mouse PNST, presented in the paper as a YAP/TAZ comparator model rather than an NF model (same ruling as GSE172221)","agent, from GEO + source checks",2026-10-08
GSE179043,GSM5404421,1.5 mo Lats1/2-def SN3,tissue=Peripheral nerve tumor:sciatic nerves; strain=Lats1/2-def; ccGFP; age=6 weeks,excluded_not_nf_model,False,"Lats1/2-deficient mouse PNST, presented in the paper as a YAP/TAZ comparator model rather than an NF model (same ruling as GSE172221)","agent, from GEO + source checks",2026-10-08
GSE179043,GSM5404422,4 mo Lats1/2-def SN1,tissue=Peripheral nerve tumor:sciatic nerves; strain=Lats1/2-def; ccGFP; age=16 weeks,excluded_not_nf_model,False,"Lats1/2-deficient mouse PNST, presented in the paper as a YAP/TAZ comparator model rather than an NF model (same ruling as GSE172221)","agent, from GEO + source checks",2026-10-08
GSE179043,GSM5404423,4 mo Lats1/2-def SN2,tissue=Peripheral nerve tumor:sciatic nerves; strain=Lats1/2-def; ccGFP; age=16 weeks,excluded_not_nf_model,False,"Lats1/2-deficient mouse PNST, presented in the paper as a YAP/TAZ comparator model rather than an NF model (same ruling as GSE172221)","agent, from GEO + source checks",2026-10-08
GSE179043,GSM5404424,6.5 mo Nf1-mut SN,tissue=Peripheral nerve tumor:sciatic nerves; strain=Nf1fl/fl;Dhh-Cre;ccGFP; age=28 weeks,case_mouse_deferred,False,Nf1-mut / NPE-mut mouse tumour; deferred to the mouse pass,"agent, from GEO + source checks",2026-10-08
GSE179043,GSM5404425,3 mo NPE mut SN1,tissue=Peripheral nerve tumor:sciatic nerves; strain=Nf1fl/fl;P53fl/fl;Eed fl/fl;Dhh-Cre;ccGFP; age=14 weeks,case_mouse_deferred,False,Nf1-mut / NPE-mut mouse tumour; deferred to the mouse pass,"agent, from GEO + source checks",2026-10-08
GSE179043,GSM5404426,3 mo NPE mut SN2,tissue=Peripheral nerve tumor:sciatic nerves; strain=Nf1fl/fl;P53fl/fl;Eed fl/fl;Dhh-Cre;ccGFP; age=14 weeks,case_mouse_deferred,False,Nf1-mut / NPE-mut mouse tumour; deferred to the mouse pass,"agent, from GEO + source checks",2026-10-08
GSE325204,GSM9597793,HSSCH2_R1,cell line=HSSCH2; cell type=MPNST cancer cell; genotype=PRC2 WT; treatment=No treatment,excluded_not_nf_model,False,"Cellosaurus HS-Sch-2 is classified as desmoplastic melanoma, not an NF1 MPNST line","agent, from GEO + source checks",2026-10-08
GSE325204,GSM9597794,HSSCH2_R2,cell line=HSSCH2; cell type=MPNST cancer cell; genotype=PRC2 WT; treatment=No treatment,excluded_not_nf_model,False,"Cellosaurus HS-Sch-2 is classified as desmoplastic melanoma, not an NF1 MPNST line","agent, from GEO + source checks",2026-10-08
GSE325204,GSM9597795,HSSCH2_R3,cell line=HSSCH2; cell type=MPNST cancer cell; genotype=PRC2 WT; treatment=No treatment,excluded_not_nf_model,False,"Cellosaurus HS-Sch-2 is classified as desmoplastic melanoma, not an NF1 MPNST line","agent, from GEO + source checks",2026-10-08
GSE325204,GSM9597796,STS26T_R1,cell line=STS26T; cell type=MPNST cancer cell; genotype=PRC2 WT; treatment=No treatment,excluded_not_nf_model,False,Cellosaurus STS-26T is classified as melanoma; the line is NF1-wild-type / sporadic in origin,"agent, from GEO + source checks",2026-10-08
GSE325204,GSM9597797,STS26T_R2,cell line=STS26T; cell type=MPNST cancer cell; genotype=PRC2 WT; treatment=No treatment,excluded_not_nf_model,False,Cellosaurus STS-26T is classified as melanoma; the line is NF1-wild-type / sporadic in origin,"agent, from GEO + source checks",2026-10-08
GSE325204,GSM9597798,STS26T_R3,cell line=STS26T; cell type=MPNST cancer cell; genotype=PRC2 WT; treatment=No treatment,excluded_not_nf_model,False,Cellosaurus STS-26T is classified as melanoma; the line is NF1-wild-type / sporadic in origin,"agent, from GEO + source checks",2026-10-08
GSE325204,GSM9597799,S462_R1,cell line=S462; cell type=MPNST cancer cell; genotype=PRC2 LoF; treatment=No treatment,case_cellline_deferred,False,"Cellosaurus CVCL_1708-family record: MPNST, Neurofibromatosis type 1","agent, from GEO + source checks",2026-10-08
GSE325204,GSM9597800,S462_R2,cell line=S462; cell type=MPNST cancer cell; genotype=PRC2 LoF; treatment=No treatment,case_cellline_deferred,False,"Cellosaurus CVCL_1708-family record: MPNST, Neurofibromatosis type 1","agent, from GEO + source checks",2026-10-08
GSE325204,GSM9597801,S462_R3,cell line=S462; cell type=MPNST cancer cell; genotype=PRC2 LoF; treatment=No treatment,case_cellline_deferred,False,"Cellosaurus CVCL_1708-family record: MPNST, Neurofibromatosis type 1","agent, from GEO + source checks",2026-10-08
GSE325204,GSM9597802,908TL_R1,cell line=908TL; cell type=MPNST cancer cell; genotype=PRC2 LoF; treatment=No treatment,case_cellline_deferred,False,"Cellosaurus 90-8TL: MPNST, Neurofibromatosis type 1","agent, from GEO + source checks",2026-10-08
GSE325204,GSM9597803,908TL_R2,cell line=908TL; cell type=MPNST cancer cell; genotype=PRC2 LoF; treatment=No treatment,case_cellline_deferred,False,"Cellosaurus 90-8TL: MPNST, Neurofibromatosis type 1","agent, from GEO + source checks",2026-10-08
GSE325204,GSM9597804,908TL_R3,cell line=908TL; cell type=MPNST cancer cell; genotype=PRC2 LoF; treatment=No treatment,case_cellline_deferred,False,"Cellosaurus 90-8TL: MPNST, Neurofibromatosis type 1","agent, from GEO + source checks",2026-10-08
GSE325204,GSM9597805,SNF962_R1,cell line=SNF962; cell type=MPNST cancer cell; genotype=PRC2 LoF; treatment=No treatment,case_cellline_deferred,False,"Cellosaurus sNF96.2: MPNST, Neurofibromatosis type 1","agent, from GEO + source checks",2026-10-08
GSE325204,GSM9597806,SNF962_R2,cell line=SNF962; cell type=MPNST cancer cell; genotype=PRC2 LoF; treatment=No treatment,case_cellline_deferred,False,"Cellosaurus sNF96.2: MPNST, Neurofibromatosis type 1","agent, from GEO + source checks",2026-10-08
GSE325204,GSM9597807,SNF962_R3,cell line=SNF962; cell type=MPNST cancer cell; genotype=PRC2 LoF; treatment=No treatment,case_cellline_deferred,False,"Cellosaurus sNF96.2: MPNST, Neurofibromatosis type 1","agent, from GEO + source checks",2026-10-08
GSE325204,GSM9597808,JH-2-002_R1,cell line=JH-2-002; cell type=MPNST cancer cell; genotype=PRC2 LoF; treatment=No treatment,excluded_nf_status_unstated,False,no Cellosaurus record; NF1 provenance unverified,"agent, from GEO + source checks",2026-10-08
GSE325204,GSM9597809,JH-2-002_R2,cell line=JH-2-002; cell type=MPNST cancer cell; genotype=PRC2 LoF; treatment=No treatment,excluded_nf_status_unstated,False,no Cellosaurus record; NF1 provenance unverified,"agent, from GEO + source checks",2026-10-08
GSE325204,GSM9597810,JH-2-002_R3,cell line=JH-2-002; cell type=MPNST cancer cell; genotype=PRC2 LoF; treatment=No treatment,excluded_nf_status_unstated,False,no Cellosaurus record; NF1 provenance unverified,"agent, from GEO + source checks",2026-10-08
GSE325204,GSM9597811,JH-2-079_R1,cell line=JH-2-079-c; cell type=MPNST cancer cell; genotype=PRC2 LoF; treatment=No treatment,excluded_nf_status_unstated,False,no Cellosaurus record; NF1 provenance unverified,"agent, from GEO + source checks",2026-10-08
GSE325204,GSM9597812,JH-2-079_R2,cell line=JH-2-079-c; cell type=MPNST cancer cell; genotype=PRC2 LoF; treatment=No treatment,excluded_nf_status_unstated,False,no Cellosaurus record; NF1 provenance unverified,"agent, from GEO + source checks",2026-10-08
GSE325204,GSM9597813,JH-2-079_R3,cell line=JH-2-079-c; cell type=MPNST cancer cell; genotype=PRC2 LoF; treatment=No treatment,excluded_nf_status_unstated,False,no Cellosaurus record; NF1 provenance unverified,"agent, from GEO + source checks",2026-10-08
GSE56598,GSM1365150,VestibularSchwannoma_NF2_1,cell type=Vestibular Schwannoma; tissue type=Tumor; subtype=NF2 associated,excluded_non_expression_assay,False,"Illumina 450K methylation array (GPL13534), not an expression measurement","agent, from GEO + source checks",2026-10-08
GSE56598,GSM1365151,VestibularSchwannoma_Sporadic_1,cell type=Vestibular Schwannoma; tissue type=Tumor; subtype=Sporadical,excluded_non_expression_assay,False,"Illumina 450K methylation array (GPL13534), not an expression measurement","agent, from GEO + source checks",2026-10-08
GSE56598,GSM1365152,VestibularSchwannoma_Sporadic_2,cell type=Vestibular Schwannoma; tissue type=Tumor; subtype=Sporadical,excluded_non_expression_assay,False,"Illumina 450K methylation array (GPL13534), not an expression measurement","agent, from GEO + source checks",2026-10-08
GSE56598,GSM1365153,Non-Vestibular_Schwannoma_1,cell type=Non-Vestibular Schwannoma; tissue type=Tumor; subtype=non-vestibular,excluded_non_expression_assay,False,"Illumina 450K methylation array (GPL13534), not an expression measurement","agent, from GEO + source checks",2026-10-08
GSE56598,GSM1365154,VestibularSchwannoma_Sporadic_3,cell type=Vestibular Schwannoma; tissue type=Tumor; subtype=Sporadical,excluded_non_expression_assay,False,"Illumina 450K methylation array (GPL13534), not an expression measurement","agent, from GEO + source checks",2026-10-08
GSE56598,GSM1365155,VestibularSchwannoma_Sporadic_4,cell type=Vestibular Schwannoma; tissue type=Tumor; subtype=Sporadical,excluded_non_expression_assay,False,"Illumina 450K methylation array (GPL13534), not an expression measurement","agent, from GEO + source checks",2026-10-08
GSE56598,GSM1365156,VestibularSchwannoma_Sporadic_5,cell type=Vestibular Schwannoma; tissue type=Tumor; subtype=Sporadical,excluded_non_expression_assay,False,"Illumina 450K methylation array (GPL13534), not an expression measurement","agent, from GEO + source checks",2026-10-08
GSE56598,GSM1365157,VestibularSchwannoma_Sporadic_6,cell type=Vestibular Schwannoma; tissue type=Tumor; subtype=Sporadical,excluded_non_expression_assay,False,"Illumina 450K methylation array (GPL13534), not an expression measurement","agent, from GEO + source checks",2026-10-08
GSE56598,GSM1365158,VestibularSchwannoma_NF2_2,cell type=Vestibular Schwannoma; tissue type=Tumor; subtype=NF2 associated,excluded_non_expression_assay,False,"Illumina 450K methylation array (GPL13534), not an expression measurement","agent, from GEO + source checks",2026-10-08
GSE56598,GSM1365159,VestibularSchwannoma_Sporadic_7,cell type=Vestibular Schwannoma; tissue type=Tumor; subtype=Sporadical,excluded_non_expression_assay,False,"Illumina 450K methylation array (GPL13534), not an expression measurement","agent, from GEO + source checks",2026-10-08
GSE56598,GSM1365160,VestibularSchwannoma_NF2_3,cell type=Vestibular Schwannoma; tissue type=Tumor; subtype=NF2 associated,excluded_non_expression_assay,False,"Illumina 450K methylation array (GPL13534), not an expression measurement","agent, from GEO + source checks",2026-10-08
GSE56598,GSM1365161,VestibularSchwannoma_Sporadic_8,cell type=Vestibular Schwannoma; tissue type=Tumor; subtype=Sporadical,excluded_non_expression_assay,False,"Illumina 450K methylation array (GPL13534), not an expression measurement","agent, from GEO + source checks",2026-10-08
GSE56598,GSM1365162,Non-Vestibular_Schwannoma_2,cell type=Non-Vestibular Schwannoma; tissue type=Tumor; subtype=non-vestibular,excluded_non_expression_assay,False,"Illumina 450K methylation array (GPL13534), not an expression measurement","agent, from GEO + source checks",2026-10-08
GSE56598,GSM1365163,VestibularSchwannoma_Sporadic_9,cell type=Vestibular Schwannoma; tissue type=Tumor; subtype=Sporadical,excluded_non_expression_assay,False,"Illumina 450K methylation array (GPL13534), not an expression measurement","agent, from GEO + source checks",2026-10-08
GSE56598,GSM1365164,Non-Vestibular_Schwannoma_3,cell type=Non-Vestibular Schwannoma; tissue type=Tumor; subtype=non-vestibular,excluded_non_expression_assay,False,"Illumina 450K methylation array (GPL13534), not an expression measurement","agent, from GEO + source checks",2026-10-08
GSE56598,GSM1365165,VestibularSchwannoma_Sporadic_10,cell type=Vestibular Schwannoma; tissue type=Tumor; subtype=Sporadical,excluded_non_expression_assay,False,"Illumina 450K methylation array (GPL13534), not an expression measurement","agent, from GEO + source checks",2026-10-08
GSE56598,GSM1365166,VestibularSchwannoma_Sporadic_11,cell type=Vestibular Schwannoma; tissue type=Tumor; subtype=Sporadical,excluded_non_expression_assay,False,"Illumina 450K methylation array (GPL13534), not an expression measurement","agent, from GEO + source checks",2026-10-08
GSE56598,GSM1365167,VestibularSchwannoma_Sporadic_12,cell type=Vestibular Schwannoma; tissue type=Tumor; subtype=Sporadical,excluded_non_expression_assay,False,"Illumina 450K methylation array (GPL13534), not an expression measurement","agent, from GEO + source checks",2026-10-08
GSE56598,GSM1365168,VestibularSchwannoma_Sporadic_13,cell type=Vestibular Schwannoma; tissue type=Tumor; subtype=Sporadical,excluded_non_expression_assay,False,"Illumina 450K methylation array (GPL13534), not an expression measurement","agent, from GEO + source checks",2026-10-08
GSE56598,GSM1365169,VestibularSchwannoma_Sporadic_14,cell type=Vestibular Schwannoma; tissue type=Tumor; subtype=Sporadical,excluded_non_expression_assay,False,"Illumina 450K methylation array (GPL13534), not an expression measurement","agent, from GEO + source checks",2026-10-08
GSE56598,GSM1365170,VestibularSchwannoma_Sporadic_15,cell type=Vestibular Schwannoma; tissue type=Tumor; subtype=Sporadical,excluded_non_expression_assay,False,"Illumina 450K methylation array (GPL13534), not an expression measurement","agent, from GEO + source checks",2026-10-08
GSE56598,GSM1365171,VestibularSchwannoma_Sporadic_16,cell type=Vestibular Schwannoma; tissue type=Tumor; subtype=Sporadical,excluded_non_expression_assay,False,"Illumina 450K methylation array (GPL13534), not an expression measurement","agent, from GEO + source checks",2026-10-08
GSE56598,GSM1365172,VestibularSchwannoma_Sporadic_17,cell type=Vestibular Schwannoma; tissue type=Tumor; subtype=Sporadical,excluded_non_expression_assay,False,"Illumina 450K methylation array (GPL13534), not an expression measurement","agent, from GEO + source checks",2026-10-08
GSE56598,GSM1365173,VestibularSchwannoma_Sporadic_18,cell type=Vestibular Schwannoma; tissue type=Tumor; subtype=Sporadical,excluded_non_expression_assay,False,"Illumina 450K methylation array (GPL13534), not an expression measurement","agent, from GEO + source checks",2026-10-08
GSE56598,GSM1365174,VestibularSchwannoma_Sporadic_19,cell type=Vestibular Schwannoma; tissue type=Tumor; subtype=Sporadical,excluded_non_expression_assay,False,"Illumina 450K methylation array (GPL13534), not an expression measurement","agent, from GEO + source checks",2026-10-08
GSE56598,GSM1365175,VestibularSchwannoma_Sporadic_20,cell type=Vestibular Schwannoma; tissue type=Tumor; subtype=Sporadical,excluded_non_expression_assay,False,"Illumina 450K methylation array (GPL13534), not an expression measurement","agent, from GEO + source checks",2026-10-08
GSE56598,GSM1365176,VestibularSchwannoma_Sporadic_21,cell type=Vestibular Schwannoma; tissue type=Tumor; subtype=Sporadical,excluded_non_expression_assay,False,"Illumina 450K methylation array (GPL13534), not an expression measurement","agent, from GEO + source checks",2026-10-08
GSE56598,GSM1365177,VestibularSchwannoma_Sporadic_22,cell type=Vestibular Schwannoma; tissue type=Tumor; subtype=Sporadical,excluded_non_expression_assay,False,"Illumina 450K methylation array (GPL13534), not an expression measurement","agent, from GEO + source checks",2026-10-08
GSE56598,GSM1365178,VestibularSchwannoma_Sporadic_23,cell type=Vestibular Schwannoma; tissue type=Tumor; subtype=Sporadical,excluded_non_expression_assay,False,"Illumina 450K methylation array (GPL13534), not an expression measurement","agent, from GEO + source checks",2026-10-08
GSE56598,GSM1365179,VestibularSchwannoma_Sporadic_24,cell type=Vestibular Schwannoma; tissue type=Tumor; subtype=Sporadical,excluded_non_expression_assay,False,"Illumina 450K methylation array (GPL13534), not an expression measurement","agent, from GEO + source checks",2026-10-08
GSE56598,GSM1365180,Non-Vestibular_Schwannoma_4,cell type=Non-Vestibular Schwannoma; tissue type=Tumor; subtype=non-vestibular,excluded_non_expression_assay,False,"Illumina 450K methylation array (GPL13534), not an expression measurement","agent, from GEO + source checks",2026-10-08
GSE56598,GSM1365181,VestibularSchwannoma_Sporadic_25,cell type=Vestibular Schwannoma; tissue type=Tumor; subtype=Sporadical,excluded_non_expression_assay,False,"Illumina 450K methylation array (GPL13534), not an expression measurement","agent, from GEO + source checks",2026-10-08
GSE56598,GSM1365182,VestibularSchwannoma_Sporadic_26,cell type=Vestibular Schwannoma; tissue type=Tumor; subtype=Sporadical,excluded_non_expression_assay,False,"Illumina 450K methylation array (GPL13534), not an expression measurement","agent, from GEO + source checks",2026-10-08
GSE56598,GSM1365183,VestibularSchwannoma_Sporadic_27,cell type=Vestibular Schwannoma; tissue type=Tumor; subtype=Sporadical,excluded_non_expression_assay,False,"Illumina 450K methylation array (GPL13534), not an expression measurement","agent, from GEO + source checks",2026-10-08
GSE56598,GSM1365184,VestibularSchwannoma_Sporadic_28,cell type=Vestibular Schwannoma; tissue type=Tumor; subtype=Sporadical,excluded_non_expression_assay,False,"Illumina 450K methylation array (GPL13534), not an expression measurement","agent, from GEO + source checks",2026-10-08
GSE56598,GSM1365185,VestibularSchwannoma_Sporadic_29,cell type=Vestibular Schwannoma; tissue type=Tumor; subtype=Sporadical,excluded_non_expression_assay,False,"Illumina 450K methylation array (GPL13534), not an expression measurement","agent, from GEO + source checks",2026-10-08
GSE56598,GSM1365186,VestibularSchwannoma_NF2_4,cell type=Vestibular Schwannoma; tissue type=Tumor; subtype=NF2 associated,excluded_non_expression_assay,False,"Illumina 450K methylation array (GPL13534), not an expression measurement","agent, from GEO + source checks",2026-10-08
GSE56598,GSM1365187,VestibularSchwannoma_NF2_5,cell type=Vestibular Schwannoma; tissue type=Tumor; subtype=NF2 associated,excluded_non_expression_assay,False,"Illumina 450K methylation array (GPL13534), not an expression measurement","agent, from GEO + source checks",2026-10-08
GSE56598,GSM1365188,VestibularSchwannoma_NF2_6,cell type=Vestibular Schwannoma; tissue type=Tumor; subtype=NF2 associated,excluded_non_expression_assay,False,"Illumina 450K methylation array (GPL13534), not an expression measurement","agent, from GEO + source checks",2026-10-08
GSE56598,GSM1365189,VestibularSchwannoma_Sporadic_30,cell type=Vestibular Schwannoma; tissue type=Tumor; subtype=Sporadical,excluded_non_expression_assay,False,"Illumina 450K methylation array (GPL13534), not an expression measurement","agent, from GEO + source checks",2026-10-08
GSE56598,GSM1365190,HealthyNerve_1,cell type=Healthy Nerve; tissue type=Control; subtype=Cervical nerve,excluded_non_expression_assay,False,"Illumina 450K methylation array (GPL13534), not an expression measurement","agent, from GEO + source checks",2026-10-08
GSE56598,GSM1365191,HealthyNerve_2,cell type=Healthy Nerve; tissue type=Control; subtype=Auricular nerve 1,excluded_non_expression_assay,False,"Illumina 450K methylation array (GPL13534), not an expression measurement","agent, from GEO + source checks",2026-10-08
GSE56598,GSM1365192,HealthyNerve_3,cell type=Healthy Nerve; tissue type=Control; subtype=Auricular nerve 2,excluded_non_expression_assay,False,"Illumina 450K methylation array (GPL13534), not an expression measurement","agent, from GEO + source checks",2026-10-08
GSE56598,GSM1365193,HealthyNerve_4,cell type=Healthy Nerve; tissue type=Control; subtype=Auricular nerve 3,excluded_non_expression_assay,False,"Illumina 450K methylation array (GPL13534), not an expression measurement","agent, from GEO + source checks",2026-10-08
GSE56598,GSM1365194,HealthyNerve_5,cell type=Healthy Nerve; tissue type=Control; subtype=Auricular nerve 4,excluded_non_expression_assay,False,"Illumina 450K methylation array (GPL13534), not an expression measurement","agent, from GEO + source checks",2026-10-08
GSE56598,GSM1365195,NonV1,cell type=non-vestibular Schwannoma; tissue type=Tumor; batch=2,excluded_nf_status_unstated,False,expression array (GPL10739); the NF2-associated vs sporadic subtype annotation exists only on the 450K methylation arm and sample ids do not bridge the two arms,"agent, from GEO + source checks",2026-10-08
GSE56598,GSM1365196,NonV2,cell type=non-vestibular Schwannoma; tissue type=Tumor; batch=2,excluded_nf_status_unstated,False,expression array (GPL10739); the NF2-associated vs sporadic subtype annotation exists only on the 450K methylation arm and sample ids do not bridge the two arms,"agent, from GEO + source checks",2026-10-08
GSE56598,GSM1365197,NonV3,cell type=non-vestibular Schwannoma; tissue type=Tumor; batch=2,excluded_nf_status_unstated,False,expression array (GPL10739); the NF2-associated vs sporadic subtype annotation exists only on the 450K methylation arm and sample ids do not bridge the two arms,"agent, from GEO + source checks",2026-10-08
GSE56598,GSM1365198,NonV4,cell type=non-vestibular Schwannoma; tissue type=Tumor; batch=2,excluded_nf_status_unstated,False,expression array (GPL10739); the NF2-associated vs sporadic subtype annotation exists only on the 450K methylation arm and sample ids do not bridge the two arms,"agent, from GEO + source checks",2026-10-08
GSE56598,GSM1365199,N_518,cell type=Auricular Nerve; tissue type=Control; batch=2,excluded_nf_status_unstated,False,expression array (GPL10739); the NF2-associated vs sporadic subtype annotation exists only on the 450K methylation arm and sample ids do not bridge the two arms,"agent, from GEO + source checks",2026-10-08
GSE56598,GSM1365200,N_511,cell type=Auricular Nerve; tissue type=Control; batch=2,excluded_nf_status_unstated,False,expression array (GPL10739); the NF2-associated vs sporadic subtype annotation exists only on the 450K methylation arm and sample ids do not bridge the two arms,"agent, from GEO + source checks",2026-10-08
GSE56598,GSM1365201,N_504HIP,cell type=Hipoglosal Nerve; tissue type=Control; batch=2,excluded_nf_status_unstated,False,expression array (GPL10739); the NF2-associated vs sporadic subtype annotation exists only on the 450K methylation arm and sample ids do not bridge the two arms,"agent, from GEO + source checks",2026-10-08
GSE56598,GSM1365202,N_504,cell type=Cervical Nerve; tissue type=Control; batch=2,excluded_nf_status_unstated,False,expression array (GPL10739); the NF2-associated vs sporadic subtype annotation exists only on the 450K methylation arm and sample ids do not bridge the two arms,"agent, from GEO + source checks",2026-10-08
GSE56598,GSM1365203,N_502,cell type=Cervical Nerve; tissue type=Control; batch=2,excluded_nf_status_unstated,False,expression array (GPL10739); the NF2-associated vs sporadic subtype annotation exists only on the 450K methylation arm and sample ids do not bridge the two arms,"agent, from GEO + source checks",2026-10-08
GSE56598,GSM1365204,N_483,cell type=VIII craneal nerve; tissue type=Control; batch=1,excluded_nf_status_unstated,False,expression array (GPL10739); the NF2-associated vs sporadic subtype annotation exists only on the 450K methylation arm and sample ids do not bridge the two arms,"agent, from GEO + source checks",2026-10-08
GSE56598,GSM1365205,N_434,cell type=Facial Nerve; tissue type=Control; batch=2,excluded_nf_status_unstated,False,expression array (GPL10739); the NF2-associated vs sporadic subtype annotation exists only on the 450K methylation arm and sample ids do not bridge the two arms,"agent, from GEO + source checks",2026-10-08
GSE56598,GSM1365206,N_432,cell type=Vestibular Nerve; tissue type=Control; batch=2,excluded_nf_status_unstated,False,expression array (GPL10739); the NF2-associated vs sporadic subtype annotation exists only on the 450K methylation arm and sample ids do not bridge the two arms,"agent, from GEO + source checks",2026-10-08
GSE56598,GSM1365207,N_HSC,cell type=Human Schwann Cells; tissue type=Control; batch=1,excluded_nf_status_unstated,False,expression array (GPL10739); the NF2-associated vs sporadic subtype annotation exists only on the 450K methylation arm and sample ids do not bridge the two arms,"agent, from GEO + source checks",2026-10-08
GSE56598,GSM1365208,S_510,cell type=Vestibular Schwannoma; tissue type=Tumor; batch=2,excluded_nf_status_unstated,False,expression array (GPL10739); the NF2-associated vs sporadic subtype annotation exists only on the 450K methylation arm and sample ids do not bridge the two arms,"agent, from GEO + source checks",2026-10-08
GSE56598,GSM1365209,S_509,cell type=Vestibular Schwannoma; tissue type=Tumor; batch=2,excluded_nf_status_unstated,False,expression array (GPL10739); the NF2-associated vs sporadic subtype annotation exists only on the 450K methylation arm and sample ids do not bridge the two arms,"agent, from GEO + source checks",2026-10-08
GSE56598,GSM1365210,S_507,cell type=Vestibular Schwannoma; tissue type=Tumor; batch=2,excluded_nf_status_unstated,False,expression array (GPL10739); the NF2-associated vs sporadic subtype annotation exists only on the 450K methylation arm and sample ids do not bridge the two arms,"agent, from GEO + source checks",2026-10-08
GSE56598,GSM1365211,S_506,cell type=Vestibular Schwannoma; tissue type=Tumor; batch=2,excluded_nf_status_unstated,False,expression array (GPL10739); the NF2-associated vs sporadic subtype annotation exists only on the 450K methylation arm and sample ids do not bridge the two arms,"agent, from GEO + source checks",2026-10-08
GSE56598,GSM1365212,S_505,cell type=Vestibular Schwannoma; tissue type=Tumor; batch=2,excluded_nf_status_unstated,False,expression array (GPL10739); the NF2-associated vs sporadic subtype annotation exists only on the 450K methylation arm and sample ids do not bridge the two arms,"agent, from GEO + source checks",2026-10-08
GSE56598,GSM1365213,S_491,cell type=Vestibular Schwannoma; tissue type=Tumor; batch=1,excluded_nf_status_unstated,False,expression array (GPL10739); the NF2-associated vs sporadic subtype annotation exists only on the 450K methylation arm and sample ids do not bridge the two arms,"agent, from GEO + source checks",2026-10-08
GSE56598,GSM1365214,S_490,cell type=Vestibular Schwannoma; tissue type=Tumor; batch=1,excluded_nf_status_unstated,False,expression array (GPL10739); the NF2-associated vs sporadic subtype annotation exists only on the 450K methylation arm and sample ids do not bridge the two arms,"agent, from GEO + source checks",2026-10-08
GSE56598,GSM1365215,S_488,cell type=Vestibular Schwannoma; tissue type=Tumor; batch=2,excluded_nf_status_unstated,False,expression array (GPL10739); the NF2-associated vs sporadic subtype annotation exists only on the 450K methylation arm and sample ids do not bridge the two arms,"agent, from GEO + source checks",2026-10-08
GSE56598,GSM1365216,S_486,cell type=Vestibular Schwannoma; tissue type=Tumor; batch=2,excluded_nf_status_unstated,False,expression array (GPL10739); the NF2-associated vs sporadic subtype annotation exists only on the 450K methylation arm and sample ids do not bridge the two arms,"agent, from GEO + source checks",2026-10-08
GSE56598,GSM1365217,S_482,cell type=Vestibular Schwannoma; tissue type=Tumor; batch=2,excluded_nf_status_unstated,False,expression array (GPL10739); the NF2-associated vs sporadic subtype annotation exists only on the 450K methylation arm and sample ids do not bridge the two arms,"agent, from GEO + source checks",2026-10-08
GSE56598,GSM1365218,S_474,cell type=Vestibular Schwannoma; tissue type=Tumor; batch=1,excluded_nf_status_unstated,False,expression array (GPL10739); the NF2-associated vs sporadic subtype annotation exists only on the 450K methylation arm and sample ids do not bridge the two arms,"agent, from GEO + source checks",2026-10-08
GSE56598,GSM1365219,S_473,cell type=Vestibular Schwannoma; tissue type=Tumor; batch=1,excluded_nf_status_unstated,False,expression array (GPL10739); the NF2-associated vs sporadic subtype annotation exists only on the 450K methylation arm and sample ids do not bridge the two arms,"agent, from GEO + source checks",2026-10-08
GSE56598,GSM1365220,S_471,cell type=Vestibular Schwannoma; tissue type=Tumor; batch=1,excluded_nf_status_unstated,False,expression array (GPL10739); the NF2-associated vs sporadic subtype annotation exists only on the 450K methylation arm and sample ids do not bridge the two arms,"agent, from GEO + source checks",2026-10-08
GSE56598,GSM1365221,S_467,cell type=Vestibular Schwannoma; tissue type=Tumor; batch=1,excluded_nf_status_unstated,False,expression array (GPL10739); the NF2-associated vs sporadic subtype annotation exists only on the 450K methylation arm and sample ids do not bridge the two arms,"agent, from GEO + source checks",2026-10-08
GSE56598,GSM1365222,S_458,cell type=Vestibular Schwannoma; tissue type=Tumor; batch=2,excluded_nf_status_unstated,False,expression array (GPL10739); the NF2-associated vs sporadic subtype annotation exists only on the 450K methylation arm and sample ids do not bridge the two arms,"agent, from GEO + source checks",2026-10-08
GSE56598,GSM1365223,S_450,cell type=Vestibular Schwannoma; tissue type=Tumor; batch=2,excluded_nf_status_unstated,False,expression array (GPL10739); the NF2-associated vs sporadic subtype annotation exists only on the 450K methylation arm and sample ids do not bridge the two arms,"agent, from GEO + source checks",2026-10-08
GSE56598,GSM1365224,S_449,cell type=Vestibular Schwannoma; tissue type=Tumor; batch=2,excluded_nf_status_unstated,False,expression array (GPL10739); the NF2-associated vs sporadic subtype annotation exists only on the 450K methylation arm and sample ids do not bridge the two arms,"agent, from GEO + source checks",2026-10-08
GSE56598,GSM1365225,S_447,cell type=Vestibular Schwannoma; tissue type=Tumor; batch=1,excluded_nf_status_unstated,False,expression array (GPL10739); the NF2-associated vs sporadic subtype annotation exists only on the 450K methylation arm and sample ids do not bridge the two arms,"agent, from GEO + source checks",2026-10-08
GSE56598,GSM1365226,S_444,cell type=Vestibular Schwannoma; tissue type=Tumor; batch=2,excluded_nf_status_unstated,False,expression array (GPL10739); the NF2-associated vs sporadic subtype annotation exists only on the 450K methylation arm and sample ids do not bridge the two arms,"agent, from GEO + source checks",2026-10-08
GSE56598,GSM1365227,S_437,cell type=Vestibular Schwannoma; tissue type=Tumor; batch=2,excluded_nf_status_unstated,False,expression array (GPL10739); the NF2-associated vs sporadic subtype annotation exists only on the 450K methylation arm and sample ids do not bridge the two arms,"agent, from GEO + source checks",2026-10-08
GSE56598,GSM1365228,S_422,cell type=Vestibular Schwannoma; tissue type=Tumor; batch=1,excluded_nf_status_unstated,False,expression array (GPL10739); the NF2-associated vs sporadic subtype annotation exists only on the 450K methylation arm and sample ids do not bridge the two arms,"agent, from GEO + source checks",2026-10-08
GSE56598,GSM1365229,S_417,cell type=Vestibular Schwannoma; tissue type=Tumor; batch=1,excluded_nf_status_unstated,False,expression array (GPL10739); the NF2-associated vs sporadic subtype annotation exists only on the 450K methylation arm and sample ids do not bridge the two arms,"agent, from GEO + source checks",2026-10-08
GSE56598,GSM1365230,S_407,cell type=Vestibular Schwannoma; tissue type=Tumor; batch=1,excluded_nf_status_unstated,False,expression array (GPL10739); the NF2-associated vs sporadic subtype annotation exists only on the 450K methylation arm and sample ids do not bridge the two arms,"agent, from GEO + source checks",2026-10-08
GSE56598,GSM1365231,S_399,cell type=Vestibular Schwannoma; tissue type=Tumor; batch=2,excluded_nf_status_unstated,False,expression array (GPL10739); the NF2-associated vs sporadic subtype annotation exists only on the 450K methylation arm and sample ids do not bridge the two arms,"agent, from GEO + source checks",2026-10-08
GSE56598,GSM1365232,S_374,cell type=Vestibular Schwannoma; tissue type=Tumor; batch=1,excluded_nf_status_unstated,False,expression array (GPL10739); the NF2-associated vs sporadic subtype annotation exists only on the 450K methylation arm and sample ids do not bridge the two arms,"agent, from GEO + source checks",2026-10-08
GSE56598,GSM1365233,S_373,cell type=Vestibular Schwannoma; tissue type=Tumor; batch=2,excluded_nf_status_unstated,False,expression array (GPL10739); the NF2-associated vs sporadic subtype annotation exists only on the 450K methylation arm and sample ids do not bridge the two arms,"agent, from GEO + source checks",2026-10-08
GSE56598,GSM1365234,S_371,cell type=Vestibular Schwannoma; tissue type=Tumor; batch=1,excluded_nf_status_unstated,False,expression array (GPL10739); the NF2-associated vs sporadic subtype annotation exists only on the 450K methylation arm and sample ids do not bridge the two arms,"agent, from GEO + source checks",2026-10-08
GSE56598,GSM1365235,S_369,cell type=Vestibular Schwannoma; tissue type=Tumor; batch=1,excluded_nf_status_unstated,False,expression array (GPL10739); the NF2-associated vs sporadic subtype annotation exists only on the 450K methylation arm and sample ids do not bridge the two arms,"agent, from GEO + source checks",2026-10-08
GSE56598,GSM1365236,S_354,cell type=Vestibular Schwannoma; tissue type=Tumor; batch=1,excluded_nf_status_unstated,False,expression array (GPL10739); the NF2-associated vs sporadic subtype annotation exists only on the 450K methylation arm and sample ids do not bridge the two arms,"agent, from GEO + source checks",2026-10-08
GSE56598,GSM1365237,S_352,cell type=Vestibular Schwannoma; tissue type=Tumor; batch=1,excluded_nf_status_unstated,False,expression array (GPL10739); the NF2-associated vs sporadic subtype annotation exists only on the 450K methylation arm and sample ids do not bridge the two arms,"agent, from GEO + source checks",2026-10-08
GSE56598,GSM1365238,S_350,cell type=Vestibular Schwannoma; tissue type=Tumor; batch=1,excluded_nf_status_unstated,False,expression array (GPL10739); the NF2-associated vs sporadic subtype annotation exists only on the 450K methylation arm and sample ids do not bridge the two arms,"agent, from GEO + source checks",2026-10-08
GSE5675,GSM132714,Pilocytic astrocytoma chip 7743,"=Brain tumor, WHO grade I, Pilocytic astrocytoma",excluded_nf_status_unstated,False,"no per-sample NF1 status in GEO; publication (PMID 17283119) is not openly accessible, so the NF1 subset cannot be identified","agent, from GEO + source checks",2026-10-08
GSE5675,GSM132715,Pilocytic astrocytoma chip 7744,"=Brain tumor, WHO grade I, Pilocytic astrocytoma",excluded_nf_status_unstated,False,"no per-sample NF1 status in GEO; publication (PMID 17283119) is not openly accessible, so the NF1 subset cannot be identified","agent, from GEO + source checks",2026-10-08
GSE5675,GSM132716,Pilocytic astrocytoma chip 7745,"=Brain tumor, WHO grade I, Pilocytic astrocytoma",excluded_nf_status_unstated,False,"no per-sample NF1 status in GEO; publication (PMID 17283119) is not openly accessible, so the NF1 subset cannot be identified","agent, from GEO + source checks",2026-10-08
GSE5675,GSM132717,Pilocytic astrocytoma chip 7746,"=Brain tumor, WHO grade I, Pilocytic astrocytoma",excluded_nf_status_unstated,False,"no per-sample NF1 status in GEO; publication (PMID 17283119) is not openly accessible, so the NF1 subset cannot be identified","agent, from GEO + source checks",2026-10-08
GSE5675,GSM132718,Pilocytic astrocytoma chip 7747,"=Brain tumor, WHO grade I, Pilocytic astrocytoma",excluded_nf_status_unstated,False,"no per-sample NF1 status in GEO; publication (PMID 17283119) is not openly accessible, so the NF1 subset cannot be identified","agent, from GEO + source checks",2026-10-08
GSE5675,GSM132719,Pilocytic astrocytoma chip 7748,"=Brain tumor, WHO grade I, Pilocytic astrocytoma",excluded_nf_status_unstated,False,"no per-sample NF1 status in GEO; publication (PMID 17283119) is not openly accessible, so the NF1 subset cannot be identified","agent, from GEO + source checks",2026-10-08
GSE5675,GSM132720,Pilocytic astrocytoma chip 7749,"=Brain tumor, WHO grade I, Pilocytic astrocytoma",excluded_nf_status_unstated,False,"no per-sample NF1 status in GEO; publication (PMID 17283119) is not openly accessible, so the NF1 subset cannot be identified","agent, from GEO + source checks",2026-10-08
GSE5675,GSM132722,Pilocytic astrocytoma chip 7750,"=Brain tumor, WHO grade I, Pilocytic astrocytoma",excluded_nf_status_unstated,False,"no per-sample NF1 status in GEO; publication (PMID 17283119) is not openly accessible, so the NF1 subset cannot be identified","agent, from GEO + source checks",2026-10-08
GSE5675,GSM132723,Pilocytic astrocytoma chip 7751,"=Brain tumor, WHO grade I, Pilocytic astrocytoma",excluded_nf_status_unstated,False,"no per-sample NF1 status in GEO; publication (PMID 17283119) is not openly accessible, so the NF1 subset cannot be identified","agent, from GEO + source checks",2026-10-08
GSE5675,GSM132728,Pilocytic astrocytoma chip 7752,"=Brain tumor, WHO grade I, Pilocytic astrocytoma",excluded_nf_status_unstated,False,"no per-sample NF1 status in GEO; publication (PMID 17283119) is not openly accessible, so the NF1 subset cannot be identified","agent, from GEO + source checks",2026-10-08
GSE5675,GSM132729,Pilocytic astrocytoma chip 7753,"=Brain tumor, WHO grade I, Pilocytic astrocytoma",excluded_nf_status_unstated,False,"no per-sample NF1 status in GEO; publication (PMID 17283119) is not openly accessible, so the NF1 subset cannot be identified","agent, from GEO + source checks",2026-10-08
GSE5675,GSM132730,Pilocytic astrocytoma chip 7754,"=Brain tumor, WHO grade I, Pilocytic astrocytoma",excluded_nf_status_unstated,False,"no per-sample NF1 status in GEO; publication (PMID 17283119) is not openly accessible, so the NF1 subset cannot be identified","agent, from GEO + source checks",2026-10-08
GSE5675,GSM132733,Pilocytic astrocytoma chip 7755,"=Brain tumor, WHO grade I, Pilocytic astrocytoma",excluded_nf_status_unstated,False,"no per-sample NF1 status in GEO; publication (PMID 17283119) is not openly accessible, so the NF1 subset cannot be identified","agent, from GEO + source checks",2026-10-08
GSE5675,GSM132736,Pilocytic astrocytoma chip 7756,"=Brain tumor, WHO grade I, Pilocytic astrocytoma",excluded_nf_status_unstated,False,"no per-sample NF1 status in GEO; publication (PMID 17283119) is not openly accessible, so the NF1 subset cannot be identified","agent, from GEO + source checks",2026-10-08
GSE5675,GSM132738,Pilocytic astrocytoma chip 7757,"=Brain tumor, WHO grade I, Pilocytic astrocytoma",excluded_nf_status_unstated,False,"no per-sample NF1 status in GEO; publication (PMID 17283119) is not openly accessible, so the NF1 subset cannot be identified","agent, from GEO + source checks",2026-10-08
GSE5675,GSM132741,Pilocytic astrocytoma chip 7758,"=Brain tumor, WHO grade I, Pilocytic astrocytoma",excluded_nf_status_unstated,False,"no per-sample NF1 status in GEO; publication (PMID 17283119) is not openly accessible, so the NF1 subset cannot be identified","agent, from GEO + source checks",2026-10-08
GSE5675,GSM132744,Pilocytic astrocytoma chip 7759,"=Brain tumor, WHO grade I, Pilocytic astrocytoma",excluded_nf_status_unstated,False,"no per-sample NF1 status in GEO; publication (PMID 17283119) is not openly accessible, so the NF1 subset cannot be identified","agent, from GEO + source checks",2026-10-08
GSE5675,GSM132747,Pilocytic astrocytoma chip 7760,"=Brain tumor, WHO grade I, Pilocytic astrocytoma",excluded_nf_status_unstated,False,"no per-sample NF1 status in GEO; publication (PMID 17283119) is not openly accessible, so the NF1 subset cannot be identified","agent, from GEO + source checks",2026-10-08
GSE5675,GSM132748,Pilocytic astrocytoma chip 7761,"=Brain tumor, WHO grade I, Pilocytic astrocytoma",excluded_nf_status_unstated,False,"no per-sample NF1 status in GEO; publication (PMID 17283119) is not openly accessible, so the NF1 subset cannot be identified","agent, from GEO + source checks",2026-10-08
GSE5675,GSM132750,Pilocytic astrocytoma chip 7764,"=Brain tumor, WHO grade I, Pilocytic astrocytoma",excluded_nf_status_unstated,False,"no per-sample NF1 status in GEO; publication (PMID 17283119) is not openly accessible, so the NF1 subset cannot be identified","agent, from GEO + source checks",2026-10-08
GSE5675,GSM132751,Pilocytic astrocytoma chip 7765,"=Brain tumor, WHO grade I, Pilocytic astrocytoma",excluded_nf_status_unstated,False,"no per-sample NF1 status in GEO; publication (PMID 17283119) is not openly accessible, so the NF1 subset cannot be identified","agent, from GEO + source checks",2026-10-08
GSE5675,GSM132752,Pilocytic astrocytoma chip 7766,"=Brain tumor, WHO grade I, Pilocytic astrocytoma",excluded_nf_status_unstated,False,"no per-sample NF1 status in GEO; publication (PMID 17283119) is not openly accessible, so the NF1 subset cannot be identified","agent, from GEO + source checks",2026-10-08
GSE5675,GSM132753,Pilocytic astrocytoma chip 7767,"=Brain tumor, WHO grade I, Pilocytic astrocytoma",excluded_nf_status_unstated,False,"no per-sample NF1 status in GEO; publication (PMID 17283119) is not openly accessible, so the NF1 subset cannot be identified","agent, from GEO + source checks",2026-10-08
GSE5675,GSM132754,Pilocytic astrocytoma chip 8020,"=Brain tumor, WHO grade I, Pilocytic astrocytoma",excluded_nf_status_unstated,False,"no per-sample NF1 status in GEO; publication (PMID 17283119) is not openly accessible, so the NF1 subset cannot be identified","agent, from GEO + source checks",2026-10-08
GSE5675,GSM132759,Pilocytic astrocytoma chip 8021,"=Brain tumor, WHO grade I, Pilocytic astrocytoma",excluded_nf_status_unstated,False,"no per-sample NF1 status in GEO; publication (PMID 17283119) is not openly accessible, so the NF1 subset cannot be identified","agent, from GEO + source checks",2026-10-08
GSE5675,GSM132761,Pilocytic astrocytoma chip 8022,"=Brain tumor, WHO grade I, Pilocytic astrocytoma",excluded_nf_status_unstated,False,"no per-sample NF1 status in GEO; publication (PMID 17283119) is not openly accessible, so the NF1 subset cannot be identified","agent, from GEO + source checks",2026-10-08
GSE5675,GSM132763,Pilocytic astrocytoma chip 8023,"=Brain tumor, WHO grade I, Pilocytic astrocytoma",excluded_nf_status_unstated,False,"no per-sample NF1 status in GEO; publication (PMID 17283119) is not openly accessible, so the NF1 subset cannot be identified","agent, from GEO + source checks",2026-10-08
GSE5675,GSM132765,Pilocytic astrocytoma chip 8024,"=Brain tumor, WHO grade I, Pilocytic astrocytoma",excluded_nf_status_unstated,False,"no per-sample NF1 status in GEO; publication (PMID 17283119) is not openly accessible, so the NF1 subset cannot be identified","agent, from GEO + source checks",2026-10-08
GSE5675,GSM132768,Pilocytic astrocytoma chip 8025,"=Brain tumor, WHO grade I, Pilocytic astrocytoma",excluded_nf_status_unstated,False,"no per-sample NF1 status in GEO; publication (PMID 17283119) is not openly accessible, so the NF1 subset cannot be identified","agent, from GEO + source checks",2026-10-08
GSE5675,GSM132769,Pilocytic astrocytoma chip 8026,"=Brain tumor, WHO grade I, Pilocytic astrocytoma",excluded_nf_status_unstated,False,"no per-sample NF1 status in GEO; publication (PMID 17283119) is not openly accessible, so the NF1 subset cannot be identified","agent, from GEO + source checks",2026-10-08
GSE5675,GSM132770,Pilocytic astrocytoma chip 8027,"=Brain tumor, WHO grade I, Pilocytic astrocytoma",excluded_nf_status_unstated,False,"no per-sample NF1 status in GEO; publication (PMID 17283119) is not openly accessible, so the NF1 subset cannot be identified","agent, from GEO + source checks",2026-10-08
GSE5675,GSM132771,Pilocytic astrocytoma chip 8028,"=Brain tumor, WHO grade I, Pilocytic astrocytoma",excluded_nf_status_unstated,False,"no per-sample NF1 status in GEO; publication (PMID 17283119) is not openly accessible, so the NF1 subset cannot be identified","agent, from GEO + source checks",2026-10-08
GSE5675,GSM132772,Pilocytic astrocytoma chip 8029,"=Brain tumor, WHO grade I, Pilocytic astrocytoma",excluded_nf_status_unstated,False,"no per-sample NF1 status in GEO; publication (PMID 17283119) is not openly accessible, so the NF1 subset cannot be identified","agent, from GEO + source checks",2026-10-08
GSE5675,GSM132773,Pilocytic astrocytoma chip 8030,"=Brain tumor, WHO grade I, Pilocytic astrocytoma",excluded_nf_status_unstated,False,"no per-sample NF1 status in GEO; publication (PMID 17283119) is not openly accessible, so the NF1 subset cannot be identified","agent, from GEO + source checks",2026-10-08
GSE5675,GSM132774,Pilocytic astrocytoma chip 8031,"=Brain tumor, WHO grade I, Pilocytic astrocytoma",excluded_nf_status_unstated,False,"no per-sample NF1 status in GEO; publication (PMID 17283119) is not openly accessible, so the NF1 subset cannot be identified","agent, from GEO + source checks",2026-10-08
GSE5675,GSM132775,Pilocytic astrocytoma chip 8032,"=Brain tumor, WHO grade I, Pilocytic astrocytoma",excluded_nf_status_unstated,False,"no per-sample NF1 status in GEO; publication (PMID 17283119) is not openly accessible, so the NF1 subset cannot be identified","agent, from GEO + source checks",2026-10-08
GSE5675,GSM132776,Pilocytic astrocytoma chip 8033,"=Brain tumor, WHO grade I, Pilocytic astrocytoma",excluded_nf_status_unstated,False,"no per-sample NF1 status in GEO; publication (PMID 17283119) is not openly accessible, so the NF1 subset cannot be identified","agent, from GEO + source checks",2026-10-08
GSE5675,GSM132777,Pilocytic astrocytoma chip 8034,"=Brain tumor, WHO grade I, Pilocytic astrocytoma",excluded_nf_status_unstated,False,"no per-sample NF1 status in GEO; publication (PMID 17283119) is not openly accessible, so the NF1 subset cannot be identified","agent, from GEO + source checks",2026-10-08
GSE5675,GSM132778,Pilocytic astrocytoma chip 8035,"=Brain tumor, WHO grade I, Pilocytic astrocytoma",excluded_nf_status_unstated,False,"no per-sample NF1 status in GEO; publication (PMID 17283119) is not openly accessible, so the NF1 subset cannot be identified","agent, from GEO + source checks",2026-10-08
GSE5675,GSM132779,Pilocytic astrocytoma chip 8036,"=Brain tumor, WHO grade I, Pilocytic astrocytoma",excluded_nf_status_unstated,False,"no per-sample NF1 status in GEO; publication (PMID 17283119) is not openly accessible, so the NF1 subset cannot be identified","agent, from GEO + source checks",2026-10-08
GSE5675,GSM132780,Pilocytic astrocytoma chip 8461,"=Brain tumor, WHO grade I, Pilocytic astrocytoma",excluded_nf_status_unstated,False,"no per-sample NF1 status in GEO; publication (PMID 17283119) is not openly accessible, so the NF1 subset cannot be identified","agent, from GEO + source checks",2026-10-08
GSE77205,GSM2045977,G1297 Dox OFF,cell type=murine EWS/ATF1-induced sarcoma cell line,excluded_not_nf_model,False,"clear cell sarcoma material (human tumour, cell line or EWS/ATF1 mouse model)","agent, from GEO + source checks",2026-10-08
GSE77205,GSM2045978,G1297 Dox ON 3h,cell type=murine EWS/ATF1-induced sarcoma cell line,excluded_not_nf_model,False,"clear cell sarcoma material (human tumour, cell line or EWS/ATF1 mouse model)","agent, from GEO + source checks",2026-10-08
GSE77205,GSM2045979,G1297 Dox ON 12h,cell type=murine EWS/ATF1-induced sarcoma cell line,excluded_not_nf_model,False,"clear cell sarcoma material (human tumour, cell line or EWS/ATF1 mouse model)","agent, from GEO + source checks",2026-10-08
GSE77205,GSM2045980,G1297 Dox ON 48h,cell type=murine EWS/ATF1-induced sarcoma cell line,excluded_not_nf_model,False,"clear cell sarcoma material (human tumour, cell line or EWS/ATF1 mouse model)","agent, from GEO + source checks",2026-10-08
GSE77205,GSM2045981,Sarcoma iPSC #1,cell type=G1297-derived iPSCs,excluded_not_nf_model,False,"clear cell sarcoma material (human tumour, cell line or EWS/ATF1 mouse model)","agent, from GEO + source checks",2026-10-08
GSE77205,GSM2045982,Sarcoma iPSC #3,cell type=G1297-derived iPSCs,excluded_not_nf_model,False,"clear cell sarcoma material (human tumour, cell line or EWS/ATF1 mouse model)","agent, from GEO + source checks",2026-10-08
GSE77205,GSM2045983,Sarcoma MEF Dox OFF,cell type=Sarcoma iPSCs #3-derived MEF,excluded_not_nf_model,False,"clear cell sarcoma material (human tumour, cell line or EWS/ATF1 mouse model)","agent, from GEO + source checks",2026-10-08
GSE77205,GSM2045984,Sarcoma MEF Dox ON 3h,cell type=Sarcoma iPSCs #3-derived MEF,excluded_not_nf_model,False,"clear cell sarcoma material (human tumour, cell line or EWS/ATF1 mouse model)","agent, from GEO + source checks",2026-10-08
GSE77205,GSM2045985,Sarcoma MEF Dox ON 12h,cell type=Sarcoma iPSCs #3-derived MEF,excluded_not_nf_model,False,"clear cell sarcoma material (human tumour, cell line or EWS/ATF1 mouse model)","agent, from GEO + source checks",2026-10-08
GSE77205,GSM2045986,Sarcoma MEF Dox ON 48h,cell type=Sarcoma iPSCs #3-derived MEF,excluded_not_nf_model,False,"clear cell sarcoma material (human tumour, cell line or EWS/ATF1 mouse model)","agent, from GEO + source checks",2026-10-08
GSE77205,GSM2045987,CCS 424,tissue=surgically resected human sarcoma sample,excluded_not_nf_model,False,"clear cell sarcoma material (human tumour, cell line or EWS/ATF1 mouse model)","agent, from GEO + source checks",2026-10-08
GSE77205,GSM2045988,CCS 636,tissue=surgically resected human sarcoma sample,excluded_not_nf_model,False,"clear cell sarcoma material (human tumour, cell line or EWS/ATF1 mouse model)","agent, from GEO + source checks",2026-10-08
GSE77205,GSM2045989,CCS 935,tissue=surgically resected human sarcoma sample,excluded_not_nf_model,False,"clear cell sarcoma material (human tumour, cell line or EWS/ATF1 mouse model)","agent, from GEO + source checks",2026-10-08
GSE77205,GSM2045990,CCS 956,tissue=surgically resected human sarcoma sample,excluded_not_nf_model,False,"clear cell sarcoma material (human tumour, cell line or EWS/ATF1 mouse model)","agent, from GEO + source checks",2026-10-08
GSE77205,GSM2045991,CCS 1062,tissue=surgically resected human sarcoma sample,excluded_not_nf_model,False,"clear cell sarcoma material (human tumour, cell line or EWS/ATF1 mouse model)","agent, from GEO + source checks",2026-10-08
GSE77205,GSM2045992,CCS 1139,tissue=surgically resected human sarcoma sample,excluded_not_nf_model,False,"clear cell sarcoma material (human tumour, cell line or EWS/ATF1 mouse model)","agent, from GEO + source checks",2026-10-08
GSE77205,GSM2045993,CCS 1657,tissue=surgically resected human sarcoma sample,excluded_not_nf_model,False,"clear cell sarcoma material (human tumour, cell line or EWS/ATF1 mouse model)","agent, from GEO + source checks",2026-10-08
GSE77205,GSM2045994,CCS 1666,tissue=surgically resected human sarcoma sample,excluded_not_nf_model,False,"clear cell sarcoma material (human tumour, cell line or EWS/ATF1 mouse model)","agent, from GEO + source checks",2026-10-08
GSE77205,GSM2045995,MPNST 830,sample type=NF1 patient; tissue=surgically resected human sarcoma sample,case_no_contrast_deferred,False,"human MPNST annotated 'NF1 patient'; retained in the logs, but the only comparator in the series is clear cell sarcoma","agent, from GEO + source checks",2026-10-08
GSE77205,GSM2045996,MPNST 937,sample type=NF1 patient; tissue=surgically resected human sarcoma sample,case_no_contrast_deferred,False,"human MPNST annotated 'NF1 patient'; retained in the logs, but the only comparator in the series is clear cell sarcoma","agent, from GEO + source checks",2026-10-08
GSE77205,GSM2045997,MPNST 1080,sample type=NF1 patient; tissue=surgically resected human sarcoma sample,case_no_contrast_deferred,False,"human MPNST annotated 'NF1 patient'; retained in the logs, but the only comparator in the series is clear cell sarcoma","agent, from GEO + source checks",2026-10-08
GSE77205,GSM2045998,MPNST 1082,sample type=NF1 patient; tissue=surgically resected human sarcoma sample,case_no_contrast_deferred,False,"human MPNST annotated 'NF1 patient'; retained in the logs, but the only comparator in the series is clear cell sarcoma","agent, from GEO + source checks",2026-10-08
GSE77205,GSM2045999,G1297 Dox ON 12h 1,cell line=G1297,excluded_chip,False,"ChIP-seq, not an abundance measurement","agent, from GEO + source checks",2026-10-08
GSE77205,GSM2046000,G1297 input DNA 1,cell line=G1297,excluded_chip,False,"ChIP-seq, not an abundance measurement","agent, from GEO + source checks",2026-10-08
GSE77205,GSM2046001,G1297 Dox ON 12h 2,cell line=G1297,excluded_chip,False,"ChIP-seq, not an abundance measurement","agent, from GEO + source checks",2026-10-08
GSE77205,GSM2046002,G1297 input DNA 2,cell line=G1297,excluded_chip,False,"ChIP-seq, not an abundance measurement","agent, from GEO + source checks",2026-10-08
GSE77205,GSM2046003,Sarcoma MEF Dox ON 12h,cell type=sarcoma MEF,excluded_chip,False,"ChIP-seq, not an abundance measurement","agent, from GEO + source checks",2026-10-08
GSE77205,GSM2046004,Sarcoma MEF input 12h,cell type=sarcoma MEF,excluded_chip,False,"ChIP-seq, not an abundance measurement","agent, from GEO + source checks",2026-10-08
GSE77205,GSM2759989,MP-CCS-SY siControl 48h,cell line=clear cell sarcoma cell line MP-CCS-SY; genotype/variation=control; time=48h,excluded_not_nf_model,False,"clear cell sarcoma material (human tumour, cell line or EWS/ATF1 mouse model)","agent, from GEO + source checks",2026-10-08
GSE77205,GSM2759990,MP-CCS-SY siEWS/ATF1 48h,cell line=clear cell sarcoma cell line MP-CCS-SY; genotype/variation=EWS/ATF1 KD; time=48h,excluded_not_nf_model,False,"clear cell sarcoma material (human tumour, cell line or EWS/ATF1 mouse model)","agent, from GEO + source checks",2026-10-08
GSE77205,GSM2759991,MP-CCS-SY siControl 96h,cell line=clear cell sarcoma cell line MP-CCS-SY; genotype/variation=control; time=96h,excluded_not_nf_model,False,"clear cell sarcoma material (human tumour, cell line or EWS/ATF1 mouse model)","agent, from GEO + source checks",2026-10-08
GSE77205,GSM2759992,MP-CCS-SY siEWS/ATF1 96h,cell line=clear cell sarcoma cell line MP-CCS-SY; genotype/variation=EWS/ATF1 KD; time=96h,excluded_not_nf_model,False,"clear cell sarcoma material (human tumour, cell line or EWS/ATF1 mouse model)","agent, from GEO + source checks",2026-10-08
GSE77205,GSM2760001,G1297_Ebf1KRAB_HA_48h,cell line=G1297; genotype/variation=Ebf1-KRAB-introduced; chip antibody=anti HA antibody(Monoclonal Mouse IgG 1-κ):nacalai cat# 06340-54 Lot#M4H0340,excluded_chip,False,"ChIP-seq, not an abundance measurement","agent, from GEO + source checks",2026-10-08
GSE77205,GSM2760002,G1297_NanogKRAB_HA_48h,cell line=G1297; genotype/variation=Nanog-KRAB-introduced; chip antibody=anti HA antibody(Monoclonal Mouse IgG 1-κ):nacalai cat# 06340-54 Lot#M4H0340,excluded_chip,False,"ChIP-seq, not an abundance measurement","agent, from GEO + source checks",2026-10-08
GSE77205,GSM2760003,G1297_ON_Input,cell line=G1297; chip antibody=none,excluded_chip,False,"ChIP-seq, not an abundance measurement","agent, from GEO + source checks",2026-10-08
GSE2841,GSM62248,P103 pheochromocytoma,tumor type=pheochromocytoma; genetic class=MEN2A; tumor location=adrenal,excluded_not_nf_model,False,genetic class MEN2A: sporadic or a non-NF hereditary syndrome,"agent, from GEO + source checks",2026-10-08
GSE2841,GSM62249,P107 pheochromocytoma,tumor type=pheochromocytoma; genetic class=B_SDHB; tumor location=extraadrenal,excluded_not_nf_model,False,genetic class B_SDHB: sporadic or a non-NF hereditary syndrome,"agent, from GEO + source checks",2026-10-08
GSE2841,GSM62250,P122 pheochromocytoma,tumor type=pheochromocytoma; genetic class=SPOR; tumor location=adrenal,excluded_sporadic,False,genetic class SPOR: sporadic or a non-NF hereditary syndrome,"agent, from GEO + source checks",2026-10-08
GSE2841,GSM62251,P136 pheochromocytoma,tumor type=pheochromocytoma; genetic class=B_SDHB; tumor location=extraadrenal,excluded_not_nf_model,False,genetic class B_SDHB: sporadic or a non-NF hereditary syndrome,"agent, from GEO + source checks",2026-10-08
GSE2841,GSM62252,P148 pheochromocytoma,tumor type=pheochromocytoma; genetic class=SPOR; tumor location=adrenal,excluded_sporadic,False,genetic class SPOR: sporadic or a non-NF hereditary syndrome,"agent, from GEO + source checks",2026-10-08
GSE2841,GSM62253,P155 pheochromocytoma,tumor type=pheochromocytoma; genetic class=VHL; tumor location=adrenal,excluded_not_nf_model,False,genetic class VHL: sporadic or a non-NF hereditary syndrome,"agent, from GEO + source checks",2026-10-08
GSE2841,GSM62254,P167 pheochromocytoma,tumor type=pheochromocytoma; genetic class=NF1; tumor location=adrenal,case_no_contrast_deferred,False,"pheochromocytoma assigned to the NF1 genetic class by clinical features (no NF1 sequencing performed); only 2 such samples, no NF contrast","agent, from GEO + source checks",2026-10-08
GSE2841,GSM62255,P181 pheochromocytoma,tumor type=pheochromocytoma; genetic class=SPOR; tumor location=adrenal,excluded_sporadic,False,genetic class SPOR: sporadic or a non-NF hereditary syndrome,"agent, from GEO + source checks",2026-10-08
GSE2841,GSM62256,P182 pheochromocytoma,tumor type=pheochromocytoma; genetic class=MEN2A; tumor location=adrenal,excluded_not_nf_model,False,genetic class MEN2A: sporadic or a non-NF hereditary syndrome,"agent, from GEO + source checks",2026-10-08
GSE2841,GSM62257,P188 pheochromocytoma,tumor type=pheochromocytoma; genetic class=SPOR; tumor location=adrenal,excluded_sporadic,False,genetic class SPOR: sporadic or a non-NF hereditary syndrome,"agent, from GEO + source checks",2026-10-08
GSE2841,GSM62258,P195 pheochromocytoma,tumor type=pheochromocytoma; genetic class=FP_TM; tumor location=adrenal,excluded_not_nf_model,False,genetic class FP_TM: sporadic or a non-NF hereditary syndrome,"agent, from GEO + source checks",2026-10-08
GSE2841,GSM62259,P198 pheochromocytoma,tumor type=pheochromocytoma; genetic class=MEN2A; tumor location=adrenal,excluded_not_nf_model,False,genetic class MEN2A: sporadic or a non-NF hereditary syndrome,"agent, from GEO + source checks",2026-10-08
GSE2841,GSM62260,P203 pheochromocytoma,tumor type=pheochromocytoma; genetic class=SPOR; tumor location=adrenal,excluded_sporadic,False,genetic class SPOR: sporadic or a non-NF hereditary syndrome,"agent, from GEO + source checks",2026-10-08
GSE2841,GSM62261,P54 pheochromocytoma,tumor type=pheochromocytoma; genetic class=SPOR; tumor location=adrenal,excluded_sporadic,False,genetic class SPOR: sporadic or a non-NF hereditary syndrome,"agent, from GEO + source checks",2026-10-08
GSE2841,GSM62262,P56 pheochromocytoma,tumor type=pheochromocytoma; genetic class=KIF; tumor location=adrenal,excluded_not_nf_model,False,genetic class KIF: sporadic or a non-NF hereditary syndrome,"agent, from GEO + source checks",2026-10-08
GSE2841,GSM62263,P58 pheochromocytoma,tumor type=pheochromocytoma; genetic class=B_SDHB; tumor location=extraadrenal,excluded_not_nf_model,False,genetic class B_SDHB: sporadic or a non-NF hereditary syndrome,"agent, from GEO + source checks",2026-10-08
GSE2841,GSM62264,P85 pheochromocytoma,tumor type=pheochromocytoma; genetic class=SPOR; tumor location=adrenal,excluded_sporadic,False,genetic class SPOR: sporadic or a non-NF hereditary syndrome,"agent, from GEO + source checks",2026-10-08
GSE2841,GSM62265,P92 pheochromocytoma,tumor type=pheochromocytoma; genetic class=B_SDHB; tumor location=extraadrenal,excluded_not_nf_model,False,genetic class B_SDHB: sporadic or a non-NF hereditary syndrome,"agent, from GEO + source checks",2026-10-08
GSE2841,GSM62266,P93 pheochromocytoma,tumor type=pheochromocytoma; genetic class=B_SDHB; tumor location=extraadrenal,excluded_not_nf_model,False,genetic class B_SDHB: sporadic or a non-NF hereditary syndrome,"agent, from GEO + source checks",2026-10-08
GSE2841,GSM62267,P106 pheochromocytoma,tumor type=pheochromocytoma; genetic class=MEN2A; tumor location=adrenal,excluded_not_nf_model,False,genetic class MEN2A: sporadic or a non-NF hereditary syndrome,"agent, from GEO + source checks",2026-10-08
GSE2841,GSM62268,P112 pheochromocytoma,tumor type=pheochromocytoma; genetic class=SPOR; tumor location=adrenal,excluded_sporadic,False,genetic class SPOR: sporadic or a non-NF hereditary syndrome,"agent, from GEO + source checks",2026-10-08
GSE2841,GSM62269,P128 pheochromocytoma,tumor type=pheochromocytoma; genetic class=SPOR; tumor location=adrenal,excluded_sporadic,False,genetic class SPOR: sporadic or a non-NF hereditary syndrome,"agent, from GEO + source checks",2026-10-08
GSE2841,GSM62270,P142 pheochromocytoma,tumor type=pheochromocytoma; genetic class=VHL; tumor location=adrenal,excluded_not_nf_model,False,genetic class VHL: sporadic or a non-NF hereditary syndrome,"agent, from GEO + source checks",2026-10-08
GSE2841,GSM62271,P144 pheochromocytoma,tumor type=pheochromocytoma; genetic class=SPOR; tumor location=adrenal,excluded_sporadic,False,genetic class SPOR: sporadic or a non-NF hereditary syndrome,"agent, from GEO + source checks",2026-10-08
GSE2841,GSM62272,P157 pheochromocytoma,tumor type=pheochromocytoma; genetic class=SPOR; tumor location=adrenal,excluded_sporadic,False,genetic class SPOR: sporadic or a non-NF hereditary syndrome,"agent, from GEO + source checks",2026-10-08
GSE2841,GSM62273,P166 pheochromocytoma,tumor type=pheochromocytoma; genetic class=SPOR; tumor location=adrenal,excluded_sporadic,False,genetic class SPOR: sporadic or a non-NF hereditary syndrome,"agent, from GEO + source checks",2026-10-08
GSE2841,GSM62274,P175 pheochromocytoma,tumor type=pheochromocytoma; genetic class=SPOR; tumor location=adrenal,excluded_sporadic,False,genetic class SPOR: sporadic or a non-NF hereditary syndrome,"agent, from GEO + source checks",2026-10-08
GSE2841,GSM62275,P176 pheochromocytoma,tumor type=pheochromocytoma; genetic class=SPOR; tumor location=adrenal,excluded_sporadic,False,genetic class SPOR: sporadic or a non-NF hereditary syndrome,"agent, from GEO + source checks",2026-10-08
GSE2841,GSM62276,P177 pheochromocytoma,tumor type=pheochromocytoma; genetic class=SPOR; tumor location=adrenal,excluded_sporadic,False,genetic class SPOR: sporadic or a non-NF hereditary syndrome,"agent, from GEO + source checks",2026-10-08
GSE2841,GSM62277,P178 pheochromocytoma,tumor type=pheochromocytoma; genetic class=SPOR; tumor location=adrenal,excluded_sporadic,False,genetic class SPOR: sporadic or a non-NF hereditary syndrome,"agent, from GEO + source checks",2026-10-08
GSE2841,GSM62278,P192 pheochromocytoma,tumor type=pheochromocytoma; genetic class=VHL; tumor location=adrenal,excluded_not_nf_model,False,genetic class VHL: sporadic or a non-NF hereditary syndrome,"agent, from GEO + source checks",2026-10-08
GSE2841,GSM62279,P204 pheochromocytoma,tumor type=pheochromocytoma; genetic class=SPOR; tumor location=adrenal,excluded_sporadic,False,genetic class SPOR: sporadic or a non-NF hereditary syndrome,"agent, from GEO + source checks",2026-10-08
GSE2841,GSM62280,P207 pheochromocytoma,tumor type=pheochromocytoma; genetic class=MEN2A; tumor location=adrenal,excluded_not_nf_model,False,genetic class MEN2A: sporadic or a non-NF hereditary syndrome,"agent, from GEO + source checks",2026-10-08
GSE2841,GSM62281,P215 pheochromocytoma,tumor type=pheochromocytoma; genetic class=KIF; tumor location=adrenal,excluded_not_nf_model,False,genetic class KIF: sporadic or a non-NF hereditary syndrome,"agent, from GEO + source checks",2026-10-08
GSE2841,GSM62282,P218 pheochromocytoma,tumor type=pheochromocytoma; genetic class=SPOR; tumor location=adrenal,excluded_sporadic,False,genetic class SPOR: sporadic or a non-NF hereditary syndrome,"agent, from GEO + source checks",2026-10-08
GSE2841,GSM62283,P219 pheochromocytoma,tumor type=pheochromocytoma; genetic class=SPOR; tumor location=adrenal,excluded_sporadic,False,genetic class SPOR: sporadic or a non-NF hereditary syndrome,"agent, from GEO + source checks",2026-10-08
GSE2841,GSM62284,P61 pheochromocytoma,tumor type=pheochromocytoma; genetic class=MEN2A; tumor location=adrenal,excluded_not_nf_model,False,genetic class MEN2A: sporadic or a non-NF hereditary syndrome,"agent, from GEO + source checks",2026-10-08
GSE2841,GSM62285,P101 pheochromocytoma,tumor type=pheochromocytoma; genetic class=B_SDHB; tumor location=extraadrenal,excluded_not_nf_model,False,genetic class B_SDHB: sporadic or a non-NF hereditary syndrome,"agent, from GEO + source checks",2026-10-08
GSE2841,GSM62286,P105 pheochromocytoma,tumor type=pheochromocytoma; genetic class=SPOR; tumor location=adrenal,excluded_sporadic,False,genetic class SPOR: sporadic or a non-NF hereditary syndrome,"agent, from GEO + source checks",2026-10-08
GSE2841,GSM62287,P108 pheochromocytoma,tumor type=pheochromocytoma; genetic class=SPOR; tumor location=adrenal,excluded_sporadic,False,genetic class SPOR: sporadic or a non-NF hereditary syndrome,"agent, from GEO + source checks",2026-10-08
GSE2841,GSM62288,P111 pheochromocytoma,tumor type=pheochromocytoma; genetic class=SPOR; tumor location=adrenal,excluded_sporadic,False,genetic class SPOR: sporadic or a non-NF hereditary syndrome,"agent, from GEO + source checks",2026-10-08
GSE2841,GSM62289,P115 pheochromocytoma,tumor type=pheochromocytoma; genetic class=MEN2A; tumor location=adrenal,excluded_not_nf_model,False,genetic class MEN2A: sporadic or a non-NF hereditary syndrome,"agent, from GEO + source checks",2026-10-08
GSE2841,GSM62290,P120 pheochromocytoma,tumor type=pheochromocytoma; genetic class=SPOR; tumor location=adrenal,excluded_sporadic,False,genetic class SPOR: sporadic or a non-NF hereditary syndrome,"agent, from GEO + source checks",2026-10-08
GSE2841,GSM62291,P140 pheochromocytoma,tumor type=pheochromocytoma; genetic class=D_SDHD; tumor location=extraadrenal,excluded_not_nf_model,False,genetic class D_SDHD: sporadic or a non-NF hereditary syndrome,"agent, from GEO + source checks",2026-10-08
GSE2841,GSM62292,P143 pheochromocytoma,tumor type=pheochromocytoma; genetic class=NF1; tumor location=adrenal,case_no_contrast_deferred,False,"pheochromocytoma assigned to the NF1 genetic class by clinical features (no NF1 sequencing performed); only 2 such samples, no NF contrast","agent, from GEO + source checks",2026-10-08
GSE2841,GSM62293,P146 pheochromocytoma,tumor type=pheochromocytoma; genetic class=SPOR; tumor location=adrenal,excluded_sporadic,False,genetic class SPOR: sporadic or a non-NF hereditary syndrome,"agent, from GEO + source checks",2026-10-08
GSE2841,GSM62294,P149 pheochromocytoma,tumor type=pheochromocytoma; genetic class=FP_TM; tumor location=adrenal,excluded_not_nf_model,False,genetic class FP_TM: sporadic or a non-NF hereditary syndrome,"agent, from GEO + source checks",2026-10-08
GSE2841,GSM62295,P150 pheochromocytoma,tumor type=pheochromocytoma; genetic class=SPOR; tumor location=extraadrenal,excluded_sporadic,False,genetic class SPOR: sporadic or a non-NF hereditary syndrome,"agent, from GEO + source checks",2026-10-08
GSE2841,GSM62296,P152 pheochromocytoma,tumor type=pheochromocytoma; genetic class=B_SDHB; tumor location=extraadrenal,excluded_not_nf_model,False,genetic class B_SDHB: sporadic or a non-NF hereditary syndrome,"agent, from GEO + source checks",2026-10-08
GSE2841,GSM62297,P153 pheochromocytoma,tumor type=pheochromocytoma; genetic class=VHL; tumor location=adrenal,excluded_not_nf_model,False,genetic class VHL: sporadic or a non-NF hereditary syndrome,"agent, from GEO + source checks",2026-10-08
GSE2841,GSM62298,P154 pheochromocytoma,tumor type=pheochromocytoma; genetic class=VHL; tumor location=adrenal,excluded_not_nf_model,False,genetic class VHL: sporadic or a non-NF hereditary syndrome,"agent, from GEO + source checks",2026-10-08
GSE2841,GSM62299,P156 pheochromocytoma,tumor type=pheochromocytoma; genetic class=VHL; tumor location=adrenal,excluded_not_nf_model,False,genetic class VHL: sporadic or a non-NF hereditary syndrome,"agent, from GEO + source checks",2026-10-08
GSE2841,GSM62300,P158 pheochromocytoma,tumor type=pheochromocytoma; genetic class=SPOR; tumor location=extraadrenal,excluded_sporadic,False,genetic class SPOR: sporadic or a non-NF hereditary syndrome,"agent, from GEO + source checks",2026-10-08
GSE2841,GSM62301,P16 pheochromocytoma,tumor type=pheochromocytoma; genetic class=SPOR; tumor location=adrenal,excluded_sporadic,False,genetic class SPOR: sporadic or a non-NF hereditary syndrome,"agent, from GEO + source checks",2026-10-08
GSE2841,GSM62302,P172 pheochromocytoma,tumor type=pheochromocytoma; genetic class=SPOR; tumor location=adrenal,excluded_sporadic,False,genetic class SPOR: sporadic or a non-NF hereditary syndrome,"agent, from GEO + source checks",2026-10-08
GSE2841,GSM62303,P173 pheochromocytoma,tumor type=pheochromocytoma; genetic class=SPOR; tumor location=adrenal,excluded_sporadic,False,genetic class SPOR: sporadic or a non-NF hereditary syndrome,"agent, from GEO + source checks",2026-10-08
GSE2841,GSM62304,P174 pheochromocytoma,tumor type=pheochromocytoma; genetic class=SPOR; tumor location=adrenal,excluded_sporadic,False,genetic class SPOR: sporadic or a non-NF hereditary syndrome,"agent, from GEO + source checks",2026-10-08
GSE2841,GSM62305,P196 pheochromocytoma,tumor type=pheochromocytoma; genetic class=F_other; tumor location=adrenal,excluded_not_nf_model,False,genetic class F_other: sporadic or a non-NF hereditary syndrome,"agent, from GEO + source checks",2026-10-08
GSE2841,GSM62306,P197 pheochromocytoma,tumor type=pheochromocytoma; genetic class=F_other; tumor location=adrenal,excluded_not_nf_model,False,genetic class F_other: sporadic or a non-NF hereditary syndrome,"agent, from GEO + source checks",2026-10-08
GSE2841,GSM62307,P210 pheochromocytoma,tumor type=pheochromocytoma; genetic class=MEN2A; tumor location=adrenal,excluded_not_nf_model,False,genetic class MEN2A: sporadic or a non-NF hereditary syndrome,"agent, from GEO + source checks",2026-10-08
GSE2841,GSM62308,P216 pheochromocytoma,tumor type=pheochromocytoma; genetic class=B_SDHB; tumor location=extraadrenal,excluded_not_nf_model,False,genetic class B_SDHB: sporadic or a non-NF hereditary syndrome,"agent, from GEO + source checks",2026-10-08
GSE2841,GSM62309,P220 pheochromocytoma,tumor type=pheochromocytoma; genetic class=B_SDHB; tumor location=extraadrenal,excluded_not_nf_model,False,genetic class B_SDHB: sporadic or a non-NF hereditary syndrome,"agent, from GEO + source checks",2026-10-08
GSE2841,GSM62310,P26 pheochromocytoma,tumor type=pheochromocytoma; genetic class=FP_TM; tumor location=adrenal,excluded_not_nf_model,False,genetic class FP_TM: sporadic or a non-NF hereditary syndrome,"agent, from GEO + source checks",2026-10-08
GSE2841,GSM62311,P27 pheochromocytoma,tumor type=pheochromocytoma; genetic class=FP_TM; tumor location=adrenal,excluded_not_nf_model,False,genetic class FP_TM: sporadic or a non-NF hereditary syndrome,"agent, from GEO + source checks",2026-10-08
GSE2841,GSM62312,P37 pheochromocytoma,tumor type=pheochromocytoma; genetic class=SPOR; tumor location=adrenal,excluded_sporadic,False,genetic class SPOR: sporadic or a non-NF hereditary syndrome,"agent, from GEO + source checks",2026-10-08
GSE2841,GSM62313,P55 pheochromocytoma,tumor type=pheochromocytoma; genetic class=SPOR; tumor location=adrenal,excluded_sporadic,False,genetic class SPOR: sporadic or a non-NF hereditary syndrome,"agent, from GEO + source checks",2026-10-08
GSE2841,GSM62314,P87 pheochromocytoma,tumor type=pheochromocytoma; genetic class=SPOR; tumor location=adrenal,excluded_sporadic,False,genetic class SPOR: sporadic or a non-NF hereditary syndrome,"agent, from GEO + source checks",2026-10-08
GSE2841,GSM62315,P89 pheochromocytoma,tumor type=pheochromocytoma; genetic class=B_SDHB; tumor location=extraadrenal,excluded_not_nf_model,False,genetic class B_SDHB: sporadic or a non-NF hereditary syndrome,"agent, from GEO + source checks",2026-10-08
GSE2841,GSM62316,P91 pheochromocytoma,tumor type=pheochromocytoma; genetic class=MEN2A; tumor location=adrenal,excluded_not_nf_model,False,genetic class MEN2A: sporadic or a non-NF hereditary syndrome,"agent, from GEO + source checks",2026-10-08
GSE2841,GSM62317,P29 pheochromocytoma,tumor type=pheochromocytoma; genetic class=FP_TM; tumor location=adrenal,excluded_not_nf_model,False,genetic class FP_TM: sporadic or a non-NF hereditary syndrome,"agent, from GEO + source checks",2026-10-08
GSE2841,GSM62318,P76 pheochromocytoma,tumor type=pheochromocytoma; genetic class=D_SDHD; tumor location=adrenal,excluded_not_nf_model,False,genetic class D_SDHD: sporadic or a non-NF hereditary syndrome,"agent, from GEO + source checks",2026-10-08
GSE2841,GSM62319,P209 pheochromocytoma,tumor type=pheochromocytoma; genetic class=SPOR; tumor location=adrenal,excluded_sporadic,False,genetic class SPOR: sporadic or a non-NF hereditary syndrome,"agent, from GEO + source checks",2026-10-08
GSE2841,GSM62320,P208 pheochromocytoma,tumor type=pheochromocytoma; genetic class=SPOR; tumor location=adrenal,excluded_sporadic,False,genetic class SPOR: sporadic or a non-NF hereditary syndrome,"agent, from GEO + source checks",2026-10-08
GSE2841,GSM62321,P171 pheochromocytoma,tumor type=pheochromocytoma; genetic class=FP_TM; tumor location=adrenal,excluded_not_nf_model,False,genetic class FP_TM: sporadic or a non-NF hereditary syndrome,"agent, from GEO + source checks",2026-10-08
GSE2841,GSM62322,P145 pheochromocytoma,tumor type=pheochromocytoma; genetic class=FP_TM; tumor location=adrenal,excluded_not_nf_model,False,genetic class FP_TM: sporadic or a non-NF hereditary syndrome,"agent, from GEO + source checks",2026-10-08
GSE2841,GSM62323,P205 pheochromocytoma,tissue=adrextraadrenal paragangliomanal; genetic class=MEN2A; tumor type=pheochromocytoma,excluded_not_nf_model,False,genetic class MEN2A: sporadic or a non-NF hereditary syndrome,"agent, from GEO + source checks",2026-10-08
GSE265875,GSM8229039,ASP_TFE_neo_P53_1,"tissue=Tumor; cell line=EPO P0 (Neonatal); genotype=ASPSCR1-TFE3, sgp53",excluded_not_nf_model,False,non-Nf1 EPO-GEMM sarcoma model or untyped sample,"agent, from GEO + source checks",2026-10-08
GSE265875,GSM8229040,ASP_TFE_P53_1,"tissue=Tumor; cell line=EPO P30; genotype=ASPSCR1-TFE3, sgp53",excluded_not_nf_model,False,non-Nf1 EPO-GEMM sarcoma model or untyped sample,"agent, from GEO + source checks",2026-10-08
GSE265875,GSM8229041,ASP_TFE_P53_3,"tissue=Tumor; cell line=EPO P30; genotype=ASPSCR1-TFE3, sgp53",excluded_not_nf_model,False,non-Nf1 EPO-GEMM sarcoma model or untyped sample,"agent, from GEO + source checks",2026-10-08
GSE265875,GSM8229042,ASP_TFE_P53_3_CL2D,"tissue=Cell line 2D; cell line=EPO P30; genotype=ASPSCR1-TFE3, sgp53",excluded_not_nf_model,False,non-Nf1 EPO-GEMM sarcoma model or untyped sample,"agent, from GEO + source checks",2026-10-08
GSE265875,GSM8229043,ASP_TFE_P53_4,"tissue=Tumor; cell line=EPO P30; genotype=ASPSCR1-TFE3, sgp53",excluded_not_nf_model,False,non-Nf1 EPO-GEMM sarcoma model or untyped sample,"agent, from GEO + source checks",2026-10-08
GSE265875,GSM8229044,Kras,"tissue=Tumor; cell line=EPO P30; genotype=KRASG12V, sgCrtl",excluded_not_nf_model,False,non-Nf1 EPO-GEMM sarcoma model or untyped sample,"agent, from GEO + source checks",2026-10-08
GSE265875,GSM8229045,Kras_Bcor_1,tissue=Tumor; cell line=EPO P30; genotype=KRASG12V; sgp53,excluded_not_nf_model,False,non-Nf1 EPO-GEMM sarcoma model or untyped sample,"agent, from GEO + source checks",2026-10-08
GSE265875,GSM8229046,Kras_Bcor_2,tissue=Tumor; cell line=EPO P30; genotype=KRASG12V; sgp53,excluded_not_nf_model,False,non-Nf1 EPO-GEMM sarcoma model or untyped sample,"agent, from GEO + source checks",2026-10-08
GSE265875,GSM8229047,Kras_Bcor_3,tissue=Tumor; cell line=EPO P30; genotype=KRASG12V; sgp53,excluded_not_nf_model,False,non-Nf1 EPO-GEMM sarcoma model or untyped sample,"agent, from GEO + source checks",2026-10-08
GSE265875,GSM8229048,Kras_Bcor_4,tissue=Tumor; cell line=EPO P30; genotype=KRASG12V; sgp53,excluded_not_nf_model,False,non-Nf1 EPO-GEMM sarcoma model or untyped sample,"agent, from GEO + source checks",2026-10-08
GSE265875,GSM8229049,Kras_p53_1,tissue=Tumor; cell line=EPO P30; genotype=KRASG12V; sgp53,excluded_not_nf_model,False,non-Nf1 EPO-GEMM sarcoma model or untyped sample,"agent, from GEO + source checks",2026-10-08
GSE265875,GSM8229050,Kras_p53_2,tissue=Tumor; cell line=EPO P30; genotype=KRASG12V; sgp53,excluded_not_nf_model,False,non-Nf1 EPO-GEMM sarcoma model or untyped sample,"agent, from GEO + source checks",2026-10-08
GSE265875,GSM8229051,Kras_p53_3,tissue=Tumor; cell line=EPO P30; genotype=KRASG12V; sgp53,excluded_not_nf_model,False,non-Nf1 EPO-GEMM sarcoma model or untyped sample,"agent, from GEO + source checks",2026-10-08
GSE265875,GSM8229052,Kras_p53_4,tissue=Tumor; cell line=EPO P30; genotype=KRASG12V; sgp53,excluded_not_nf_model,False,non-Nf1 EPO-GEMM sarcoma model or untyped sample,"agent, from GEO + source checks",2026-10-08
GSE265875,GSM8229053,Kras_p53_5,tissue=Tumor; cell line=EPO P30; genotype=KRASG12V; sgp53,excluded_not_nf_model,False,non-Nf1 EPO-GEMM sarcoma model or untyped sample,"agent, from GEO + source checks",2026-10-08
GSE265875,GSM8229054,Kras_p53_6,tissue=Tumor; cell line=EPO P30; genotype=KRASG12V; sgp53,excluded_not_nf_model,False,non-Nf1 EPO-GEMM sarcoma model or untyped sample,"agent, from GEO + source checks",2026-10-08
GSE265875,GSM8229055,Muscle_1,tissue=Normal muscle; cell line=no EPO; genotype=WT,excluded_not_nf_model,False,non-Nf1 EPO-GEMM sarcoma model or untyped sample,"agent, from GEO + source checks",2026-10-08
GSE265875,GSM8229056,Muscle_2,tissue=Normal muscle; cell line=no EPO; genotype=WT,excluded_not_nf_model,False,non-Nf1 EPO-GEMM sarcoma model or untyped sample,"agent, from GEO + source checks",2026-10-08
GSE265875,GSM8229057,Muscle_3,tissue=Normal muscle; cell line=no EPO; genotype=WT,excluded_not_nf_model,False,non-Nf1 EPO-GEMM sarcoma model or untyped sample,"agent, from GEO + source checks",2026-10-08
GSE265875,GSM8229058,Muscle_4,tissue=Normal muscle; cell line=no EPO; genotype=WT,excluded_not_nf_model,False,non-Nf1 EPO-GEMM sarcoma model or untyped sample,"agent, from GEO + source checks",2026-10-08
GSE265875,GSM8229059,Muscle_5,tissue=Normal muscle; cell line=no EPO; genotype=WT,excluded_not_nf_model,False,non-Nf1 EPO-GEMM sarcoma model or untyped sample,"agent, from GEO + source checks",2026-10-08
GSE265875,GSM8229060,Muscle_6,tissue=Normal muscle; cell line=no EPO; genotype=WT,excluded_not_nf_model,False,non-Nf1 EPO-GEMM sarcoma model or untyped sample,"agent, from GEO + source checks",2026-10-08
GSE265875,GSM8229061,Neo_Kras_p53_1,tissue=Tumor; cell line=EPO P0 (Neonatal); genotype=KRASG12V; sgp53,excluded_not_nf_model,False,non-Nf1 EPO-GEMM sarcoma model or untyped sample,"agent, from GEO + source checks",2026-10-08
GSE265875,GSM8229062,Neo_Kras_p53_2,tissue=Tumor; cell line=EPO P0 (Neonatal); genotype=KRASG12V; sgp53,excluded_not_nf_model,False,non-Nf1 EPO-GEMM sarcoma model or untyped sample,"agent, from GEO + source checks",2026-10-08
GSE265875,GSM8229063,Neo_Kras_p53_3,tissue=Tumor; cell line=EPO P0 (Neonatal); genotype=KRASG12V; sgp53,excluded_not_nf_model,False,non-Nf1 EPO-GEMM sarcoma model or untyped sample,"agent, from GEO + source checks",2026-10-08
GSE265875,GSM8229064,Nf1_p53_1,tissue=Tumor; cell line=EPO P30; genotype=sgNf1; sgp53,case_mouse_deferred,False,"sgNf1/sgTrp53 EPO-GEMM sarcoma (somatic CRISPR electroporation, not germline); deferred to the mouse pass","agent, from GEO + source checks",2026-10-08
GSE265875,GSM8229065,Nf1_p53_2,tissue=Tumor; cell line=EPO P30; genotype=sgNf1; sgp53,case_mouse_deferred,False,"sgNf1/sgTrp53 EPO-GEMM sarcoma (somatic CRISPR electroporation, not germline); deferred to the mouse pass","agent, from GEO + source checks",2026-10-08
GSE265875,GSM8229066,Nf1_p53_3,tissue=Tumor; cell line=EPO P30; genotype=sgNf1; sgp53,case_mouse_deferred,False,"sgNf1/sgTrp53 EPO-GEMM sarcoma (somatic CRISPR electroporation, not germline); deferred to the mouse pass","agent, from GEO + source checks",2026-10-08
GSE265875,GSM8229067,Nf1_p53_4,tissue=Tumor; cell line=EPO P30; genotype=sgNf1; sgp53,case_mouse_deferred,False,"sgNf1/sgTrp53 EPO-GEMM sarcoma (somatic CRISPR electroporation, not germline); deferred to the mouse pass","agent, from GEO + source checks",2026-10-08
GSE265875,GSM8229068,Nf1_p53_5,tissue=Tumor; cell line=EPO P30; genotype=sgNf1; sgp53,case_mouse_deferred,False,"sgNf1/sgTrp53 EPO-GEMM sarcoma (somatic CRISPR electroporation, not germline); deferred to the mouse pass","agent, from GEO + source checks",2026-10-08
GSE265875,GSM8229069,Nf1_p53_5_CL2D,tissue=Cell line 2D; cell line=EPO P30; genotype=sgNf1; sgp53,case_mouse_deferred,False,"sgNf1/sgTrp53 EPO-GEMM sarcoma (somatic CRISPR electroporation, not germline); deferred to the mouse pass","agent, from GEO + source checks",2026-10-08
GSE265875,GSM8229070,NTRK_p53_1,tissue=Tumor; cell line=EPO P30; genotype=ETV6-NTRK3; sgp53,excluded_not_nf_model,False,non-Nf1 EPO-GEMM sarcoma model or untyped sample,"agent, from GEO + source checks",2026-10-08
GSE265875,GSM8229071,NTRK_p53_1_CL_2D,tissue=Cell line 2D; cell line=EPO P30; genotype=ETV6-NTRK3; sgp53,excluded_not_nf_model,False,non-Nf1 EPO-GEMM sarcoma model or untyped sample,"agent, from GEO + source checks",2026-10-08
GSE265875,GSM8229072,NTRK_p53_2,tissue=Tumor; cell line=EPO P30; genotype=ETV6-NTRK3; sgp53,excluded_not_nf_model,False,non-Nf1 EPO-GEMM sarcoma model or untyped sample,"agent, from GEO + source checks",2026-10-08
GSE265875,GSM8229073,NTRK_p53_3,tissue=Tumor; cell line=EPO P30; genotype=ETV6-NTRK3; sgp53,excluded_not_nf_model,False,non-Nf1 EPO-GEMM sarcoma model or untyped sample,"agent, from GEO + source checks",2026-10-08
GSE265875,GSM8229074,NTRK_p53_4,tissue=Tumor; cell line=EPO P30; genotype=ETV6-NTRK3; sgp53,excluded_not_nf_model,False,non-Nf1 EPO-GEMM sarcoma model or untyped sample,"agent, from GEO + source checks",2026-10-08
GSE265875,GSM8229075,NTRK_p53_5,tissue=Tumor; cell line=EPO P30; genotype=ETV6-NTRK3; sgp53,excluded_not_nf_model,False,non-Nf1 EPO-GEMM sarcoma model or untyped sample,"agent, from GEO + source checks",2026-10-08
GSE265875,GSM8229076,NTRK_p53_6,tissue=Tumor; cell line=EPO P30; genotype=ETV6-NTRK3; sgp53,excluded_not_nf_model,False,non-Nf1 EPO-GEMM sarcoma model or untyped sample,"agent, from GEO + source checks",2026-10-08
GSE265875,GSM8229077,NTRK_p53_neo_1,tissue=Tumor; cell line=EPO P0 (Neonatal); genotype=ETV6-NTRK3; sgp53,excluded_not_nf_model,False,non-Nf1 EPO-GEMM sarcoma model or untyped sample,"agent, from GEO + source checks",2026-10-08
GSE265875,GSM8229078,NTRK_p53_neo_2,tissue=Tumor; cell line=EPO P0 (Neonatal); genotype=ETV6-NTRK3; sgp53,excluded_not_nf_model,False,non-Nf1 EPO-GEMM sarcoma model or untyped sample,"agent, from GEO + source checks",2026-10-08
GSE265875,GSM8229079,NTRK_p53_neo_3,tissue=Tumor; cell line=EPO P0 (Neonatal); genotype=ETV6-NTRK3; sgp53,excluded_not_nf_model,False,non-Nf1 EPO-GEMM sarcoma model or untyped sample,"agent, from GEO + source checks",2026-10-08
GSE265875,GSM8229080,NTRK_p53_neo_4,tissue=Tumor; cell line=EPO P0 (Neonatal); genotype=ETV6-NTRK3; sgp53,excluded_not_nf_model,False,non-Nf1 EPO-GEMM sarcoma model or untyped sample,"agent, from GEO + source checks",2026-10-08
GSE265875,GSM8229081,NTRK_p53_neo_5,tissue=Tumor; cell line=EPO P0 (Neonatal); genotype=ETV6-NTRK3; sgp53,excluded_not_nf_model,False,non-Nf1 EPO-GEMM sarcoma model or untyped sample,"agent, from GEO + source checks",2026-10-08
GSE265875,GSM8229082,NTRK_p53_neo_6,tissue=Tumor; cell line=EPO P0 (Neonatal); genotype=ETV6-NTRK3; sgp53,excluded_not_nf_model,False,non-Nf1 EPO-GEMM sarcoma model or untyped sample,"agent, from GEO + source checks",2026-10-08
GSE265875,GSM8229083,p53_1,tissue=Tumor; cell line=EPO P30; genotype=sgp53,excluded_not_nf_model,False,non-Nf1 EPO-GEMM sarcoma model or untyped sample,"agent, from GEO + source checks",2026-10-08
GSE265875,GSM8229084,p53_2,tissue=Tumor; cell line=EPO P30; genotype=sgp53,excluded_not_nf_model,False,non-Nf1 EPO-GEMM sarcoma model or untyped sample,"agent, from GEO + source checks",2026-10-08
GSE265875,GSM8229085,p53_3,tissue=Tumor; cell line=EPO P30; genotype=sgp53,excluded_not_nf_model,False,non-Nf1 EPO-GEMM sarcoma model or untyped sample,"agent, from GEO + source checks",2026-10-08
GSE265875,GSM8229086,p53_4,tissue=Tumor; cell line=EPO P30; genotype=sgp53,excluded_not_nf_model,False,non-Nf1 EPO-GEMM sarcoma model or untyped sample,"agent, from GEO + source checks",2026-10-08
GSE265875,GSM8229087,p53_5,tissue=Tumor; cell line=EPO P30; genotype=sgp53,excluded_not_nf_model,False,non-Nf1 EPO-GEMM sarcoma model or untyped sample,"agent, from GEO + source checks",2026-10-08
GSE265875,GSM8229088,Pax-Foxo_1,tissue=Tumor; cell line=EPO P30; genotype=PAX3-FOXO1,excluded_not_nf_model,False,non-Nf1 EPO-GEMM sarcoma model or untyped sample,"agent, from GEO + source checks",2026-10-08
GSE265875,GSM8229089,Pax-Foxo_1_CL3D,tissue=Cell line 3D; cell line=EPO P30; genotype=PAX3-FOXO1,excluded_not_nf_model,False,non-Nf1 EPO-GEMM sarcoma model or untyped sample,"agent, from GEO + source checks",2026-10-08
GSE265875,GSM8229090,Pax-Foxo_P53_1,tissue=Tumor; cell line=EPO P30; genotype=PAX3-FOXO1; sgp53,excluded_not_nf_model,False,non-Nf1 EPO-GEMM sarcoma model or untyped sample,"agent, from GEO + source checks",2026-10-08
GSE265875,GSM8229091,Pax-Foxo_P53_2,tissue=Tumor; cell line=EPO P30; genotype=PAX3-FOXO1; sgp53,excluded_not_nf_model,False,non-Nf1 EPO-GEMM sarcoma model or untyped sample,"agent, from GEO + source checks",2026-10-08
GSE265875,GSM8229092,Pax-Foxo_P53_3,tissue=Tumor; cell line=EPO P30; genotype=PAX3-FOXO1; sgp53,excluded_not_nf_model,False,non-Nf1 EPO-GEMM sarcoma model or untyped sample,"agent, from GEO + source checks",2026-10-08
GSE265875,GSM8229093,Pax-Foxo_P53_4,tissue=Tumor; cell line=EPO P30; genotype=PAX3-FOXO1; sgp53,excluded_not_nf_model,False,non-Nf1 EPO-GEMM sarcoma model or untyped sample,"agent, from GEO + source checks",2026-10-08
GSE265875,GSM8229094,Pax-Foxo_P53_5,tissue=Tumor; cell line=EPO P30; genotype=PAX3-FOXO1; sgp53,excluded_not_nf_model,False,non-Nf1 EPO-GEMM sarcoma model or untyped sample,"agent, from GEO + source checks",2026-10-08
GSE265875,GSM8229095,Pax-Foxo_P53_5_CL2D,tissue=Cell line 2D; cell line=EPO P30; genotype=PAX3-FOXO1; sgp53,excluded_not_nf_model,False,non-Nf1 EPO-GEMM sarcoma model or untyped sample,"agent, from GEO + source checks",2026-10-08
GSE265875,GSM8229096,Pax-Foxo_P53_CL2D,tissue=Cell line 2D; cell line=EPO P30; genotype=PAX3-FOXO1; sgp53,excluded_not_nf_model,False,non-Nf1 EPO-GEMM sarcoma model or untyped sample,"agent, from GEO + source checks",2026-10-08
GSE265875,GSM8229097,Pax-Foxo_P53_CL3D,tissue=Cell line 3D; cell line=EPO P30; genotype=PAX3-FOXO1; sgp53,excluded_not_nf_model,False,non-Nf1 EPO-GEMM sarcoma model or untyped sample,"agent, from GEO + source checks",2026-10-08
GSE265875,GSM8229098,Smarcb1_p53_1,tissue=Tumor; cell line=EPO P30; genotype=sgSmarcb1; sgp53,excluded_not_nf_model,False,non-Nf1 EPO-GEMM sarcoma model or untyped sample,"agent, from GEO + source checks",2026-10-08
GSE265875,GSM8229099,Smarcb1_p53_2,tissue=Tumor; cell line=EPO P30; genotype=sgSmarcb1; sgp53,excluded_not_nf_model,False,non-Nf1 EPO-GEMM sarcoma model or untyped sample,"agent, from GEO + source checks",2026-10-08
GSE265875,GSM8229100,Smarcb1_p53_3,tissue=Tumor; cell line=EPO P30; genotype=sgSmarcb1; sgp53,excluded_not_nf_model,False,non-Nf1 EPO-GEMM sarcoma model or untyped sample,"agent, from GEO + source checks",2026-10-08
GSE265875,GSM8229101,Smarcb1_p53_4,tissue=Tumor; cell line=EPO P30; genotype=sgSmarcb1; sgp53,excluded_not_nf_model,False,non-Nf1 EPO-GEMM sarcoma model or untyped sample,"agent, from GEO + source checks",2026-10-08
GSE265875,GSM8229102,SSX1_1,tissue=Tumor; cell line=EPO P30; genotype=SS18-SSX1,excluded_not_nf_model,False,non-Nf1 EPO-GEMM sarcoma model or untyped sample,"agent, from GEO + source checks",2026-10-08
GSE265875,GSM8229103,SSX1_neo_1,tissue=Tumor; cell line=EPO P0 (Neonatal); genotype=SS18-SSX1,excluded_not_nf_model,False,non-Nf1 EPO-GEMM sarcoma model or untyped sample,"agent, from GEO + source checks",2026-10-08
GSE265875,GSM8229104,SSX1_neo_2,tissue=Tumor; cell line=EPO P0 (Neonatal); genotype=SS18-SSX1,excluded_not_nf_model,False,non-Nf1 EPO-GEMM sarcoma model or untyped sample,"agent, from GEO + source checks",2026-10-08
GSE265875,GSM8229105,SSX1_neo_3,tissue=Tumor; cell line=EPO P0 (Neonatal); genotype=SS18-SSX1,excluded_not_nf_model,False,non-Nf1 EPO-GEMM sarcoma model or untyped sample,"agent, from GEO + source checks",2026-10-08
GSE265875,GSM8229106,SSX1_Pten_neo_1,tissue=Tumor; cell line=EPO P0 (Neonatal); genotype=SS18-SSX1; sgPten,excluded_not_nf_model,False,non-Nf1 EPO-GEMM sarcoma model or untyped sample,"agent, from GEO + source checks",2026-10-08
GSE265875,GSM8229107,SSX1_Pten_neo_2,tissue=Tumor; cell line=EPO P0 (Neonatal); genotype=SS18-SSX1; sgPten,excluded_not_nf_model,False,non-Nf1 EPO-GEMM sarcoma model or untyped sample,"agent, from GEO + source checks",2026-10-08
GSE265875,GSM8229108,SSX1_Pten_neo_3,tissue=Tumor; cell line=EPO P0 (Neonatal); genotype=SS18-SSX1; sgPten,excluded_not_nf_model,False,non-Nf1 EPO-GEMM sarcoma model or untyped sample,"agent, from GEO + source checks",2026-10-08
GSE265875,GSM8229109,SSX1_Pten_neo_4,tissue=Tumor; cell line=EPO P0 (Neonatal); genotype=SS18-SSX1; sgPten,excluded_not_nf_model,False,non-Nf1 EPO-GEMM sarcoma model or untyped sample,"agent, from GEO + source checks",2026-10-08
GSE265875,GSM8229110,SSX1_Pten_neo_5,tissue=Tumor; cell line=EPO P0 (Neonatal); genotype=SS18-SSX1; sgPten,excluded_not_nf_model,False,non-Nf1 EPO-GEMM sarcoma model or untyped sample,"agent, from GEO + source checks",2026-10-08
GSE265875,GSM8229111,SSX1_Pten_neo_5_CL2D,tissue=Cell 2D; cell line=EPO P0 (Neonatal); genotype=SS18-SSX1; sgPten,excluded_not_nf_model,False,non-Nf1 EPO-GEMM sarcoma model or untyped sample,"agent, from GEO + source checks",2026-10-08
GSE265875,GSM8229112,SSX1_Pten_neo_6,tissue=Tumor; cell line=EPO P0 (Neonatal); genotype=SS18-SSX1; sgPten,excluded_not_nf_model,False,non-Nf1 EPO-GEMM sarcoma model or untyped sample,"agent, from GEO + source checks",2026-10-08
GSE265875,GSM8229113,SSX2_Pten_1,tissue=Tumor; cell line=EPO P30; genotype=SS18-SSX1; sgPten,excluded_not_nf_model,False,non-Nf1 EPO-GEMM sarcoma model or untyped sample,"agent, from GEO + source checks",2026-10-08
GSE265875,GSM8229114,SSX2_Pten_1_CL2D,tissue=Cell 2D; cell line=EPO P30; genotype=SS18-SSX1; sgPten,excluded_not_nf_model,False,non-Nf1 EPO-GEMM sarcoma model or untyped sample,"agent, from GEO + source checks",2026-10-08
GSE265875,GSM8229115,SSX2_Pten_1_CL3D,tissue=Cell line 3D; cell line=EPO P30; genotype=SS18-SSX1; sgPten,excluded_not_nf_model,False,non-Nf1 EPO-GEMM sarcoma model or untyped sample,"agent, from GEO + source checks",2026-10-08
GSE265875,GSM8229116,SSX2_Pten_1_SamC,tissue=SAM from Single cells; cell line=EPO P30; genotype=SS18-SSX1; sgPten,excluded_not_nf_model,False,non-Nf1 EPO-GEMM sarcoma model or untyped sample,"agent, from GEO + source checks",2026-10-08
GSE265875,GSM8229117,SSX2_Pten_1_SamF,tissue=SAM from Tumor fragments; cell line=EPO P30; genotype=SS18-SSX1; sgPten,excluded_not_nf_model,False,non-Nf1 EPO-GEMM sarcoma model or untyped sample,"agent, from GEO + source checks",2026-10-08
GSE265875,GSM8229118,SSX2_Pten_2,tissue=Tumor; cell line=EPO P30; genotype=SS18-SSX1; sgPten,excluded_not_nf_model,False,non-Nf1 EPO-GEMM sarcoma model or untyped sample,"agent, from GEO + source checks",2026-10-08
GSE265875,GSM8229119,SSX2_Pten_3,tissue=Tumor; cell line=EPO P30; genotype=SS18-SSX1; sgPten,excluded_not_nf_model,False,non-Nf1 EPO-GEMM sarcoma model or untyped sample,"agent, from GEO + source checks",2026-10-08
GSE265875,GSM8230455,Kras_p53_Neo_1,gender=F; location=Thigh; type of gemm=EPO-GEMM; tissue=Primary_tumor,excluded_not_nf_model,False,non-Nf1 EPO-GEMM sarcoma model or untyped sample,"agent, from GEO + source checks",2026-10-08
GSE265875,GSM8230456,Kras_p53_Neo_2,gender=F; location=Thigh; type of gemm=EPO-GEMM; tissue=Primary_tumor,excluded_not_nf_model,False,non-Nf1 EPO-GEMM sarcoma model or untyped sample,"agent, from GEO + source checks",2026-10-08
GSE265875,GSM8230457,Kras_p53_Neo_3,gender=F; location=Thigh; type of gemm=EPO-GEMM; tissue=Primary_tumor,excluded_not_nf_model,False,non-Nf1 EPO-GEMM sarcoma model or untyped sample,"agent, from GEO + source checks",2026-10-08
GSE265875,GSM8230458,KRAS_D_p53_1N,gender=M; location=Thigh; type of gemm=EPO-GEMM; tissue=Primary_tumor,excluded_not_nf_model,False,non-Nf1 EPO-GEMM sarcoma model or untyped sample,"agent, from GEO + source checks",2026-10-08
GSE265875,GSM8230459,KRAS_D_p53_2N,gender=F; location=Thigh; type of gemm=EPO-GEMM; tissue=Primary_tumor,excluded_not_nf_model,False,non-Nf1 EPO-GEMM sarcoma model or untyped sample,"agent, from GEO + source checks",2026-10-08
GSE265875,GSM8230460,KRAS_D_p53_3N,gender=F; location=Thigh; type of gemm=EPO-GEMM; tissue=Primary_tumor,excluded_not_nf_model,False,non-Nf1 EPO-GEMM sarcoma model or untyped sample,"agent, from GEO + source checks",2026-10-08
GSE265875,GSM8230461,Kras_p53_Neo_4_groin,gender=M; location=Soft-tissue groin; type of gemm=EPO-GEMM; tissue=Primary_tumor,excluded_not_nf_model,False,non-Nf1 EPO-GEMM sarcoma model or untyped sample,"agent, from GEO + source checks",2026-10-08
GSE265875,GSM8230462,Kras_p53_Neo_5_groin,gender=M; location=Soft-tissue groin; type of gemm=EPO-GEMM; tissue=Primary_tumor,excluded_not_nf_model,False,non-Nf1 EPO-GEMM sarcoma model or untyped sample,"agent, from GEO + source checks",2026-10-08
GSE265875,GSM8230463,SS18-SSX2_Pten_2,gender=M; location=Thigh; type of gemm=EPO-GEMM; tissue=Primary_tumor,excluded_not_nf_model,False,non-Nf1 EPO-GEMM sarcoma model or untyped sample,"agent, from GEO + source checks",2026-10-08
GSE265875,GSM8230464,SS18-SSX2_Pten_3,gender=M; location=Thigh; type of gemm=EPO-GEMM; tissue=Primary_tumor,excluded_not_nf_model,False,non-Nf1 EPO-GEMM sarcoma model or untyped sample,"agent, from GEO + source checks",2026-10-08
GSE265875,GSM8230465,SS18-SSX1_1,gender=M; location=Thigh; type of gemm=EPO-GEMM; tissue=Primary_tumor,excluded_not_nf_model,False,non-Nf1 EPO-GEMM sarcoma model or untyped sample,"agent, from GEO + source checks",2026-10-08
GSE265875,GSM8230466,KRAS_Bcor_1,gender=F; location=Thigh; type of gemm=EPO-GEMM; tissue=Primary_tumor,excluded_not_nf_model,False,non-Nf1 EPO-GEMM sarcoma model or untyped sample,"agent, from GEO + source checks",2026-10-08
GSE265875,GSM8230467,KRAS_Bcor_2,gender=M; location=Thigh; type of gemm=EPO-GEMM; tissue=Primary_tumor,excluded_not_nf_model,False,non-Nf1 EPO-GEMM sarcoma model or untyped sample,"agent, from GEO + source checks",2026-10-08
GSE265875,GSM8230468,KRAS_Bcor_3,gender=M; location=Thigh; type of gemm=EPO-GEMM; tissue=Primary_tumor,excluded_not_nf_model,False,non-Nf1 EPO-GEMM sarcoma model or untyped sample,"agent, from GEO + source checks",2026-10-08
GSE265875,GSM8230469,Kras_1,gender=F; location=Thigh; type of gemm=EPO-GEMM; tissue=Primary_tumor,excluded_not_nf_model,False,non-Nf1 EPO-GEMM sarcoma model or untyped sample,"agent, from GEO + source checks",2026-10-08
GSE265875,GSM8230470,p53_1,gender=M; location=Thigh; type of gemm=EPO-GEMM; tissue=Primary_tumor,excluded_not_nf_model,False,non-Nf1 EPO-GEMM sarcoma model or untyped sample,"agent, from GEO + source checks",2026-10-08
GSE265875,GSM8230471,KRAS_p53_1,gender=M; location=Thigh; type of gemm=EPO-GEMM; tissue=Primary_tumor,excluded_not_nf_model,False,non-Nf1 EPO-GEMM sarcoma model or untyped sample,"agent, from GEO + source checks",2026-10-08
GSE265875,GSM8230472,KRAS_p53_2,gender=M; location=Thigh; type of gemm=EPO-GEMM; tissue=Primary_tumor,excluded_not_nf_model,False,non-Nf1 EPO-GEMM sarcoma model or untyped sample,"agent, from GEO + source checks",2026-10-08
GSE265875,GSM8230473,KRAS_p53_3,gender=F; location=Thigh; type of gemm=EPO-GEMM; tissue=Primary_tumor,excluded_not_nf_model,False,non-Nf1 EPO-GEMM sarcoma model or untyped sample,"agent, from GEO + source checks",2026-10-08
GSE265875,GSM8230474,Nf1_p53_1,gender=F; location=Thigh; type of gemm=EPO-GEMM; tissue=Primary_tumor,excluded_not_nf_model,False,non-Nf1 EPO-GEMM sarcoma model or untyped sample,"agent, from GEO + source checks",2026-10-08
GSE265875,GSM8230475,Nf1_p53_2,gender=M; location=Thigh; type of gemm=EPO-GEMM; tissue=Primary_tumor,excluded_not_nf_model,False,non-Nf1 EPO-GEMM sarcoma model or untyped sample,"agent, from GEO + source checks",2026-10-08
GSE265875,GSM8230476,Nf1_p53_3,gender=M; location=Thigh; type of gemm=EPO-GEMM; tissue=Primary_tumor,excluded_not_nf_model,False,non-Nf1 EPO-GEMM sarcoma model or untyped sample,"agent, from GEO + source checks",2026-10-08
GSE265875,GSM8230477,Muscle_1,gender=F; location=Thigh muscle; type of gemm=NA; tissue=Normal muscle control,excluded_not_nf_model,False,non-Nf1 EPO-GEMM sarcoma model or untyped sample,"agent, from GEO + source checks",2026-10-08
GSE265875,GSM8230478,Muscle_2,gender=F; location=Thigh muscle; type of gemm=NA; tissue=Normal muscle control,excluded_not_nf_model,False,non-Nf1 EPO-GEMM sarcoma model or untyped sample,"agent, from GEO + source checks",2026-10-08
GSE265875,GSM8230479,Muscle_3,gender=F; location=Thigh muscle; type of gemm=NA; tissue=Normal muscle control,excluded_not_nf_model,False,non-Nf1 EPO-GEMM sarcoma model or untyped sample,"agent, from GEO + source checks",2026-10-08
GSE265875,GSM8230480,Muscle_4,gender=M; location=Thigh muscle; type of gemm=NA; tissue=Normal muscle control,excluded_not_nf_model,False,non-Nf1 EPO-GEMM sarcoma model or untyped sample,"agent, from GEO + source checks",2026-10-08
GSE265875,GSM8230481,Muscle_5,gender=M; location=Thigh muscle; type of gemm=NA; tissue=Normal muscle control,excluded_not_nf_model,False,non-Nf1 EPO-GEMM sarcoma model or untyped sample,"agent, from GEO + source checks",2026-10-08
GSE265875,GSM8230482,Muscle_6,gender=M; location=Thigh muscle; type of gemm=NA; tissue=Normal muscle control,excluded_not_nf_model,False,non-Nf1 EPO-GEMM sarcoma model or untyped sample,"agent, from GEO + source checks",2026-10-08
GSE265875,GSM8230483,p53_2,gender=F; location=Thigh; type of gemm=EPO-GEMM; tissue=Primary_tumor,excluded_not_nf_model,False,non-Nf1 EPO-GEMM sarcoma model or untyped sample,"agent, from GEO + source checks",2026-10-08
GSE265875,GSM8230484,p53_3,gender=M; location=Thigh; type of gemm=EPO-GEMM; tissue=Primary_tumor,excluded_not_nf_model,False,non-Nf1 EPO-GEMM sarcoma model or untyped sample,"agent, from GEO + source checks",2026-10-08
GSE265875,GSM8230485,KRAS_Bcor_4,gender=F; location=Thigh; type of gemm=EPO-GEMM; tissue=Primary_tumor,excluded_not_nf_model,False,non-Nf1 EPO-GEMM sarcoma model or untyped sample,"agent, from GEO + source checks",2026-10-08
GSE265875,GSM8230486,Smarcb1_p53_1,gender=M; location=Thigh; type of gemm=EPO-GEMM; tissue=Primary_tumor,excluded_not_nf_model,False,non-Nf1 EPO-GEMM sarcoma model or untyped sample,"agent, from GEO + source checks",2026-10-08
GSE265875,GSM8230487,Smarcb1_p53_2,gender=M; location=Thigh; type of gemm=EPO-GEMM; tissue=Primary_tumor,excluded_not_nf_model,False,non-Nf1 EPO-GEMM sarcoma model or untyped sample,"agent, from GEO + source checks",2026-10-08
GSE265875,GSM8230488,Smarcb1_p53_3,gender=F; location=Thigh; type of gemm=EPO-GEMM; tissue=Primary_tumor,excluded_not_nf_model,False,non-Nf1 EPO-GEMM sarcoma model or untyped sample,"agent, from GEO + source checks",2026-10-08
GSE265875,GSM8230489,Nf1_p53_4,gender=F; location=Thigh; type of gemm=EPO-GEMM; tissue=Primary_tumor,excluded_not_nf_model,False,non-Nf1 EPO-GEMM sarcoma model or untyped sample,"agent, from GEO + source checks",2026-10-08
GSE265875,GSM8230490,Pax-Foxo_P53_1,gender=F; location=Thigh; type of gemm=EPO-GEMM; tissue=Primary_tumor,excluded_not_nf_model,False,non-Nf1 EPO-GEMM sarcoma model or untyped sample,"agent, from GEO + source checks",2026-10-08
GSE265875,GSM8230491,Pax-Foxo_P53_2,gender=M; location=Thigh; type of gemm=EPO-GEMM; tissue=Primary_tumor,excluded_not_nf_model,False,non-Nf1 EPO-GEMM sarcoma model or untyped sample,"agent, from GEO + source checks",2026-10-08
GSE265875,GSM8230492,NTRK_p53_2,gender=M; location=Thigh; type of gemm=EPO-GEMM; tissue=Primary_tumor,excluded_not_nf_model,False,non-Nf1 EPO-GEMM sarcoma model or untyped sample,"agent, from GEO + source checks",2026-10-08
GSE265875,GSM8230493,NTRK_p53_3,gender=F; location=Thigh; type of gemm=EPO-GEMM; tissue=Primary_tumor,excluded_not_nf_model,False,non-Nf1 EPO-GEMM sarcoma model or untyped sample,"agent, from GEO + source checks",2026-10-08
GSE265875,GSM8230494,NTRK_p53_4,gender=F; location=Thigh; type of gemm=EPO-GEMM; tissue=Primary_tumor,excluded_not_nf_model,False,non-Nf1 EPO-GEMM sarcoma model or untyped sample,"agent, from GEO + source checks",2026-10-08
GSE265875,GSM8230495,NTRK_p53_5,gender=M; location=Thigh; type of gemm=EPO-GEMM; tissue=Primary_tumor,excluded_not_nf_model,False,non-Nf1 EPO-GEMM sarcoma model or untyped sample,"agent, from GEO + source checks",2026-10-08
GSE265875,GSM8230496,NTRK_p53_6,gender=F; location=Thigh; type of gemm=EPO-GEMM; tissue=Primary_tumor,excluded_not_nf_model,False,non-Nf1 EPO-GEMM sarcoma model or untyped sample,"agent, from GEO + source checks",2026-10-08
GSE265875,GSM8230497,NTRK_p53_neo_1,gender=M; location=Thigh; type of gemm=EPO-GEMM; tissue=Primary_tumor,excluded_not_nf_model,False,non-Nf1 EPO-GEMM sarcoma model or untyped sample,"agent, from GEO + source checks",2026-10-08
GSE265875,GSM8230498,NTRK_p53_neo_2,gender=F; location=Thigh; type of gemm=EPO-GEMM; tissue=Primary_tumor,excluded_not_nf_model,False,non-Nf1 EPO-GEMM sarcoma model or untyped sample,"agent, from GEO + source checks",2026-10-08
GSE265875,GSM8230499,NTRK_p53_neo_3,gender=F; location=Thigh; type of gemm=EPO-GEMM; tissue=Primary_tumor,excluded_not_nf_model,False,non-Nf1 EPO-GEMM sarcoma model or untyped sample,"agent, from GEO + source checks",2026-10-08
GSE265875,GSM8230500,NTRK_p53_neo_4,gender=F; location=Thigh; type of gemm=EPO-GEMM; tissue=Primary_tumor,excluded_not_nf_model,False,non-Nf1 EPO-GEMM sarcoma model or untyped sample,"agent, from GEO + source checks",2026-10-08
GSE265875,GSM8230501,NTRK_p53_neo_5,gender=F; location=Thigh; type of gemm=EPO-GEMM; tissue=Primary_tumor,excluded_not_nf_model,False,non-Nf1 EPO-GEMM sarcoma model or untyped sample,"agent, from GEO + source checks",2026-10-08
GSE265875,GSM8230502,NTRK_p53_neo_6,gender=M; location=Thigh; type of gemm=EPO-GEMM; tissue=Primary_tumor,excluded_not_nf_model,False,non-Nf1 EPO-GEMM sarcoma model or untyped sample,"agent, from GEO + source checks",2026-10-08
GSE265875,GSM8230503,SS18-SSX1_Pten_neo_1,gender=F; location=Thigh; type of gemm=EPO-GEMM; tissue=Primary_tumor,excluded_not_nf_model,False,non-Nf1 EPO-GEMM sarcoma model or untyped sample,"agent, from GEO + source checks",2026-10-08
GSE265875,GSM8230504,SS18-SSX1_Pten_neo_2,gender=F; location=Thigh; type of gemm=EPO-GEMM; tissue=Primary_tumor,excluded_not_nf_model,False,non-Nf1 EPO-GEMM sarcoma model or untyped sample,"agent, from GEO + source checks",2026-10-08
GSE265875,GSM8230505,SS18-SSX1_Pten_neo_3,gender=F; location=Thigh; type of gemm=EPO-GEMM; tissue=Primary_tumor,excluded_not_nf_model,False,non-Nf1 EPO-GEMM sarcoma model or untyped sample,"agent, from GEO + source checks",2026-10-08
GSE265875,GSM8230506,SS18-SSX1_Pten_neo_4,gender=F; location=Thigh; type of gemm=EPO-GEMM; tissue=Primary_tumor,excluded_not_nf_model,False,non-Nf1 EPO-GEMM sarcoma model or untyped sample,"agent, from GEO + source checks",2026-10-08
GSE265875,GSM8230507,SS18-SSX1_Pten_neo_5,gender=M; location=Thigh; type of gemm=EPO-GEMM; tissue=Primary_tumor,excluded_not_nf_model,False,non-Nf1 EPO-GEMM sarcoma model or untyped sample,"agent, from GEO + source checks",2026-10-08
GSE265875,GSM8230508,SS18-SSX1_Pten_neo_6,gender=M; location=Thigh; type of gemm=EPO-GEMM; tissue=Primary_tumor,excluded_not_nf_model,False,non-Nf1 EPO-GEMM sarcoma model or untyped sample,"agent, from GEO + source checks",2026-10-08
GSE265875,GSM8230509,Kras_p53_6,gender=F; location=Thigh; type of gemm=EPO-GEMM; tissue=Primary_tumor,excluded_not_nf_model,False,non-Nf1 EPO-GEMM sarcoma model or untyped sample,"agent, from GEO + source checks",2026-10-08
GSE265875,GSM8230510,Pax-Foxo_P53_1_2D,gender=F; location=Thigh; type of gemm=EPO-GEMM; tissue=2D cell line,excluded_not_nf_model,False,non-Nf1 EPO-GEMM sarcoma model or untyped sample,"agent, from GEO + source checks",2026-10-08
GSE265875,GSM8230511,Pax-Foxo_P53_1_3D,gender=F; location=Thigh; type of gemm=EPO-GEMM; tissue=3D cell line,excluded_not_nf_model,False,non-Nf1 EPO-GEMM sarcoma model or untyped sample,"agent, from GEO + source checks",2026-10-08
GSE265875,GSM8230512,NTRK_p53_1,gender=M; location=Thigh; type of gemm=EPO-GEMM; tissue=Primary_tumor,excluded_not_nf_model,False,non-Nf1 EPO-GEMM sarcoma model or untyped sample,"agent, from GEO + source checks",2026-10-08
GSE265875,GSM8230513,NTRK_p53_1_SAM_cells,gender=M; location=Thigh; type of gemm=EPO-GEMM; tissue=SAM primary cells,excluded_not_nf_model,False,non-Nf1 EPO-GEMM sarcoma model or untyped sample,"agent, from GEO + source checks",2026-10-08
GSE265875,GSM8230514,NTRK_p53_1_SAM_fragments,gender=M; location=Thigh; type of gemm=EPO-GEMM; tissue=SAM primary fragments,excluded_not_nf_model,False,non-Nf1 EPO-GEMM sarcoma model or untyped sample,"agent, from GEO + source checks",2026-10-08
GSE265875,GSM8230515,NTRK_p53_1_SAM_2D,gender=M; location=Thigh; type of gemm=EPO-GEMM; tissue=SAM 2D P6,excluded_not_nf_model,False,non-Nf1 EPO-GEMM sarcoma model or untyped sample,"agent, from GEO + source checks",2026-10-08
GSE265875,GSM8230516,NTRK_p53_1_SAM_3D,gender=M; location=Thigh; type of gemm=EPO-GEMM; tissue=SAM 3D P6,excluded_not_nf_model,False,non-Nf1 EPO-GEMM sarcoma model or untyped sample,"agent, from GEO + source checks",2026-10-08
GSE265875,GSM8230517,NTRK_p53_1_2D,gender=M; location=Thigh; type of gemm=EPO-GEMM; tissue=2D cell line,excluded_not_nf_model,False,non-Nf1 EPO-GEMM sarcoma model or untyped sample,"agent, from GEO + source checks",2026-10-08
GSE265875,GSM8230518,NTRK_p53_1_3D,gender=M; location=Thigh; type of gemm=EPO-GEMM; tissue=3D cell line,excluded_not_nf_model,False,non-Nf1 EPO-GEMM sarcoma model or untyped sample,"agent, from GEO + source checks",2026-10-08
GSE265875,GSM8230519,Kras_p53_5,gender=M; location=Thigh; type of gemm=EPO-GEMM; tissue=Primary_tumor,excluded_not_nf_model,False,non-Nf1 EPO-GEMM sarcoma model or untyped sample,"agent, from GEO + source checks",2026-10-08
GSE265875,GSM8230520,Kras_p53_5_SAM_cells,gender=M; location=Thigh; type of gemm=EPO-GEMM; tissue=SAM primary cells,excluded_not_nf_model,False,non-Nf1 EPO-GEMM sarcoma model or untyped sample,"agent, from GEO + source checks",2026-10-08
GSE265875,GSM8230521,Kras_p53_5_SAM_fragments,gender=M; location=Thigh; type of gemm=EPO-GEMM; tissue=SAM primary fragments,excluded_not_nf_model,False,non-Nf1 EPO-GEMM sarcoma model or untyped sample,"agent, from GEO + source checks",2026-10-08
GSE265875,GSM8230522,Kras_p53_5_SAM_2D,gender=M; location=Thigh; type of gemm=EPO-GEMM; tissue=SAM 2D P6,excluded_not_nf_model,False,non-Nf1 EPO-GEMM sarcoma model or untyped sample,"agent, from GEO + source checks",2026-10-08
GSE265875,GSM8230523,Kras_p53_5_SAM_3D,gender=M; location=Thigh; type of gemm=EPO-GEMM; tissue=SAM 3D P6,excluded_not_nf_model,False,non-Nf1 EPO-GEMM sarcoma model or untyped sample,"agent, from GEO + source checks",2026-10-08
GSE265875,GSM8230524,Kras_p53_5_2D,gender=M; location=Thigh; type of gemm=EPO-GEMM; tissue=2D cell line,excluded_not_nf_model,False,non-Nf1 EPO-GEMM sarcoma model or untyped sample,"agent, from GEO + source checks",2026-10-08
GSE265875,GSM8230525,Kras_p53_5_3D,gender=M; location=Thigh; type of gemm=EPO-GEMM; tissue=3D cell line,excluded_not_nf_model,False,non-Nf1 EPO-GEMM sarcoma model or untyped sample,"agent, from GEO + source checks",2026-10-08
GSE265875,GSM8230526,Nf1_p53_5,gender=F; location=Thigh; type of gemm=EPO-GEMM; tissue=Primary_tumor,excluded_not_nf_model,False,non-Nf1 EPO-GEMM sarcoma model or untyped sample,"agent, from GEO + source checks",2026-10-08
GSE265875,GSM8230527,Nf1_p53_5_SAM_cells,gender=F; location=Thigh; type of gemm=EPO-GEMM; tissue=SAM primary cells,excluded_not_nf_model,False,non-Nf1 EPO-GEMM sarcoma model or untyped sample,"agent, from GEO + source checks",2026-10-08
GSE265875,GSM8230528,Nf1_p53_5_SAM_fragments,gender=F; location=Thigh; type of gemm=EPO-GEMM; tissue=SAM primary fragments,excluded_not_nf_model,False,non-Nf1 EPO-GEMM sarcoma model or untyped sample,"agent, from GEO + source checks",2026-10-08
GSE265875,GSM8230529,Nf1_p53_5_SAM_2D,gender=F; location=Thigh; type of gemm=EPO-GEMM; tissue=SAM 2D P6,excluded_not_nf_model,False,non-Nf1 EPO-GEMM sarcoma model or untyped sample,"agent, from GEO + source checks",2026-10-08
GSE265875,GSM8230530,Nf1_p53_5_SAM_3D,gender=F; location=Thigh; type of gemm=EPO-GEMM; tissue=SAM 3D P6,excluded_not_nf_model,False,non-Nf1 EPO-GEMM sarcoma model or untyped sample,"agent, from GEO + source checks",2026-10-08
GSE265875,GSM8230531,Nf1_p53_5_2D,gender=F; location=Thigh; type of gemm=EPO-GEMM; tissue=2D cell line,excluded_not_nf_model,False,non-Nf1 EPO-GEMM sarcoma model or untyped sample,"agent, from GEO + source checks",2026-10-08
GSE265875,GSM8230532,Nf1_p53_5_3D,gender=F; location=Thigh; type of gemm=EPO-GEMM; tissue=3D cell line,excluded_not_nf_model,False,non-Nf1 EPO-GEMM sarcoma model or untyped sample,"agent, from GEO + source checks",2026-10-08
GSE265875,GSM8230533,SS18-SSX2_Pten_1,gender=F; location=Thigh; type of gemm=EPO-GEMM; tissue=Primary_tumor,excluded_not_nf_model,False,non-Nf1 EPO-GEMM sarcoma model or untyped sample,"agent, from GEO + source checks",2026-10-08
GSE265875,GSM8230534,SS18-SSX2_Pten_1_SAM_cells,gender=F; location=Thigh; type of gemm=EPO-GEMM; tissue=SAM primary cells,excluded_not_nf_model,False,non-Nf1 EPO-GEMM sarcoma model or untyped sample,"agent, from GEO + source checks",2026-10-08
GSE265875,GSM8230535,SS18-SSX2_Pten_1_SAM_fragments,gender=F; location=Thigh; type of gemm=EPO-GEMM; tissue=SAM primary fragments,excluded_not_nf_model,False,non-Nf1 EPO-GEMM sarcoma model or untyped sample,"agent, from GEO + source checks",2026-10-08
GSE265875,GSM8230536,SS18-SSX2_Pten_1_2D,gender=F; location=Thigh; type of gemm=EPO-GEMM; tissue=2D cell line,excluded_not_nf_model,False,non-Nf1 EPO-GEMM sarcoma model or untyped sample,"agent, from GEO + source checks",2026-10-08
GSE265875,GSM8230537,SS18-SSX2_Pten_1_3D,gender=F; location=Thigh; type of gemm=EPO-GEMM; tissue=3D cell line,excluded_not_nf_model,False,non-Nf1 EPO-GEMM sarcoma model or untyped sample,"agent, from GEO + source checks",2026-10-08
GSE265875,GSM8230538,Pax-Foxo_1,gender=F; location=Thigh; type of gemm=EPO-GEMM; tissue=Primary_tumor,excluded_not_nf_model,False,non-Nf1 EPO-GEMM sarcoma model or untyped sample,"agent, from GEO + source checks",2026-10-08
GSE265875,GSM8230539,Pax-Foxo_1_SAM_cells,gender=F; location=Thigh; type of gemm=EPO-GEMM; tissue=SAM primary cells,excluded_not_nf_model,False,non-Nf1 EPO-GEMM sarcoma model or untyped sample,"agent, from GEO + source checks",2026-10-08
GSE265875,GSM8230540,Pax-Foxo_1_SAM_fragments,gender=F; location=Thigh; type of gemm=EPO-GEMM; tissue=SAM primary fragments,excluded_not_nf_model,False,non-Nf1 EPO-GEMM sarcoma model or untyped sample,"agent, from GEO + source checks",2026-10-08
GSE265875,GSM8230541,Pax-Foxo_1_3D,gender=F; location=Thigh; type of gemm=EPO-GEMM; tissue=3D cell line,excluded_not_nf_model,False,non-Nf1 EPO-GEMM sarcoma model or untyped sample,"agent, from GEO + source checks",2026-10-08
GSE265875,GSM8230542,NTRK_1,gender=m; location=Thigh; type of gemm=EPO-GEMM; tissue=Primary_tumor,excluded_not_nf_model,False,non-Nf1 EPO-GEMM sarcoma model or untyped sample,"agent, from GEO + source checks",2026-10-08
GSE265875,GSM8230543,SSX1_neo_1,gender=f; location=Thigh; type of gemm=EPO-GEMM; tissue=Primary_tumor,excluded_not_nf_model,False,non-Nf1 EPO-GEMM sarcoma model or untyped sample,"agent, from GEO + source checks",2026-10-08
GSE265875,GSM8230544,SSX1_neo_2,gender=f; location=Thigh; type of gemm=EPO-GEMM; tissue=Primary_tumor,excluded_not_nf_model,False,non-Nf1 EPO-GEMM sarcoma model or untyped sample,"agent, from GEO + source checks",2026-10-08
GSE265875,GSM8230545,SSX1_neo_3,gender=m; location=Thigh; type of gemm=EPO-GEMM; tissue=Primary_tumor,excluded_not_nf_model,False,non-Nf1 EPO-GEMM sarcoma model or untyped sample,"agent, from GEO + source checks",2026-10-08
GSE265875,GSM8230546,ASP_TFE_P53_1,gender=f; location=Thigh; type of gemm=EPO-GEMM; tissue=Primary_tumor,excluded_not_nf_model,False,non-Nf1 EPO-GEMM sarcoma model or untyped sample,"agent, from GEO + source checks",2026-10-08
GSE265875,GSM8230547,ASP_TFE_P53_2,gender=f; location=Thigh; type of gemm=EPO-GEMM; tissue=Primary_tumor,excluded_not_nf_model,False,non-Nf1 EPO-GEMM sarcoma model or untyped sample,"agent, from GEO + source checks",2026-10-08
GSE265875,GSM8230548,ASP_TFE_P53_3,gender=f; location=Thigh; type of gemm=EPO-GEMM; tissue=Primary_tumor,excluded_not_nf_model,False,non-Nf1 EPO-GEMM sarcoma model or untyped sample,"agent, from GEO + source checks",2026-10-08
GSE265875,GSM8230549,ASP_TFE_P53_4,gender=m; location=Thigh; type of gemm=EPO-GEMM; tissue=Primary_tumor,excluded_not_nf_model,False,non-Nf1 EPO-GEMM sarcoma model or untyped sample,"agent, from GEO + source checks",2026-10-08
GSE265875,GSM8230550,Pax-Foxo_P53_3,gender=m; location=Thigh; type of gemm=EPO-GEMM; tissue=Primary_tumor,excluded_not_nf_model,False,non-Nf1 EPO-GEMM sarcoma model or untyped sample,"agent, from GEO + source checks",2026-10-08
GSE265875,GSM8230551,Pax-Foxo_P53_4,gender=f; location=Thigh; type of gemm=EPO-GEMM; tissue=Primary_tumor,excluded_not_nf_model,False,non-Nf1 EPO-GEMM sarcoma model or untyped sample,"agent, from GEO + source checks",2026-10-08
GSE265875,GSM8230552,Pax-Foxo_P53_5,gender=m; location=Thigh; type of gemm=EPO-GEMM; tissue=Primary_tumor,excluded_not_nf_model,False,non-Nf1 EPO-GEMM sarcoma model or untyped sample,"agent, from GEO + source checks",2026-10-08
GSE265875,GSM8230553,Smarcb1_p53_4,gender=m; location=Thigh; type of gemm=EPO-GEMM; tissue=Primary_tumor,excluded_not_nf_model,False,non-Nf1 EPO-GEMM sarcoma model or untyped sample,"agent, from GEO + source checks",2026-10-08
GSE265875,GSM8230554,p53_4,gender=m; location=Thigh; type of gemm=EPO-GEMM; tissue=Primary_tumor,excluded_not_nf_model,False,non-Nf1 EPO-GEMM sarcoma model or untyped sample,"agent, from GEO + source checks",2026-10-08
GSE265875,GSM8230555,p53_5,gender=m; location=Thigh; type of gemm=EPO-GEMM; tissue=Primary_tumor,excluded_not_nf_model,False,non-Nf1 EPO-GEMM sarcoma model or untyped sample,"agent, from GEO + source checks",2026-10-08
GSE265875,GSM8230556,ASP_TFE_p53_Neo_1,gender=f; location=Thigh; type of gemm=EPO-GEMM; tissue=Primary_tumor,excluded_not_nf_model,False,non-Nf1 EPO-GEMM sarcoma model or untyped sample,"agent, from GEO + source checks",2026-10-08
GSE265875,GSM8230557,ASP_TFE_P53_3_CL2D,gender=f; location=Thigh; type of gemm=EPO-GEMM; tissue=2D cell line,excluded_not_nf_model,False,non-Nf1 EPO-GEMM sarcoma model or untyped sample,"agent, from GEO + source checks",2026-10-08
GSE265875,GSM8230558,Pax-Foxo_P53_5_CL2D,gender=m; location=Thigh; type of gemm=EPO-GEMM; tissue=2D cell line,excluded_not_nf_model,False,non-Nf1 EPO-GEMM sarcoma model or untyped sample,"agent, from GEO + source checks",2026-10-08
GSE265875,GSM8230559,2166,gender=f; location=Soft tissue; type of gemm=Conventional_GEMM; tissue=Primary_tumor,excluded_not_nf_model,False,non-Nf1 EPO-GEMM sarcoma model or untyped sample,"agent, from GEO + source checks",2026-10-08
GSE265875,GSM8230560,1929,gender=m; location=Soft tissue; type of gemm=Conventional_GEMM; tissue=Primary_tumor,excluded_not_nf_model,False,non-Nf1 EPO-GEMM sarcoma model or untyped sample,"agent, from GEO + source checks",2026-10-08
GSE265875,GSM8230561,1388,gender=m; location=Soft tissue; type of gemm=Conventional_GEMM; tissue=Primary_tumor,excluded_not_nf_model,False,non-Nf1 EPO-GEMM sarcoma model or untyped sample,"agent, from GEO + source checks",2026-10-08
GSE265875,GSM8230562,1467,gender=m; location=Soft tissue; type of gemm=Conventional_GEMM; tissue=Primary_tumor,excluded_not_nf_model,False,non-Nf1 EPO-GEMM sarcoma model or untyped sample,"agent, from GEO + source checks",2026-10-08
GSE265875,GSM8230563,3006,gender=m; location=Soft tissue; type of gemm=Conventional_GEMM; tissue=Primary_tumor,excluded_not_nf_model,False,non-Nf1 EPO-GEMM sarcoma model or untyped sample,"agent, from GEO + source checks",2026-10-08
GSE265875,GSM8230564,2604,gender=m; location=Cranial vault; type of gemm=Conventional_GEMM; tissue=Primary_tumor,excluded_not_nf_model,False,non-Nf1 EPO-GEMM sarcoma model or untyped sample,"agent, from GEO + source checks",2026-10-08
GSE265875,GSM8230565,2607,gender=f; location=Cranial vault; type of gemm=Conventional_GEMM; tissue=Primary_tumor,excluded_not_nf_model,False,non-Nf1 EPO-GEMM sarcoma model or untyped sample,"agent, from GEO + source checks",2026-10-08
GSE265875,GSM8230566,2608,gender=f; location=Cranial vault; type of gemm=Conventional_GEMM; tissue=Primary_tumor,excluded_not_nf_model,False,non-Nf1 EPO-GEMM sarcoma model or untyped sample,"agent, from GEO + source checks",2026-10-08
GSE265875,GSM8230567,2609,gender=f; location=Cranial vault; type of gemm=Conventional_GEMM; tissue=Primary_tumor,excluded_not_nf_model,False,non-Nf1 EPO-GEMM sarcoma model or untyped sample,"agent, from GEO + source checks",2026-10-08
GSE265875,GSM8230568,2602,gender=m; location=Cranial vault; type of gemm=Conventional_GEMM; tissue=Primary_tumor,excluded_not_nf_model,False,non-Nf1 EPO-GEMM sarcoma model or untyped sample,"agent, from GEO + source checks",2026-10-08
